# Resource object code (Python 3)
# Created by: object code
# Created by: The Resource Compiler for Qt version 6.8.2
# WARNING! All changes made in this file will be lost!

from qtpy import QtCore

qt_resource_data = b"\
\x00\x00\x04\xe9\
\x89\
PNG\x0d\x0a\x1a\x0a\x00\x00\x00\x0dIHDR\x00\
\x00\x00 \x00\x00\x00 \x08\x06\x00\x00\x00szz\xf4\
\x00\x00\x00\x19tEXtSoftware\
\x00Adobe ImageRead\
yq\xc9e<\x00\x00\x03fiTXtXML\
:com.adobe.xmp\x00\x00\
\x00\x00\x00<?xpacket beg\
in=\x22\xef\xbb\xbf\x22 id=\x22W5M\
0MpCehiHzreSzNTc\
zkc9d\x22?> <x:xmpm\
eta xmlns:x=\x22ado\
be:ns:meta/\x22 x:x\
mptk=\x22Adobe XMP \
Core 5.3-c011 66\
.145661, 2012/02\
/06-14:56:27    \
    \x22> <rdf:RDF \
xmlns:rdf=\x22http:\
//www.w3.org/199\
9/02/22-rdf-synt\
ax-ns#\x22> <rdf:De\
scription rdf:ab\
out=\x22\x22 xmlns:xmp\
MM=\x22http://ns.ad\
obe.com/xap/1.0/\
mm/\x22 xmlns:stRef\
=\x22http://ns.adob\
e.com/xap/1.0/sT\
ype/ResourceRef#\
\x22 xmlns:xmp=\x22htt\
p://ns.adobe.com\
/xap/1.0/\x22 xmpMM\
:OriginalDocumen\
tID=\x22xmp.did:01D\
6A41A7A32E911965\
1B58151028112\x22 x\
mpMM:DocumentID=\
\x22xmp.did:48BB202\
4327B11E99DF5A8A\
2407DEA05\x22 xmpMM\
:InstanceID=\x22xmp\
.iid:48BB2023327\
B11E99DF5A8A2407\
DEA05\x22 xmp:Creat\
orTool=\x22Adobe Ph\
otoshop CS6 (Win\
dows)\x22> <xmpMM:D\
erivedFrom stRef\
:instanceID=\x22xmp\
.iid:01D6A41A7A3\
2E9119651B581510\
28112\x22 stRef:doc\
umentID=\x22xmp.did\
:01D6A41A7A32E91\
19651B5815102811\
2\x22/> </rdf:Descr\
iption> </rdf:RD\
F> </x:xmpmeta> \
<?xpacket end=\x22r\
\x22?>\xbc0\xb8\xdd\x00\x00\x01\x19IDATx\
\xda\xe4W\xc1\x0d\xc20\x0cL+\xfe\x94\x09\xe8\x06d\
\x03\x18\x81\x112BGa\x84\x8eP6\x08\x1b\xc0\x06\
0\x01a\x82\xe0H\xa9d\x22P\x15\xc7u\x1fX:\
)y\xa4\xb1\xcfg\xbb\xa9\xbc\xf7jI\xab\xd5\xc2\xb6\
\x9a\xe1\x9b\x1d\xa0\x89k\x1b\xf1\xdbB\x0a\x18\xa1\xfd\xa7\
\xf5Sg\xea\x19\xa2\xc7\xd6O\x1d\xa8\x98E\xe8\x00\xeb\
\xb8~\x00ZI\x11\x1aty\xb0\x93t\x15\x98d?\
H:\x10\xa8\xde\xa3\xfd\x19p\x97t\xc0\xe4\x8a\x8f[\
\x84!\xdam\x5c\xbfP\x1f\x10a\xe0\x88.\xcf\x8a\x9e\
\xd3\x01\x95\xab~\xae\x14\x04\xaa\x9fh\x7f\x03hI\x06\
LI\xf4\x1c\x0c\x5c\x01;$\xbe6vC\x11\x064\
\xba|l<.\xf7#%\x0et\xa5\xf4\x97\xa6 {\
\xf0p2@\x1a<\x9c\x0c\xd8\xa4\xf7o(\xf9\xa72\
\xf0m\xf08*\x035C\xed\xf7%uLI\x01\x1e\
<d\xf1Q\x19H\x07\xcf\xa0\x0a\x8d\xe2\x80\xe2P?\
%\x05\xe9\xe0\xb9\x00\x0e\x92\x0c\xb0\x8a\x8f\xc2@:x\
\x1a\x0e\x07r\x9ef\x16\xd5\xbb\xe5\xfa\x95\xae\xfe\xfeu\
\xfc\x16`\x00\xe2\xf4\xae\xdf\xbe\xd3-q\x00\x00\x00\x00\
IEND\xaeB`\x82\
\x00\x00\x03\xc6\
\x89\
PNG\x0d\x0a\x1a\x0a\x00\x00\x00\x0dIHDR\x00\
\x00\x00 \x00\x00\x00 \x08\x03\x00\x00\x00D\xa4\x8a\xc6\
\x00\x00\x00\x01sRGB\x01\xd9\xc9,\x7f\x00\x00\x00\
\x09pHYs\x00\x00\x0b\x13\x00\x00\x0b\x13\x01\x00\x9a\
\x9c\x18\x00\x00\x02PiTXtXML:co\
m.adobe.xmp\x00\x00\x00\x00\x00\
<?xpacket begin=\
\x22\xef\xbb\xbf\x22 id=\x22W5M0Mp\
CehiHzreSzNTczkc\
9d\x22?>\x0a<x:xmpmeta\
 xmlns:x=\x22adobe:\
ns:meta/\x22 x:xmpt\
k=\x22Adobe XMP Cor\
e 5.6-c145 79.16\
3499, 2018/08/13\
-16:40:22\x22>\x0a<rdf\
:RDF xmlns:rdf=\x22\
http://www.w3.or\
g/1999/02/22-rdf\
-syntax-ns#\x22>\x0a<r\
df:Description r\
df:about=\x22\x22 xmln\
s:xmp=\x22http://ns\
.adobe.com/xap/1\
.0/\x22 xmlns:dc=\x22h\
ttp://purl.org/d\
c/elements/1.1/\x22\
 xmlns:xmpMM=\x22ht\
tp://ns.adobe.co\
m/xap/1.0/mm/\x22 x\
mlns:stEvt=\x22http\
://ns.adobe.com/\
xap/1.0/sType/Re\
sourceEvent#\x22 xm\
lns:stRef=\x22http:\
//ns.adobe.com/x\
ap/1.0/sType/Res\
ourceRef#\x22>\x0a</rd\
f:Description>\x0a<\
/rdf:RDF>\x0a</x:xm\
pmeta>\x0a<?xpacket\
 end=\x22w\x22?>\x08\xecKj\x00\x00\
\x00WPLTE\x00\x00\x00\xff\xff\xff\xff\xff\xff\xff\
\xff\xff\xff\xff\xff\xff\xff\xff\xff\xff\xff\xff\xff\xff\xff\xff\
\xff\xff\xff\xff\xff\xff\xff\xff\xff\xff\xff\xff\xff\xff\xff\xff\
\xff\xff\xff\xff\xff\xff\xff\xff\xff\xff\xff\xff\xff\xff\xff\xff\
\xff\xff\xff\xff\xff\xff\xff\xff\xff\xff\xff\xff\xff\xff\xff\xff\
\xff\xff\xff\xff\xff\xff\xff\xff\xff\xff\xff\xff\xff\x8eF\x0e\
\xe8\x00\x00\x00\x1dtRNS\x00R\xc0l\xffs\x0d\
\x07\x85\xe5`v\xd5\x12\x01O6\xd2\xdb\xe2K0'\
\xfa\xbdI4\xab\x15V\x10\xae\xca\x00\x00\x00\x83ID\
ATx\x9c\xed\xcf\xdd\x0e\xc1@\x10@\xe13\xba\x9a\
Mi*\x1b4\xde\xff\xd5\x10\x09U)\xd1\x88mc\
o\xb1\x1d\xee9\xd7_\xe6G\xf8\x90\xfc.\x10\x91N\
\x05\x06\xb9k \xedIn\x1a\xb0~\xdc\xaa7\x18\xd2\
k\x14L\xc2\x5c{!o\xc9\x9a((\xce\x8c\x98\x9e\
\xac\xcfk\xa2 \xe4\x9a\xa22\xcc\x0e\x83`Q\xe3\x8e\
x\x06\x01e\x05\xf3\x9d\x02V{Xn\x15\x10~|\
\xde\xf0\x06\x12)7* sk\x1d\xbc\xf6\x07_\x82\
\x07\xed\xee\x1c!\xb7y\xea~\x00\x00\x00\x00IEN\
D\xaeB`\x82\
\x00\x00\x04\x8c\
\x89\
PNG\x0d\x0a\x1a\x0a\x00\x00\x00\x0dIHDR\x00\
\x00\x000\x00\x00\x000\x08\x06\x00\x00\x00W\x02\xf9\x87\
\x00\x00\x00\x19tEXtSoftware\
\x00Adobe ImageRead\
yq\xc9e<\x00\x00\x03fiTXtXML\
:com.adobe.xmp\x00\x00\
\x00\x00\x00<?xpacket beg\
in=\x22\xef\xbb\xbf\x22 id=\x22W5M\
0MpCehiHzreSzNTc\
zkc9d\x22?> <x:xmpm\
eta xmlns:x=\x22ado\
be:ns:meta/\x22 x:x\
mptk=\x22Adobe XMP \
Core 5.3-c011 66\
.145661, 2012/02\
/06-14:56:27    \
    \x22> <rdf:RDF \
xmlns:rdf=\x22http:\
//www.w3.org/199\
9/02/22-rdf-synt\
ax-ns#\x22> <rdf:De\
scription rdf:ab\
out=\x22\x22 xmlns:xmp\
MM=\x22http://ns.ad\
obe.com/xap/1.0/\
mm/\x22 xmlns:stRef\
=\x22http://ns.adob\
e.com/xap/1.0/sT\
ype/ResourceRef#\
\x22 xmlns:xmp=\x22htt\
p://ns.adobe.com\
/xap/1.0/\x22 xmpMM\
:OriginalDocumen\
tID=\x22xmp.did:01D\
6A41A7A32E911965\
1B58151028112\x22 x\
mpMM:DocumentID=\
\x22xmp.did:881383D\
4327A11E9BEE8EF9\
31082DF66\x22 xmpMM\
:InstanceID=\x22xmp\
.iid:881383D3327\
A11E9BEE8EF93108\
2DF66\x22 xmp:Creat\
orTool=\x22Adobe Ph\
otoshop CS6 (Win\
dows)\x22> <xmpMM:D\
erivedFrom stRef\
:instanceID=\x22xmp\
.iid:01D6A41A7A3\
2E9119651B581510\
28112\x22 stRef:doc\
umentID=\x22xmp.did\
:01D6A41A7A32E91\
19651B5815102811\
2\x22/> </rdf:Descr\
iption> </rdf:RD\
F> </x:xmpmeta> \
<?xpacket end=\x22r\
\x22?>\xce.\x03\xf6\x00\x00\x00\xbcIDATx\
\xda\xec\xd9\xc1\x09\xc30\x0c@\xd1\xb8d\x80\x8c\xd0\x0d\
\xba\x82G\xc8\x08\x1d\xad\x1d\xa1\x1bd\x04\x8f\x90\x11\xda\
\x09T\xe9P(\xa6\x18\x0a\xd2A\xe4\x0bD\x88\x0d\x91\
\x1e\x89\x9d\x83\x8b\x88L\x99\xe34%\x0f\x00\x00\x00\x00\
\x00\x00\x00\x00\x00\x00\x00\x00\x00\x00\x00\x00\x00\x00\x00\x00\
\x00\x00\x00\x00\x00\xc0\xdf1G>\xbc\x94R\xf5b\xb9\
h6\x11\xb9\xb9\x17\xb1\x13\x9a\x88\xd4\xb0f\xa5\xcb\xe6\
^'\xa8\xf9\xfa\xa3\xf9O^=kE\xad\x81:\x98\
[\xb3/\xe2%\x03`\x1f\xccm\xae\x1bE\xd41\xab\
\xee@M/\x97n\xf8\xa5y\xd6\x9a\xcf\x0c\x9f\x90\xad\
\x83\xfb\xd7\xfd\xc3\xc6<\x9b\x0f}\x03\xfc\x89\x01\x00\x00\
p\x0c\xc0[\x80\x01\x00DC\x1dq4]\xa8\xff\x00\
\x00\x00\x00IEND\xaeB`\x82\
\x00\x00\x05\xd2\
\x89\
PNG\x0d\x0a\x1a\x0a\x00\x00\x00\x0dIHDR\x00\
\x00\x000\x00\x00\x000\x08\x06\x00\x00\x01 \x05\xc9\x11\
\x00\x00\x00\x01sRGB\x00\xae\xce\x1c\xe9\x00\x00\x00\
\x04gAMA\x00\x00\xb1\x8f\x0b\xfca\x05\x00\x00\x00\
\x09pHYs\x00\x00\x0e\xc3\x00\x00\x0e\xc3\x01\xc7o\
\xa8d\x00\x00\x05gIDATXG\xdd\x99K\xa8\
Ue\x14\xc7\xffk]\xba\x99y\xcd\x0b&$A\x89\
\x0f\xac\x14\x89p\xe0\xa0\x17d\x84M*\x04'\xe1\xa0\
\x9a\x14\x98a3\x07E`\x0d\xca\xc0\x0a)\x9a\x84\x0e\
\x9a8\xea\x01\x11T\x84\xd8\xc0\x04-S(\xe9\x81\x96\
\x94\x5cT4\x1f]\xf3\xfe\xff\x0d\xf6\xfe\x8e\xdf^g\
\x9fs\xf6\xb9/\xa5\x1f\x1c\xee\xdd\xeb\xf5\xado}\x8f\
\xbd\xf7\xb7\x0d\x00H\xaeG\x86\xbb\xef\x84$\x91|]\
\x19(\xad\x0f\xe5\xc2\xa4p\x00\xb7\xa4\x10\x92f\x97\xc6\
g\xac\xe5Z(.\x98\xd9L\x00pI\xcb$\x9d\x93\
t\x0e\xc0\x9d\xc9\xc8bF\x00v\xb9\xfbE#\xf9\x8f\
\x99]\x9fk\xcc\xcc<\x0a\xf3\xacZXIT\x0cH\
\x92\x99\x99$y\xcaH\xd2\xb6\xcc\xa8\x88I\xf2/\x92\
\x8fW\xfb_%\xd9\x1b\x8a\x0a,\xaaD\x09\xb8\xfb\xcf\
\xad\x8b\x18)\x87\xe4\x15\xc3\x12\x8b\x82\x1c\x95\xa9\xa4\x8e\
\x01@e,\x12\xc9 \x95&Ar$\xbfn\x83\xe4\
\x91\x90\xe5\xa0\x91|2\x16>\xe2\xee;\xd3\xff\xad\xa6\
\xebRK\xe4\xa99\x8a\xce\x0dV,\xba`$\x17\xf6\
\xaaV>\x0e]SI\xb4\xa5\xd4\x85\xa1X\xda\x8e\x0e\
e!v\xa4z\x92\x9c\x8dn\xb9\x93d\x9a\xd7Y\xda\
\xc3\xb5}\xa8L\x85P\xf2\x8e)!\xeblj\x09e\
Y\xcf\xc6\xd4\xdc}\xa8\xae\x05I{;\xf6\x01\xd9l\
M\x98\x99\x19\xc9\x13f6/W\x8c\x97\x94v\x8e\xa7\
\xe0\x92\x1e\xca\xfb6Y\x18\xc9#f\xb68*\xc6C\
]r\x86\x22\xfbaIm\xca~p\xf7SQ\x86\xa6\
k\xa1\x09\x92\xe4\xeem\xd3\xacM\xd0\x04I\x8b\xd3x\
%\xea\x82#\x95\x88\xe4\xf3\x0d\x1b\xfb\xc6\xdd\xf7\x95\xe5\
dT\xe6Hz\xcc\xdd?\x02\xc9\xadi\xc1v\x83\xe4\
F\x14\xc9\xac\x8b\xba,h\x05\x92\xe7\x1a\x8fA\x9a!\
\xc9\xben\xc6\xe4\x90\x1c1\xb3\xb9.i,*\xeb \
9\x84\xa2\x81\x1f\xcb\xbf-\x92M.3\xb3\xb9\xb9\x7f\
_\x90<\x9c\x07K\xf2\x5c\x96\xcb\xc7\x0d\xc9E$\x7f\
O\x01I^&\xb9)\xb71\x92+\x00\xac\xc8\x85\xe3\
\xe0\xb4\xbb\x7f\x12\x85@M\xb7\xc6\x0b\xc9u16\xf2\
\xb9/i\x05\x8a\xc7\xaf\x7f\xab&\x8d\x19\x8e\x02\xe4\x0d\
\xb8\xfbA3\x13\x80W\xaa&\x13\xa3\xd5\x00\xc9\xa7%\
\xdddf[\xaa&\x13$\xd6r\xbc\x90\x5c\x1dc\xa3\
\xdcMgH\xba5*\xfa\xe4ow?\x11\x85(\x1b\
0I\xb5\x03\xd4\x07\xe7\xdd}4\x0a1\x99\xf7\x03\x00\
\x0f\x9a\xd9\xd7Q\xd8d\x8b\xeeI9\x0cK\xa3\x1c\x98\
\xc0 \x93|.\xc6\xaa%:\xf6\x82\xe4\x0f1FW\
b\x80n\x90\xfc6\xf3[J\x9256\xaf\xe6\xf1\x8d\
\xe4\xbd\x00\xee\xc9\x85\x9dp\xf7m(\x16\xe5v3\xeb\
X\x22I\xa3\xee>#\xca\x1bA\xf2\xe1\x90\xf1/\xa5\
|I\x90\x1fG\xb9\xb95\x225`f\x9f\xe7\x0dv\
\xc2\xcc\xe6K\x1an4M%\x9d*\xff6~[A\
a\xffA\xa3A&\xf9\x15\x8a2\xac.\xaf\xb7\xc7`\
\x91\xd2n\xb4Q\x0f\x00\xa4\x01;\x1f\xe4\xbd\xb8\xd0\xb4\
\x07\x97\x92G\x8d\xaev\x90K\xddV#\xb9\x0f@\xfd\
2\xcfp\xf7!\x14\x81F\xcd\xac5\x16\x92~u\xf7\
\x85$\x97\x98\xd9O\x15\xa7\xf1lE\x92f\x85,k\
{@\xf2\x9d\xe8\xdb\x18\x92\x8b\xf2`\x11\x92\x1fF\x9f\
qA\xf2\xed\x10\xf8\x80\xa4Y\xd1hc\xdd\x9er\xb5\
 y\x80\xe4\x0d\x95$\xbbP{C+\x1f\x8d\xbe\x07\
0\x13\xc0\x1d\xbd\x1e\xa4'\x1bI\xcf\xba\xfb{Q^\
G\xdb,\x95\xb4\xc1\xdd\x07\xdd}\xa5\xbb\xdf\xe5\xee.\
\xa9u\xe2r\xad\xd1\xd6\x81\xfc$\xb1\x87\xec\x9a\xc0\xe3\
\x142\xb3\xcd\xe5\x5c\xbc\x9c\xd6\x86\x99\xd5>\x12^\x0b\
8\x80G$\x9d\x8e\x0a3\x1b\x98\xee\xb9\x8f\xf2\x06h\
f\xefG\xf9\xff\x17\x92\xabH\xfe\x16v\xb3\xab\x02\xc9\
Q\x92o\xf4s\xa6d$\xc7\xcc\xacn1_5\xfa\
\xd9Fk\xef\x03\xd3\x81\xa4\x0b\x00\xbe\x04\xb0\xc7\xcc\xf6\
K:jf\xa7K\xddEwo\xf6\xe8\x15\x87q\xaa\
 y\x96\xe4&I\x031\x87\x890\xe5# i7\
\x805u\x15%y\x1b\x80'\x00\xdc\x07`\xb9\x99\xcd\
\x95t\x19\xc0\x1f\x00\xf6\x03\xf8\xc2\xcc>6\xb3s\xd1\
\xb7\x05\xc9\xcdS\xf1,T~u\x9a\x9f\xb7%\xc9I\
\xbeHr4\xda\xf7\x82\xe4Q\x92\xab\xf2x\xd3\x0a\xc9\
-1\xa9D\xd9\xd9\xb5\xd9oC\xb4I\x94;\xd5\xfd\
)\xae\x95\x1f\xf0\xd6\x02\xb8\xbb\xc3\xa3E\xbf\x1c\xce\xbf\
VI\x1a\x94t\xa8\xdb\x99~z\xabH\xd7\x1d\xde.\
*Hz\xcb\xdd_\x00\xc93\xb1\x97\x13\x81d%Q\
\x92\x9fF\x9bHzk\xc9|\xda\xde\xbf\xea \xf9\xec\
\xa4.bI\x07\xdd\xbdu\xe6Jr\x99\x99\xb5\x0eK\
$\x1d\x02\xb0\xbb\xe5p\x85\x93\xee\xfeR\xba 9\x0f\
\xc0\xcbU\x93\x16O\x99\xd9\x0c\x14\xf1\x8eN\xea6J\
\xb2r\xaa@rM\xd0\xf7|_\xef\x05\xc9\x91,\xde\
\xd8d\x8f\xc013\xbb\xbd<\xce\x05\xc9\x9b\x01\x9c\xc8\
\xbe4\xec\x01\xb0+\xfa\x018\xe3\xee;\xd2\x85\xa49\
\x92\xd6WMZ\xbcff7\xa2\xb0\xdb\x0b\x92\xfb\xf2\
*M\x14\x92\x8f\xe6\xadu\xdb}\x12\x13X\x03+[\
N\x92\x06&\xeb\x97'\x83\x22\xa17c\xe39\xfdv\
\x80\xe4\x98\xa4\x07r\x9f)\x87\xe4\x02\x92\xc7c2*\
\x12:FrI\xf6\xab\x1c\x01\xe6\x90\xfcL\xd2u1\
\xfe\xb4Ar6\xc9wI^\x8a\xc9u\x82\xe4\x08\xc9\
g\xea\x1e\xb3\xdb\x04\xd3M\x99\xd4\x02I\xcb\x01\xcc\x01\
0\x06\xe0O\x00\xdf\xb9\xfb\xc9h\x1f\xf9\x0f\xe6?\xf7\
\xa5\x80\xc6\xca\xee\x00\x00\x00\x00IEND\xaeB`\
\x82\
\x00\x00\x09\xcf\
\x89\
PNG\x0d\x0a\x1a\x0a\x00\x00\x00\x0dIHDR\x00\
\x00\x000\x00\x00\x000\x08\x06\x00\x00\x01 \x05\xc9\x11\
\x00\x00\x00\x01sRGB\x00\xae\xce\x1c\xe9\x00\x00\x00\
\x04gAMA\x00\x00\xb1\x8f\x0b\xfca\x05\x00\x00\x00\
\x09pHYs\x00\x00\x07a\x00\x00\x07a\x01\x95\xc3\
\xb8\xb6\x00\x00\x00\x19tEXtSoftwa\
re\x00www.inkscape.\
org\x9b\xee<\x1a\x00\x00\x09?IDATX\
G\xcd\x99]LTW\x1e\xc0\x7fgf,F-B\
\x10Bu\x15_\xb0Q\x91\xd4M\xb7aE(\x96\xb4\
\xcbf\x1f0`\xa2\xd9\xb5H7mR\x96\x87\xeev\
\xd7\xcf*\x0c\xb4Bm\xf6\x01ML\xec\xa6\xc8\xba\x1f\
\xb55\x055\x1ap\xaa\xed\x0a\xc8\xd8\xf8Q\x09#U\
S\x13\xd7\xee\xb2\xa1Jt\xadE\xe6\x0e\xc3\xfc\xf7\x81\
{\x87;\x87\x19`\x82M\xf6\xf72s\xff\x9f\xe7\x7f\
\xce=\xe7\x9e{.D\xb2\xd1~Q6<<,\x00\
\x22\x12\xf1Kuu\xb5(\xa5\xdaEDjjj\x04\
8\xa7,\xb7\xb0\x15\xa0\x94R\x0e\xebB'\xa6\x226\
V\xec\x81\x81\x01\xb9s\xe7\x8e\x00*\x9c\xcf\xfcSa\
7\x0c+,\x1a\x1a\x1a\x84h\xc9\x93\x93\x93\x89\xaa\x98\
3gN\xf8\x7f\xb8H\x1b\x1f\x9a\xb9t\x9d\xd3aO\
\xad\x94:g*:\xcd_\x01\xa8\xab\xab\xb3L\x82c\
\xbe\xc0\x9bo\xbeiU\x90\x9d\x93\x93c\xfdw\x00]\
6\xb31DD\x16-Z\x14\xcehq\xe5\xca\x95p\
W\x8c+n2\xc69\xb8\x5c.]4%\xc6\x05\xb2\
\xb3@\x17\x88\x88\xec\xdc\xb9sl\x08\xc7x:\xdc\xa7\
@\x13@VV\x96\x88\x88\x98\xb7\xebr\x80\xf5\xeb\xd7\
\x8b\x88Hee\xa5\xd0\xdd\xdd\x1d\xee\x0d+\x8c\x88\xc8\
\xf6\xed\xdb#\xaeM\xfdY\xc73\xcf<\xa3\x94Rs\
-\x85ed2\xc3\x92)\xa5\x14P`W&Z\xcd\
\xca\xc9\xc9\x91\xc4\xc4\xc4\xef\x01\xd6\xae]\xab\x07\x09\xf3\
A\xb8m\x1av#{\xf7=\x9d\x97\x97g\xbb\x9c\x9c\
\x0f\xf5\xc8\x16v#{\x86\x85%%%\xb6\xcb\xc9i\
\xd6#[\xd8\x8d\xec\x19\xd2*++m\x97\x8f\x81\xf9\
\xf3\xe7\x07\xbe\xfd\xf6[\x01~\xac\xeb&\xe2c\x11\x91\
\xde\xde^\xa9\xaf\xaf\x97U\xabV\x09\xf0\xb1f\xb3\xec\
\x9bo\xbe\x89(+99\xf9;\xcd\xc69o\xde\xbc\
`yy\xb9\x1c=zT\x0c\xc3\x90\xd6\xd6V\x01H\
\x09\x85B\x11\xceJ\xa9h3\xb8\xc2\xd2\xdboK\x1b\
s\xddnwD\x9c\xb4\xb4\xb4a\x00\xd6\xad['\xc0\
\x87v\x83P($\xdaR\x11+\xc1\x93\x83\x83\x83\x0f\
\xc3\x8e\xa3\x83\xd6UZZ*@\xd4AJ\xac\xad\xad\
\x15\x11\x11\xc30\x04\xf8\x93)\x8f\x96@\x95\x96\x96\x8a\
Do\xd0\xa8\x81.\xb0\x91\x01X\xcb\xcd\xbf\xcc\xffO\
i6v\xfe\x09\x8c\xe8\xc2X\x09:Ed\xf5\x82\x05\
\x0bx\xe9\xa5\x97hjj\xa2\xbf\xbf\x9f\xfe\xfe~\xdd\
\x0e\x80\x15+V\xe0\xf3\xf9X\xb9r\xe5\xb8x\xe3\x04\
&\xbf9}\xfa\xf4\xfe\x84\x84\x04]\x1e\x93]\xbbv\
\xd1\xde\xde>.\xde8\x81I\xa7\x88\xac\xce\xc8\xc8`\
\xc3\x86\x0d\xec\xd9\xb3\x87\xeb\xd7\xafs\xeb\xd6-\x00\xd2\
\xd2\xd2\x98={v\xf8\xfa\x85\x17^\xe0\xda\xb5kq\
U\xf0\xabC\x87\x0e\xfdm\xe6\xcc\x99\xba<&\xbbw\
\xef\x96\x9e\x9e\x9eq\x8b}\xac\x04\x9d\x22\xb2:33\
\x93\xd7^{\x8d-[\xb6\xe0\xf5z\xb9v\xed\x9an\
\x07\xa3k:7o\xde\x8c\xab\x82_\xbc\xfb\xee\xbb'\
\xe3\x19\x83\x86\x86\x86\xe1\xdb\xb7o?\xa1\xcb\xe3\xe5\xe5\
\x09\x1a5m~r\xf7\xee]IOO\xf7\xeb\x8a\xc9\
x\x1ap\xeaB\x0d\xb5s\xe7N\xfbR\xf0w\xdd \
\x0a\xa3\x0fp\x8f\xc7#\x86aHKK\x8b\x94\x97\x97\
KjjjP\xef\x86\x94\x94\x94\xc1pt\x11\xb9u\
\xeb\x96\x98\x0d\xb3\xd3\x9c\x93\x93#\xf5\xf5\xf5\xf2\xd5W\
_Y\x0d\xf9\x98\xca\xcaJ\xbb\xaf\xac_\xbf^_)\
\xb3\xee\xde\xbd+\xc3\xc3\xc3a\x9b\x81\x81\x01Y\xbat\
\xa9n\xf7\x17\xbb\x8d\x8c&x\x99E\x8b\x16\x8d\xd8\x85\
n\xb7[\x80'5g\xb6o\xdfnw\xac\xd0\xf5J\
)\xaf=\xce\xc8\xc8\x88\x00\xb30\xef\xf9\x08\xaa\xaa\xaa\
\xc6%\x99(Aqq\xf1o#\x02\x88\xc8\xe5\xcb\x97\
\xc3\x15V\x9ak\xf7y\xbb\x81\x9e$V\x82\xa2\xa2\xa2\
?D\xf1;l>c\x22\xd1\xcb4\xbb\xcbA\x8c\x04\
J\xa9sv\xfb\xea\xeaj\x01\xc6\xf6\xd7\xfaFQD\
V9\x1c\x8e\xf0C\xe3\xea\xd5\xab\x00!\xbb\x8d\x1d\x11\
\xb9\x11\x08\x04\x00p\xbb\xdd\xd4\xd4\xd4\xcc\x05\xbe\xd7\xed\
\xa2q\xbe\xb8\xb88\xdcz\x80\xc4\xc4\xc4\xc1\x9c\x9c\x1c\
1w\xdf+l\xb6M\xe6\xee<\xa2\xe5\x16\xb1\xa6\xbd\
\x13Xl\xfe\xbf\x07\x04\x80t\xcd\xc6N\x10\xb8\xad\x0b\
c\xb2w\xef^{\xd7N\x09\xe0\x03=\x0e\xb1*\xf0\
\xf9|\x92\x92\x92\xc2\xa5K\x97\xe8\xec\xec\xe4\xbd\xf7\xde\
\xa3\xbb\xbb[7\x03\xc0\xe1p\x90\x9d\x9d\x8dR\xea,\
\xb0F\xd7G\xc5\xe7\xf3I \x10\x90\x82\x82\x02ik\
k\xd3\x1b\x1b\x15\xe0\x1fz\x1cbU\xf0\xfc\xf3\xcf\xcb\
\xdbo\xbf\xad\x8bcb\x18\x06/\xbe\xf8b\x05p@\
\xd7E\xe5\xd0\xa1Cz\x03'%\xd6\x0a\x1b\xb5\x02\x9f\
\xcf's\xe6\xcc\xe1\xe1\xc3\x87\x1c8p\x80\xfd\xfb\xf7\
\xd3\xd6\xd6\x16\xd6\x17\x16\x16\xe2\xf7\xfb\xe9\xea\xeaB)\
EQQQ\xfcc\x10\x0c\x06e\xd9\xb2e\xe2\xf5F\
L\xee\x98\xc45\x06\xd9\xd9\xd9\xf2\xd6[o\xe9\xe2\x98\
\xf8\xfd~6m\xda\xf4K\xe0\xb0\xae\x8bJKK\x8b\
\xde\xc0I\x01>\xd1\xe3\x10\xab\x02\x9f\xcf'\x09\x09\x09\
\xcc\x9e=\x9b]\xbbv\xd1\xd8\xd8Hcc\xa3n\x06\
\xe6<x\xe5\x95W\xe2\x1f\x83P($IIIr\
\xf5\xeaU\xbd\xb1Q\x89k\x0c\x16/^<\xfc\xc6\x1b\
oL\xf9E\xde0\x0c\xb6m\xdb\xf6s\xe0\x94\xae\xfb\
!\xf9}^^\x9e\xe4\xe5\xe5\x09\xf0;]\xf9\xffL\
\xa2\xcb\xe5\xfa\xfa\xf3\xcf?\x0f\x0f\xcf\x993g\xc4\xe9\
t~m\x9e\x0f<v\xb6,Y\xb2D233C\
.\x97k\x10\xb8\x08\xfc\x15\xd8\x01\x94\x02Y\xc0T\xf7\
\xc0\xbf\xce\xcd\xcd\x95`0\x18q\x7f\x89\x88\x04\x83A\
\xc9\xcd\xcd\x0d\x01\x9bt\xa7\x18$\x98\xb9K\xcd\xb6\xfc\
\x19\xb8\xe8r\xb9\x06333C\x99\x99\x99\x02l\x06\
xg\xdf\xbe}z\xbe\x08\x86\x86\x86$---\x04\
$\xe9YL\x9ep8\x1c\xdd\xc7\x8e\x1d\xd3]\xc7\xd1\
\xdc\xdc,J\xa9n`\x86\x1e\xc4\xe4\xa9\x85\x0b\x17\x86\
\x0c\xc3\xd0]#\xd8\xb7o\x9f\x00\xef\x00<WXX\
\xa8\xeb\xc3\x9c:uJ\x94R\x03\x134\x1es\xe7\xd1\
\x04\xdc\x04\xee\xe8o\xfb2\xb6\xbf\xba\x03|\x0d\x1c\xd4\
\xb7K\x1a)J\xa9\xffz<\x1e=L\x985k\xd6\
\x08\xf0,\x80s\xc6\x8c\x19\x03CCC\xbaM\x98P\
(d\xed\x06\xbd\xfav5\x0a\x15\xf6\x0d\xa0\x85y0\
0n\xbf\xac\xf1\xa4R\xaa\xab\xa6\xa6Fw\x8f\xe0\xfe\
\xfd\xfb\xe2t:\xff\x0d(\x0702<<\xfcIK\
K\x0b\x81@\x80\x8d\x1b7R[[\x1b\x11U)E\
MM\x0d\x22\xf2S\xb7\xdb\xfd\x9dy$;Y!q\
\xe1t:\xf7>x\xf0\xe0?\xa1PhUUU\x95\
\xae\xa6\xb6\xb6\x96\xb2\xb22\x82\xc1 \xad\xad\xad\x8c\x8c\
\x8c\x9c\xb4\x8e\x821\xdf\x10\xea\x80m\xe6~1Q)\
\xd5e\x1d\xb7D\xa3\xaa\xaaJ\x94R\x9dQ\x0a\x89g\
\x04\xe6*\xa5\xbav\xef\xde\xad\x9b\x8bD\x8e|\x97\xb9\
\x82\xb9\xcc\x09\xfd\x0e0\xa5\xe3\x81D\xe0|\xb4{Z\
\xccs\xa4\xf4\xf4\xf4\x10\x90j\xf3\x99j\x01?\xca\xc8\
\xc8\x88x\xe7\xb3ckx\xd4\xddz\xbc$*\xa5\xba\
\xaa\xab\xabED\xc4\xef\xf7KII\x89\x00\x8dQ&\
\xe3\xeb[\xb7n\xd5\xdb#[\xb7n\x15\xe0u\xcd\xd6\
\x09\x1c,))\x91@  2\xf6rtn\xaa\x0d\
\x8f\xfa\xa8\x9f\x80D\xa0\xca\x5cM\xfe8\xc1KUr\
\x94\xd7\x94~\xe0\xbe&\xb3p\x9ak\xfa<\xa0\x16\xd0\
\x0fJc\x12O\x01\x0b\x95R\xa7\x96/_\xbeL?\
\xdb\xc9\xcf\xcf\xbf]PP\xd0w\xe3\xc6\x8d\xa4Y\xb3\
f\x05\x9b\x9a\x9a\xb2#\x0c\xa6\x88a\x18\xf4\xf6\xf6\xf6\
\x8a\xc8\xcf\x80>]?]:zzz\xc2\xb7\xc4g\
\x9f}&\xeb\xd6\xad\x93\x1d;v\xc8\xa3G\x8fl7\
\xcb\xf4\xf8\xf2\xcb/c\xee\x0c\xa31\xe5\x1d\xe1\xe8j\
::`\x17/^\xc4\xedv\xd3\xd1\xd1\x81\xc7\xe3a\
\xc3\x86\x0d\x1c?~\x1c\x80\xfa\xfaz>\xfd\xf4S\xcd\
ub\x1c\x0e\x07\x07\x0f\x1e$##\x03+\xc7\x0f\xc1\
\x99/\xbe\xf8\x22\xdcS\xc1`P\xbc^\xaf\xf4\xf5\xf5\
E\xf4\xe0t\xf1z\xbd\x02L\xb9\x07\xe2)wyB\
B\xc2\xa5\xfc\xfc\xfc\x99\xf1\x9c\xd0\xc6\x83\xdf\xef\xa7\xa3\
\xa3c\xd00\x8cg\x81\xeb\xba~\xbaD\xcc\x81\xc3\x87\
\x0fKnn\xae\x94\x97\x97\xcb\xbd{\xf7\x22zq:\
\x98\x9f?\x7f\xd89p\xf9\xf2e\x1a\x1a\x1a8\x7f\xfe\
<'N\x9c\xe0\xd5W_\xa5\xb9\xb9\x19\x80\xf7\xdf\x7f\
\x9f\xf6\xf6v\xcd\x15\x96,YBEE\x05G\x8f\x1e\
%//\x8f\xba\xba:\xac/f\x0e\x87\x83={\xf6\
\xb0`\xc1\xb8O\xa3\x8f\x15OGGG\xb8\xa7B\xa1\
\x90\xf4\xf5\xf5\xc9\xe0`\xc4\x09\xed\xb49{\xf6\xac\x00\
\xadz\xf2X\xc43\x07\x9eKJJ\xea,..~\
B\x7f\x0e<.\x0c\xc3\xe0\xd8\xb1cC\x0f\x1e<\xc8\
\x07.\xe9\xfa\xe9\xd2i\x9f\x03\x0d\x0d\x0d2\x7f\xfe|\
),,|\xac+Q\xbcs \x9e\x11\xe8\xf4\xf9|\
\xab\xb3\xb2\xb2\xe8\xe9\xe9\xa1\xac\xac\x8c\x0b\x17.p\xe4\
\xc8\x11N\x9e<\xc9G\x1f}\x04\xc0\x91#G\xb8p\
\xe1\x82\xee;!\x0e\x87\x83\xcd\x9b7\x93\x9a\x9aJw\
w7+W\xae\x9c\xfa\x19J\x1c\x9c8}\xfatD\
o=z\xf4HFF\x22\xbe\x03L\x1b\x8f\xc7#\xc0\
\xe8Sq\x0a\xc43\x02\x98\x9f\xbc\x8b\x80i\x7f\xb7\x8a\
A\x00h\x03\xae\xe8\x8aX\xfc\x0f\xbek\xff\xcf\xe3\xf9\
)\xc2\x00\x00\x00\x00IEND\xaeB`\x82\
\x00\x00\x03\xc7\
\x89\
PNG\x0d\x0a\x1a\x0a\x00\x00\x00\x0dIHDR\x00\
\x00\x00 \x00\x00\x00 \x08\x06\x00\x00\x01\x04}Jb\
\x00\x00\x00\x01sRGB\x00\xae\xce\x1c\xe9\x00\x00\x00\
\x04gAMA\x00\x00\xb1\x8f\x0b\xfca\x05\x00\x00\x00\
\x09pHYs\x00\x00\x0e\xc3\x00\x00\x0e\xc3\x01\xc7o\
\xa8d\x00\x00\x03\x5cIDATHK\xb5\x97O\xa8\
\x95U\x14\xc5\xd7\xdaO\xad(\x9a\x18\xf1\xa0\x22j\xd0\
\x83(D\xb0x\x84$D\x10B5\x8b\x82\x9aeA\
\x90\x93\x90j\x1e\x08AA\xa0\xa2\xa0\x10A\xb3 p\
\x16\xd9\x9f\xc1\x93\x9a\x8aiP!5\xe8\x8f\x90^\x89\
\x10\xf5=]\xab\xc1w\xce\xe5|\xfb\xdd\x7f\xef\xf9\xfa\
\xc1\x85{\xd6\xd9k\x9fs\xee\xd9\xe7|\xdf\xa5\xa4G\
\x01\xbc\x0e\x00$\x0f\x01\x00l\xcf\xdb\x9e\x07\x00H\xfa\
\xc3\x1d[l\x9b\xb6\x8d\x02IR\xd2\x81*D\xc4^\
\x0e\xbd]\xc4y\x14\xbf%\xfd,i\xfbP\xa8Q\xa8\
\x8d\xdaQ\x91t\x09\x00\xa2\x0dJ\x9c\x04\xbay~\x9f\
\x9c\x1fW\xc3\x18c\x7f\xd8\xde:Z\x22b/\xd0\x0d\
\xf1\xab\xa4\xcf\xdba\xda\xd4\xbd\x85\xb7\x90<\x0f\x8cX\
\x9e\xbb\x89\x9e\x19\x06:\xcd\x94\xe4P#\xc9\x18\xd5i\
\xfb \xeaj\xda\xd4\xe8&\xbd\xa7\x1ar\xf6\xa1(\xe9\
@\xf1<\xdd\xee\xd6\xfe\xfa}\x12u\x8f*\x94\xb4B\
r\x93m\xe59\x8f\xc2\xf6 \x22\xb6\xd6v\x00\xf8\x08\
\xdd\x02\xa7\x9a\xd1\xc5\xf5w.Oq\x14\x92\x1e\xeb\x99\
\xd6J\x93\xe83I\x8bM{\xf7\xaa\x8dli6\xf5\
\x13\xdb'\x01\xfc\x18\x11\xdf\xd5\xad\x22y\x14\x92\x96j\
\xc6\x0c\xba}=V\xdb\xb5rs\xccLH:\xd3\x1a\
\xcb\x95\x00J\xfa\x10\xc0\x96l\x18\xc3\xb5\x88\xd8\xd7\x0a\
\xb56\x7f\x01\xf07\xc9'\xda\xceQ\x90d\xafm\xdb\
U\x9ceM#\x13\xb4\xc24V%\x90\xb4\x95\xe4\xe6\
V\x1c\x87\xed\xe5\x88\x18\xb4\x1a%\xdd\x98\xb5\x8cm+\
\x22\xe6Z-\xd6`^!\xb9\x94\xf5\xa9gA\xd2\xe9\
\xec\xe9\x91\x0d-\x92N\xa0+\xa2\xe7\x93\xbez&\xe3\
\xb0\xfdnc\x5c\x94t\xaa|\xbf^\x03F2\xae\xee\
\xdb\xb3#\xe9\xcdIu\xb0\x03\xc0%\x00\xe7l\xbf\x86\
\xee\xba?&\xe9Y\x00\xf3$_\xb1\xbdm\xd2\x0cv\
Hz\xc0c\x06\x90tX\xd2`R\x82C\x98\xbe\x84\
7r\xe2UHzkT\x02I+9v,\x92v\
\xd7$\xc5\xfcU\xed\xa3\xa4\xdfH\xde\xdf\xb7l\x1c\xb6\
\xcfF\xc4#Y\xafD\x1d\xdc\xf6e\xdbw\x97\xd3\xba\
\xd9\xf6\xd9\x1c\xbcN\xee\xc9B\xcb\xf0\x1c\x92\xbc\x1d\xc0\
\x0b\xb6\xe7l\xef\x02\xf0`?\xf4\x7fB\xd2\x91v\x7f\
6\x1aI\x1f\xe41[\xeaM|+\x80M\xb9\xf3f\
\xb1\xbd\x12\x11\xd7\xb2\xdeBI\xcb\xb3^\xc8\xeb\xc1\xf6\
\xc5\x88\xb8+\xeb\x95\xd8\xa8\xc1m\xcb\xf6q\xdb\xcf\x01\
\xb8\x8d\x85I\x83c=\xcf\xb4\x8c\xed\xe3\x00^\x8e\x88\
\xcb\xa5\x1d\xb6w\x02x\x12\xc0\xbd\x00n\x008\x07\xe0\
DD\xfc\x90\xfd,/N{\xd6\xf0nP\x11\xc9w\
H^@W\xcc\xef\x93|;\x07el/\x03x5\
\x22>E\x99\xc0\x9d$\x9f\xb1}K\x0e\x9e\xc0\x85\x88\
\xf8\x02\xdd\xc0\x0f\x038\x95\xb7\xd2\xf6\xc1\xfa\xb2/i\
\x89\xe4\xce\xd4\xff\x17\xc9\x87 I\xf9\xe8LC\xd2\x8b\
%\xc9\x9c\xa4A\xeew\xf3<\xab\x13\xc8\xfd\xeeb\xbe\
\x1d\xfb4\x99\x84\xa4\x85\x92x{\xa3\x0d\xff\x1cLC\
\xd2\xe1\xe2\xd1z\x7f\x81\x97P\x0aN\xd2\xc5\xa2]\x95\
\xf4o\xf3\x19^@\x92\xbeL}\xcb\xc5\xf35m\xdf\
a\xfb\xa95\x16\xe1 \x22\xbeA\x97|\x01\xc0i\x92\
=\xff\x0c5\xf0;\xc9\x85V\xbb)$\xbd\xd7\xfe\x9a\
\x92\xfe\x94\xb4T>\xff4\xfa\x95ZC\xa8W\xf1F\
b\x9b\xb6\x1f\x07\xb0\x0b\xc0}\x00\xae7\xf7\xc0O9\
\xfe?;\x07\x8b\x18\x92z[\x1d\x00\x00\x00\x00IE\
ND\xaeB`\x82\
\x00\x00\x04\xc1\
\x89\
PNG\x0d\x0a\x1a\x0a\x00\x00\x00\x0dIHDR\x00\
\x00\x00 \x00\x00\x00 \x08\x06\x00\x00\x00szz\xf4\
\x00\x00\x00\x19tEXtSoftware\
\x00Adobe ImageRead\
yq\xc9e<\x00\x00\x03fiTXtXML\
:com.adobe.xmp\x00\x00\
\x00\x00\x00<?xpacket beg\
in=\x22\xef\xbb\xbf\x22 id=\x22W5M\
0MpCehiHzreSzNTc\
zkc9d\x22?> <x:xmpm\
eta xmlns:x=\x22ado\
be:ns:meta/\x22 x:x\
mptk=\x22Adobe XMP \
Core 5.3-c011 66\
.145661, 2012/02\
/06-14:56:27    \
    \x22> <rdf:RDF \
xmlns:rdf=\x22http:\
//www.w3.org/199\
9/02/22-rdf-synt\
ax-ns#\x22> <rdf:De\
scription rdf:ab\
out=\x22\x22 xmlns:xmp\
MM=\x22http://ns.ad\
obe.com/xap/1.0/\
mm/\x22 xmlns:stRef\
=\x22http://ns.adob\
e.com/xap/1.0/sT\
ype/ResourceRef#\
\x22 xmlns:xmp=\x22htt\
p://ns.adobe.com\
/xap/1.0/\x22 xmpMM\
:OriginalDocumen\
tID=\x22xmp.did:01D\
6A41A7A32E911965\
1B58151028112\x22 x\
mpMM:DocumentID=\
\x22xmp.did:42B86DE\
4327B11E986C2D6A\
014BEC99D\x22 xmpMM\
:InstanceID=\x22xmp\
.iid:42B86DE3327\
B11E986C2D6A014B\
EC99D\x22 xmp:Creat\
orTool=\x22Adobe Ph\
otoshop CS6 (Win\
dows)\x22> <xmpMM:D\
erivedFrom stRef\
:instanceID=\x22xmp\
.iid:01D6A41A7A3\
2E9119651B581510\
28112\x22 stRef:doc\
umentID=\x22xmp.did\
:01D6A41A7A32E91\
19651B5815102811\
2\x22/> </rdf:Descr\
iption> </rdf:RD\
F> </x:xmpmeta> \
<?xpacket end=\x22r\
\x22?>J\xc07\xc4\x00\x00\x00\xf1IDATx\
\xda\xecV\x81\x0d\x83 \x10\x94.PFp\x04G`\
\x04F\xe8\x08\x8e\xc0\x08\xed\x06\x8e\xc0\x08v\x03\xba\x81\
\xdd\x80N@\x9f\xe4\x93~?5\x8a-\x1aS.\xb9\
<^\x10N\x84S\x11B\xa8\xb6\xc4\xa1\xda\x18\xc5@\
1\xb0[\x035\xb0\x05J\xa25\x1f\xb4i\xc4\x1cH\
\xa4\x09/\x18\xa2\x0f\xa8\xc5\xaa\xe6\x8e\x97:\xb9\x0c\xef\
\x18P\xd7L\xb7\xb9\x0cD\x9e\xd9d'`O\xae=\
\xb0\xcei \xd2\xb1U\xa0\xd0)c\x89\x84oA\x8b\
\xd5a\xb5\xc0#\xebsA=Ba_\xfb\x8bM\xa8\
\xc22\xf4Sc\xef&\x07<i?\x80W\xac\x1cw\
\xe0m\xe4\xbe\xafs@\x92\xb6\x1eYr\xc7\xfa\xc9\x1c\
\xa7\xa0\xc6\xa3F\xcf\xbc_\x92\x01K\x83\xc8\xb1\xa7\x8e\
\x86:\xa6\x99\xb5\x92\xb0#\xab\xb2Z\x126d\x15\x1a\
\xa2\xf7\xf8*L\xae \xe2\x90\xb3v\xf9\x04D\xf9+\
.\x06\x8a\x81b\xe0\xef\x0d<\x05\x18\x00\x09\xa0\x22H\
p\x92\x8dG\x00\x00\x00\x00IEND\xaeB`\x82\
\
\x00\x00+\xed\
\x89\
PNG\x0d\x0a\x1a\x0a\x00\x00\x00\x0dIHDR\x00\
\x00\x01\x00\x00\x00\x01\x00\x08\x06\x00\x00\x00\x5cr\xa8f\
\x00\x00\x00\x09pHYs\x00\x00\x07a\x00\x00\x07a\
\x01\x95\xc3\xb8\xb6\x00\x00\x00\x19tEXtSof\
tware\x00www.inksca\
pe.org\x9b\xee<\x1a\x00\x00 \x00ID\
ATx\x9c\xed\x9dyt\x15E\xda\x87\x9f{\x03\x09\
$!,!\x09\x09\x10 \x04\xa2@X\x03\x22 \x18\
\x14\x883(\xea\x01\x11\x05\x1d\x07p\xfd\x14\x14u\x18\
\xc4\xd1\x11QA\x11\x11\xf8`\x5c\xd0\x0f\x95QAA\
\x5c@\x86MB\x04\x05\x14\x91-\x04\xc2\x0e\x01d\x09\
\x90}\xa9\xef\x8f6\x0c\x86\xac\xb7\xab\xba\xefR\xcf9\
u\xe6\x8c\xe4\xbe\xf5\xeb\xeaz\xdf\xae\xae\xaez\x0b4\
\x1a\x8dF\xa3\xd1h4\x1a\x8dF\xa3\xd1h4\x1a\x8d\
F\xa3\xd1h4\x1a\x8dF\xa3\xd1h4\x1a\x8dF\xa3\
\xd1x.\x0e\xbb\x05\x005\x80\xc6@C \xe8\xf7\x12\
l\xab\x22\x8d\x06\xce\x02Y\xbf\x97\x0c\xe0\xa4\xbdr\xd4\
`u\x00\xf0\x07\xae\x01\xfa\x02\x1d\x808 \xf6\xf7\xff\
\xae\xd1\xb83\xe7\x80T`7\xb0\x11X\x0d\xec\xb1U\
\x91\x04\xac\x08\x00!\xc0`\xe0\x0e\xa0\x17\xc6\x13^\xa3\
\xf1\x06\x8e\x02\xdf\x02\x1f\x01k\x81b[\xd5\xb8\x80\xca\
\x00\xd0\x07x\x00\xb8\x15\xa8\xad\xb0\x1e\x8d\xc6\x1d8\x0c\
|\x08\xfc/p\xc4f-\xb6\xd2\x0bX\x05\x08]t\
\xf1\xc1\x92\x07\xcc\x07Z\xe3c$\x00?`\xff\x0d\xd0\
E\x17w(\x05\x18\xa3\x81\xfax9\xf5\x80\x19@!\
\xf67\xba.\xba\xb8[9\x0d\x8c\x01\x9c\xb8!f\xe7\
\x00\xfa\x00\x0b\x80(\x09Z4\x1aof9p\x0fp\
\xcan!\x97\xe3jTr`D\xb5\xff\xa0\x9d_\xa3\
\xa9\x0aI\xc0\xaf\xc0\x8dv\x0b\xb9\x1c?\x17~\x13\x08\
|\x0e<\xe6\xe2\xef5\x1a_%\x18\xb8\x0bc\x14\xb0\
\xd9f-@\xf5\x1d\xb8>\xf0\x0dn\x16\xc54\x1a\x0f\
\xc2\x09\x0c\xc4\xf84\xbe\xd2f-\xd5\x0a\x00\x8d0\x16\
;$\xa8\x91\xa2\xd1\xf8\x14\xbd\x800`\x99\x9d\x22\xaa\
\x1a\x00B0\xde\xf7\xdb+\xd4\xa2\xd1\xf8\x1a\xdd0\x96\
\xc1\xaf\xb2K@U\x02\x80?\xb0\x04\xe8\xa9X\x8bF\
\xe3\x8b\x5c\x07\x5c\x006\xd8QyU\x02\xc0|\x8c\xe5\
\xbc\x1a\x8dF\x0d\xfd\x80\xad\x18\x9b\x8d,\xa5\xb2u\x00\
\x0f\x00s\xad\x10\xa2\xd1\xf88\xe7\x80\xce\xc0~++\
\xad(\x00t\xc0\xd8\xf6XK\xb5\x08\xa7\xd3I\xb3f\
\xcd\x88\x8e\x8e&((\x88\xa0 \xbdaPc/g\
\xcf\x9e\xe5\xc2\x85\x0b\xec\xdd\xbb\x97\xd3\xa7O[U\xed\
\x0f\x18\xaf\x04\x05VUX^\x00\xa8\x09\xfc\x04\xb4S\
Uq\x97.]\x184h\x10\x89\x89\x89$$$P\
\xab\x96\xf28\xa3\xd1\xb8\xc4\xc9\x93'Y\xbf~=\xab\
V\xadb\xd1\xa2E\x9c<\xa947\xc8\xf3\xc0?U\
VP\x15\x9eD\xc1\xba\xe8\x80\x80\x00\xf1\xc0\x03\x0f\x88\
\xed\xdb\xb7\x0b\x8d\xc6\x13)((\x10_|\xf1\x85\xe8\
\xd5\xab\x97\xaa\xbd\x039\x18Irl\xa3\x09\xc6\xac\xa4\
\xb4\x8br8\x1cb\xf8\xf0\xe1\xe2\xc8\x91#v\xdf?\
\x8dF\x1a+W\xae\x14m\xda\xb4Q\x11\x04,[\x1b\
P\xd6W\x80\x99@WY\x15DEE\xb1x\xf1b\
\xc6\x8d\x1bGHH\x88,\xb3\x1a\x8d\xed\xc4\xc4\xc4p\
\xff\xfd\xf7\xe3t:Y\xbf~=B\x08Y\xa6c\x81\
\x1f\x81\xbd\xb2\x0c\x96G\xe99\x80\x18\x8cO\x115d\
\x18\xbf\xfe\xfa\xeb\xf9\xe4\x93O\x08\x0f\x0f\x97aN\xa3\
q[V\xaf^\xcd\x90!C8s\xe6\x8c,\x93\xdf\
c\xc1\xda\x9b\xd2\xbb\x01\x9fF\x92\xf3\xdf~\xfb\xed,\
_\xbe\x5c;\xbf\xc6'\xe8\xdb\xb7/\xc9\xc9\xc94m\
\xdaT\x96\xc9\x1e@\xa2,c\xe5q\xf9\x08 \x028\
\x08\x04\x985:p\xe0@\x16/^L\x8d\x1aRb\
\x89F\xe31\xa4\xa5\xa5\xd1\xb3gON\x9d\x92\xb2\xed\
\xff[\x8cm\xc4\xca\xb8|\x04p\x17\x12\x9c\xbfk\xd7\
\xae|\xfa\xe9\xa7\xda\xf95>I\xabV\xad\xf8\xfa\xeb\
\xaf\x09\x080\xedJ`\xac\x10l\x22\xc3Py\x5c>\
\x098\x07c\xc7\x9f\xcb\xd4\xabW\x8f\x95+W\x12\x16\
\x16fN\x95F\xe3\xc14n\xdc\x98\xfa\xf5\xeb\xf3\xcd\
7\xdf\x985\xe5\xc08\x90$\xc5\xbc\xaa\xb2)\x19\x01\
\xc4\x03\x1d\xcd\x1a{\xfd\xf5\xd7i\xd1\xa2\x85Y3\x1a\
\x8d\xc7\xf3\xc8#\x8f\xd0\xbf\x7f\x7f\x19\xa6F\xc80R\
\x1e%s\x00\x13\x80\xc9f\x0c\xf5\xec\xd9\x93\xe4\xe4d\
\x1c\x0e\xebO\x1b+**\x22%%\x85\xe4\xe4d\x8e\
\x1f?\xce\xd9\xb3g\x89\x88\x88\xa0e\xcb\x96$%%\
\xd1\xb2eK\xcb5\x95Gff&\xcb\x96-c\xc7\
\x8e\x1d\x1c9b\xa4\x8fo\xd2\xa4\x09\xed\xda\xb5#)\
)\x89\xbau\xeb\xda\xacP#\x8b={\xf6\x10\x1f\x1f\
O~~\xbeYS-\x81t\x09\x92\xcae%&\x17\
/\xac]\xbb\xd6\xf2\x85\x18\xd9\xd9\xd9\xe2\x95W^\x11\
aaa\x15jKHH\x10\xcb\x97/\xb7\x5c\xdf\xe5\
\xa4\xa7\xa7\x8b\xbb\xef\xbe[\xf8\xfb\xfb\x97\xab\xd3\xdf\xdf\
_\x0c\x1f>\x5c\xec\xdf\xbf\xdfV\xad\x1ay<\xf0\xc0\
\x032\x16\x06\x8dR\xe1\xf4%\x04\x00\xd9f\x04^{\
\xed\xb5\x967\xec\xd6\xad[E\x8b\x16-\xaa\xa5s\xc8\
\x90!\xe2\xe2\xc5\x8b\x96k\x9d={v\x85\x8e_\xba\
\x04\x04\x04\x88\xb9s\xe7Z\xaeS#\x9f\xf4\xf4t\xe1\
\xe7\xe7g6\x00,\x90\xea\xf1\xa5\xe8eR\x9c\x987\
o\x9e\xa5\x8d\xbaj\xd5*\x11\x1c\x1c\xec\x92\xd6N\x9d\
:\x89\xb3g\xcfZ\xa6u\xdc\xb8q.\xb7\xeb\xd3O\
?m\x99N\x8d:\x06\x0c\x18`6\x00\x1c\x95\xe4\xeb\
e\xf2\x80\x19q\xb5k\xd7\x16\xe7\xcf\x9f\xb7\xac1\xf7\
\xed\xdb'\x1a6lh\xaaA\xfb\xf5\xeb'\x0a\x0a\x0a\
\x94k\x9d5k\x96\xd9\x1b/\xe6\xcc\x99\xa3\x5c\xa7F\
-\xf3\xe7\xcf7\xdd\x0f0\x0e\xe0Q\xc2\xebf\x84\xdd\
p\xc3\x0d\x966f\xcf\x9e=e4\xa6x\xf3\xcd7\
\x95\xea\xdc\xbf\x7f\xbf\x08\x08\x080\xad\xd3\xdf\xdf_\xec\
\xdb\xb7O\xa9V\x8dZN\x9c8!\x1c\x0e\x87\xd9\xbe\
\xd0\xcd\xbc\xab_\x89\x13\x883c\xe0\xfa\xeb\xaf\x97\xa3\
\xa4\x0a,]\xba\x94\x94\x149\x9fD'M\x9a\xc4\x85\
\x0b\x17\xa4\xd8*\x8b\x89\x13'\x92\x97\x97g\xdaN~\
~>\xcf?\xff\xbcyA\x1a\xdb\x08\x0f\x0f\xa7m\xdb\
\xb6f\xcd\x5c%CKi\x9c@\xb4\x19\x03\xed\xdb[\
\x97(\xf8\xed\xb7\xdf\x96f\xeb\xd4\xa9S|\xf1\xc5\x17\
\xd2\xec]Nff&\x0b\x17.\x94f\xef\xd3O?\
\xe5\xfc\xf9\xf3\xd2\xeci\xacG\x82\x9f\x98\xf2\xd3\xf2p\
\x02u\xcc\x18h\xdd\xda\x9aS\x90\xb3\xb3\xb3Y\xb5J\
n\xf6\xe4\xa5K\x97J\xb5W\xc2\xf2\xe5\xcbe|\xfb\
\xbdD^^\x1e\xdf~\xfb\xad4{\x1a\xeb\x89\x8b3\
5\xd0\x06#5\xbftL\x07\x00\xabv\xfb\xa5\xa5\xa5\
\x91\x93\x93#\xd5\xe6\xb6m\xdb\xa4\xdaSiW\x95V\
\x8d5HX\x1e\x1f,CGi\x9cf\x0d\x07\x07+\
\xd1u\x05\xc7\x8e\x1d\x93n\xf3\xe8Q5_W\x8e\x1f\
?.\xdd\xa6\x8a\xeb\xd7XG\x9d:\xa6\x9e\xb3`\xf2\
A]\x1enyfyY\xa8Xb\xect\xaa\xb9|\
\x15Z\xedXb\xad\xf1~\x9c\xc0E3\x06.^4\
\xf5\xf3*\x13\x15%\xff\x14\xf2\xc6\x8d\x1bK\xb7\x09\x10\
\x19\x19)\xdd\xa6*\xad\x1ak\x90\xf0\xc5I\xc9'+\
\xa7Y\xc3\x8aS$_\x2266\x96\xda\xb5kK\xb5\
\xd9\xae\x9d\x9a\xac\xe7\xf1\xf1\xf1\xd2m\xaa\xd2\xaa\xb1\x06\
\x09~\xa2\xe4Ik:\x00\xa4\xa6Zs\x9aQ``\
 7\xde(\xf7T\xf2[oUs\xe2\xd9M7\xdd\
\x84\xbf\xbf\xbf4{\x01\x01\x01$%)M\x0c\xa3Q\
\xcc\x9e={\xcc\x9aP\xf2\x1d\xd8\x89\x91\x06\xcce\xac\
\x9c\x9d\x1e=z\xb44[\xe1\xe1\xe1\xdcr\xcb-\xd2\
\xec]NHH\x08w\xdcq\x874{C\x87\x0e\x95\
1\x89\xa4\xb1\x11\x09~b\xcaO+\xc2\xa3\x96\x02_\
w\xdduR\x96\x02\xcf\x9a5K\xa9NYK\x81k\
\xd5\xaa%\x0e\x1e<\xa8T\xabF-\xee\xbc\x14\x18\xe0\
~\xb3\x1d433\xd3\xb2\xc6LOO7\xbd\x19\xa8\
\x7f\xff\xfe\xa2\xb0\xb0P\xb9\xd6y\xf3\xe6\x99\x0e\x00\xff\
\xfa\xd7\xbf\x94\xeb\xd4\xa8\xe5\xff\xfe\xef\xffd<\xb4\x94\
m\x062\xbd\x1d\xf8\xddw\xdf\xb5\xb4A\xd7\xacY#\
\xea\xd4\xa9\xe3\x92\xd6.]\xba\x88s\xe7\xceY\xa6\xf5\
\xe9\xa7\x9fv\xb9]\xc7\x8f\x1fo\x99N\x8d:\xfa\xf7\
\xefo\xd6\xf9\x8fH\xf2\xf52\x09\x00\xb2\xcc\x08\xec\xde\
\xbd\xbb\xe5\x8d\xbam\xdb6\xd1\xb2e\xcbj\xe9\xbc\xf3\
\xce;EVV\x96\xe5Z\xe7\xce\x9d[\xad\xd7\x81Z\
\xb5j\x89\xb7\xdf~\xdbr\x9d\x1a\xf9\xec\xdb\xb7\xcf\xed\
\x13\x82\x00\xfc\xc7\xa4@\xb1z\xf5j\xcb\x1b7''\
GL\x9d:UDDDT\xa8\xed\x9ak\xae\x11+\
V\xac\xb0\x5c\xdf\xe5\x1c8p@\x8c\x181\xa2\xc2@\
\x10\x10\x10 \xee\xb9\xe7\x1e\xfd\xce\xefE\x8c\x1e=\xda\
\xac\xf3\x0b`\xa4\x0a\xa7\x87\xff&\x05\xfd;\xf0\x92\x19\
C\xd7^{-\xeb\xd7\xafW\xb6\xba\xae\x22\x8a\x8a\x8a\
\xd8\xb0a\x03\xeb\xd6\xad\xbb\x94\x14\xb4Q\xa3F\x97\x92\
\x82\xbaS\xa6\xe2\xf3\xe7\xcf\xb3|\xf9r\xb6o\xdf~\
))h\xd3\xa6M/%\x05\xd5\xb3\xfd\xde\xc3\xee\xdd\
\xbb\xe9\xd0\xa1\x83\x8c\x8da1\xc0~\x09\x92\xae\xa0$\
\x00\xb4\x03~5k\xec\x9dw\xdea\xe4He\xc1J\
\xa3\xf1(n\xbc\xf1F\x19;X\xb7c\xa4\xedWB\
\xc9\xe3z;\xf0\xb3Yc\x8f?\xfe\xb8\x8c\x05\x0f\x1a\
\x8d\xc7\xf3\xe6\x9bo\xca\xda\xbe\xfe\x81\x0c#\xe5q\xf9\
\x0e\x93\xb1\xc0t\xb3\x06;w\xeeLrr2\x81\x81\
\x81fMi4\x1e\xc9\xc6\x8d\x1b\xb9\xfe\xfa\xebed\
\x84*\xc6H\x04\xa2,)\xe8\xe5/\xec\x0b\x00\xd3\x8a\
\x7f\xfa\xe9'\x86\x0c\x19BAA\x81YS\x1a\x8d\xc7\
\x91\x9a\x9a\xca\xcd7\xdf,%\x1d\x1c\xb0\x02\xc5\x19\x81\
/\x0f\x00'\x81\xf7d\x18\xfd\xe6\x9bo\xb8\xe3\x8e;\
\xc8\xcd\xcd\x95aN\xa3\xf1\x08\xb6o\xdf\xce\x8d7\xde\
\xc8o\xbf\xfd&\xcb\xe4\x14Y\x86\xca\xa3\xf4&\xf3\x16\
@*PS\x86\xf1^\xbdz\xb1p\xe1B\x1a52\
u\xe6\xa8F\xe3\xf6\xacX\xb1\x82;\xef\xbc\x93\xb3g\
\xcf\xca2\xb9\x1e\xb8N\x96\xb1\xf2(\xfd\xcdn?\xf0\
\x91,\xe3\xeb\xd7\xaf\xa7S\xa7N:\x9f\x9d\xc6k\xc9\
\xcf\xcfg\xe2\xc4\x89\xdct\xd3M2\x9d\x1f\xe0E\x99\
\xc6\xaaCc\x8c\xad\x872\x160\x5c*C\x87\x0e\xd5\
\x0b\x5c4^\xc5\xb2e\xcbD\x5c\x5c\x9cT?\xf9\xbd\
|\xa5\xca\xb9\xab\xca\x13\xc8\xbf(\xe1\xef\xef/F\x8e\
\x1c)~\xf9\xe5\x17\xbb\xef\x9dF\xe3\x12\xf9\xf9\xf9b\
\xf1\xe2\xc5\xe2\xdak\xafU\xe1\xf8\x02\xe3\x9c\xce\x185\
n}%\xe5%\x9a\xab\x01l\x01\x94%\xfd\xef\xd0\xa1\
\x03\xb7\xdez+}\xfb\xf6%!!A\x7f6\xd4\xb8\
-\x19\x19\x19$''\xb3r\xe5J>\xff\xfcs\x99\
\x93|e\xf1\x0f`\x92\xca\x0a.\xa7\xa2L\x93\xf1\xc0\
\x0f\x80\xdc<\x5ce\x89p8\xa8S\xa7\x0eAAA\
8\x9dN\x9d\x00Sc;B\x08\x8a\x8a\x8a\xc8\xcc\xcc\
\x94\x9e\x8e\xbe\x02\xbe\x07\xae\x07,\xfb\x86^\x99\xa7\x8d\
\x02\xe4\x1d\xc7\xa3\xd1h\xca\xe3,\xd0\x198`e\xa5\
~\x95\xfc\xfbO@K\xa0\x83\x05Z4\x1a_\xa5\x18\
\x18\x0a\xfchu\xc5U\xd9\xba7\x0acE\x92F\xa3\
Q\xc38l\x9a\xf9\xaf\xea\xcbv\x1d`-\xc6\x10E\
\xa3\xd1\xc8\xe3E\xe0Y\xbb*\xaf\xcel[\x04F\xe2\
\x10e[\x135\x1a\x1fc&0\x06\xe3\xf3\x9f-T\
'{\xc7\x09\xa07\x90\xacH\x8bF\xe3KL\x01\x1e\
\xc3F\xe7\x87\xea\x8d\x00J\xa8\x8d\xb1sP\xcd\xa9\x1a\
\x1a\x8dwS\x08<\x04\xbcc\xb7\x10p-\x00\x004\
\x01\xbe\xc3\xc2\x15K\x1a\x8d\x97\xf010\x02#\x10\xd8\
\x8e+\x09\xfc\xae\x02R\xd0\xce\xaf\xd1\xb8\xc2\x9d\xc0b\
,X`W\x15\xaa;\x02H\x00\xbe\x01\xc2\x14h\xd1\
h|\x89\x1f\x80?\x03\xa7\xed\x14Q\x9d\x00\xd0\x03\xf8\
\x16\x08V\xa4E\xa3\xf15~\x01\xfa\x01\xa7\xec\x12P\
\xd5\x00\xd0\x0e\xe3\x9d\xbf\x81B-\x1a\x8d/\xb2\x09c\
\xfd\x7f\xb6\x1d\x95W\xb6\x14\x18\x8cw\xfd5@\xb8b\
-\x1a\x8d/\xd2\x18\x88\x03>\xc3\x86O\x82\x95\x05\x80\
@`\x15\xc6~\x00\x8dF\xa3\x866@\x10\xc6B;\
K\xa9,\x00\xcc\x01\x92\xac\x10\xa2\xd1\xf88=0\xce\
\xe7\xd8ee\xa5\x15\xcd\x01\x0cG\xf1\xa1\x04\x00QQ\
Q\xb4o\xdf\x9eF\x8d\x1a\xd1\xa0\x811\xc5 \x84\xad\
\x8b\xa34\x1a\x84\x10\x14\x14\x14p\xf2\xe4I\x0e\x1c8\
\xc0\xce\x9d;\xc9\xca\xcaR]\xed\x09\x8c\xf96\xa5\x19\
G.\xa7\xbc\x00\x10\x0e\xec\x06\xea\xab\xa84>>\x9e\
\xe1\xc3\x87s\xdbm\xb7\xd1\xaaU+\x15Uh4R\
\xc9\xcd\xcd\xe5\xbb\xef\xbec\xc9\x92%,X\xb0\x80\xf3\
\xe7\xcf\xab\xaaj\x110D\x95\xf1\xaa\xf2>\x0a\xf2\x9d\
\xddp\xc3\x0db\xd5\xaaU6gu\xd3h\xccq\xfe\
\xfcy1s\xe6L\x11\x19\x19\xa9*/\xe0`5n\
]5za$(\x90vA\xd1\xd1\xd1b\xc9\x92%\
v\xdf7\x8dF*\x17.\x5c\x10\xcf<\xf3\x8c\xa8Y\
\xb3\xa6\xec\x00\xb0\x07#/\xa7r\xcaz\x05X\x0f\xf4\
\x94U\xc1\xa0A\x83x\xef\xbd\xf7\xa8__\xc9\xdb\x84\
Fc;\x9b7o\xe6\xae\xbb\xee\x22--M\xa6\xd9\
\xd1X\xb0a\xa8\xf4^\x80\xeb\x91\xe8\xfc\xcf=\xf7\x1c\
K\x96,\xd1\xce\xaf\xf1j\x12\x12\x12\xd8\xbcy37\
\xdcp\x83L\xb3\xff\x00j\xc94X\x16\xa5?\x03\xfe\
\x0bI\xdf\xfc\xa7O\x9f\xce\xf8\xf1\xe3e\x98\xd2h\xdc\
\x9e\x80\x80\x00\x86\x0e\x1d\xca\xae]\xbb\xd8\xb5K\xca\x97\
\xbc\xba\xc0\x11\x8c\xf4\xfc\xca\xb8\xfc\x15 \x1e\xd8&\xc3\
\xe8\xa4I\x93\x988q\xa2\x0cS\x1a\x8dG\x91\x9f\x9f\
ORR\x12k\xd6\xac\x91an3\xd0U\x86\xa1\xf2\
\xb8\xfc\x15\xe0\x1e\x19\x06\xef\xbb\xef>\xed\xfc\x1a\x9f\xc5\
\xdf\xdf\x9f\xcf?\xff\x9c\xb8\xb88\x19\xe6\x12P\x9c\x91\
\xbbd\x04\xe0\x07\x1c\x02\xa2\xcc\x18k\xd7\xae\x1d?\xfc\
\xf0\x83>\xe5G\xe3\xf3l\xda\xb4\x89\x1e=zPX\
h:\xef\xc7L\x8c\xd4aJ(\x99\x03\xb8\x01x\xc4\
\x8c!\xa7\xd3\xc9\xd2\xa5Ki\xde\xbc\xb9iQ\x1a\x8d\
\xa7\xd3\xb8qc\xf2\xf3\xf3IN6\x9dB\xb3\x050\
M\x82\xa42)y\x05\xb8\xc9\xac\xa1\x91#G\xd2\xad\
[7\xb3f\xaa\x8d\x10\x82U\xabV\xf1\xe8\xa3\x8f\xd2\
\xb1cG\x1a5jD@@\x00M\x9b6%11\
\x91)S\xa6\xb0w\xef^\xcbu\x95\xc5\xf9\xf3\xe7\x99\
?\x7f>\x83\x07\x0f\xe6\xea\xab\xaf&88\x98\xe0\xe0\
`\xae\xbe\xfaj\x06\x0f\x1e\xcc\x07\x1f|\xa0r\x85\x99\
\xc6b\xc6\x8f\x1fODD\x84Y3\xe1(<\xa3\xb3\
\x84-\x98X\xb8P\xb3fM[\x8e\xfe^\xbbv\xad\
HHH\xa8T\x9f\x9f\x9f\x9f\x189r\xa48v\xec\
\x98\xe5\x1a\x85\x10\xa2\xa0\xa0@L\x9f>]4l\xd8\
\xb0R\xadaaab\xc6\x8c\x19\xa2\xb0\xb0\xd0\x16\xad\
\x1a\xb9\xcc\x981C\xc6\xc2\xa0'\xe4\xbb\xfc\x7f\xa9\x0f\
\x14\x99\x118b\xc4\x08\xcb\x1b\xf6\x8d7\xde\x10N\xa7\
\xb3Z:###\xc5\xc6\x8d\x1b-\xd5\x99\x99\x99)\
\xfe\xfc\xe7?W\xbbM\xfb\xf7\xef/\xce\x9c9c\xa9\
V\x8d|.\x5c\xb8 \xea\xd4\xa9c6\x00|-\xd1\
\xdf\xaf\xe0&\x93\xe2,_\xdf?a\xc2\x04\x97\xb5\xd6\
\xae]\xdb\xb2 p\xe1\xc2\x05\xd1\xb1cG\x97\xb5v\
\xea\xd4I\x5c\xbcx\xd1\x12\xad\x1au\x8c\x1a5\xcal\
\x008'\xc7\xd5\xcb\xe6q3\xe2\x1a5j$\x8a\x8a\
\x8a,k\xcc\x8f?\xfeX8\x1c\x0eS\x0d\x1a\x19\x19\
)\x8e\x1f?\xae\x5c\xeb\xed\xb7\xdfn\xf6\xc6\x8b!C\
\x86(\xd7\xa9Q\xcb\x8a\x15+L\xf7\x03\x8c\x93\xb9\x94\
0\xd7\x8c\xb0a\xc3\x86Y\xd6\x90\x17/^\x14\x8d\x1a\
5\x92\xd1\x98b\xd4\xa8QJ\xb5~\xfd\xf5\xd7Rt\
\x02\xe2\xdbo\xbfU\xaaU\xa3\x96\x9c\x9c\x1cQ\xbbv\
m\xb3\xfd@\xda\x12\xfd\xcbq\x02\xad\xcd\x18\xe8\xd5\xab\
\x97$)\x953{\xf6l222\xa4\xd8z\xef\xbd\
\xf7\xd8\xb7o\x9f\x14[e\xf1\x8f\x7f\xfcC\x9a-\xbd\
\xb0\xca\xb3\xa9U\xab\x16\x09\x09\x09f\xcd(I\x9c\xe1\
\x04\x22\xcd\x18\xb8\xfa\xea\xab%I\xa9\x9c\x8f?\xfeX\
\x9a\xad\xa2\xa2\x22>\xfb\xec3i\xf6.g\xdf\xbe}\
l\xd9\x22o\x09\xf7\xa6M\x9bHOO\x97fOc\
=W]u\x95Y\x13-d\xe8(\x8d\x13\xe3\xe8o\
\x97\x89\x8d\x8d\x95$\xa5bN\x9c8\xc1\xd6\xad[\xa5\
\xda\x5c\xb6l\x99T{*\xed._\xbe\x5c\xbaM\x8d\
uH\xf0\x93 \x19:Jc:\x00\xd4\xabWO\x92\
\x94\x8a\xd9\xbf\x7f\xbf\xf4\x5c\x81\xfb\xf7\xef\x97jO\xa5\
]UZ5\xd6 \xc1O\x02d\xe8(\x8d\x13\x93\x91\
\xc5\xaau\xff\xa7N\xc9?<E\xd6|BiN\x9e\
<)\xdd\xa6*\xad\x1ak\xa8]\xdb\xf4Q\x80J\xce\
\x12t\x02yf\x0c\xe4\xe5\x99\xfay\x95\x09\x09\x09\x91\
nS\xd5\xe8\xc5\x93\xb4j\xacA\xc2\xe8U\xd9\x08\xe0\
\x82\x19\x03\x17.\x98\xfay\x95\x89\x8a2\xb5Q\xd12\
\x9b\xaa\xec\xaa\xd2\xaa\xb1\x86\xdf~3\x9d\xe9[\xc9&\
\x11\xd3\x01\xe0\xd0\xa1C\x92\xa4TLll,M\x9a\
4\x91j\xb3O\x9f>R\xed\x95\xd0\xbbwo\xe96\
Ui\xd5X\xc3\x89\x13'\xcc\x9a\x90\xff^\x89\x11\x00\
L-3LMM\x95$\xa5b\x1c\x0e\x07\x03\x07\x0e\
\x94js\xd0\xa0AR\xed\x95\xd0\xa3G\x0f\xc2\xc3\xe5\
\x1d\xa5\x18\x11\x11A\xf7\xee\xdd\xa5\xd9\xd3X\xcf\xf6\xed\
\xdb\xcd\x9aP\x16\x00L\xad\x86\xd9\xbcy\xb3$)\x95\
\xf3\xd4SO\xe1\xef\xef/\xc5V\xb7n\xdd\x94=U\
\xfd\xfc\xfc\x187n\x9c4{O?\xfd4Ng\xe9\
\xfc\xad\x1aO\xe2\xa7\x9f~2kBI\x00\x00\xf8'\
&\x96(\xc6\xc7\xc7[\xba\xacr\xcc\x981\xa6\x97\xd6\
\xfa\xf9\xf9\x89\xf5\xeb\xd7+\xd5\x99\x9d\x9d-bbb\
Lk\x8d\x8d\x8d\x15999J\xb5j\xd4r\xf2\xe4\
I\x19K\xc2\x95\xe5\x04\x18fF\x98\xc3\xe1\x10ii\
i\x965f~~\xbe\xe8\xd3\xa7\x8f\xa9\xc6|\xed\xb5\
\xd7,\xd1\xbac\xc7\x0e\x11\x12\x12\xe2\xb2\xce\xe0\xe0`\
\xb1m\xdb6K\xb4j\xd4\x91\x92\x92b\xd6\xf9\xb3Q\
tP\x88\x130\xb5\xbcN\x08\xc1\x07\x1f(?C\xf4\
\x125k\xd6d\xd1\xa2E\xf4\xecY\xfd\xbd\x11\x0e\x87\
\x83g\x9f}V\xea\xf0\xbc\x22\xda\xb4i\xc3\x92%K\
.\x1dzZ\x1dBCC\xf9\xea\xab\xaf\x88\x8f\x8fW\
\xa0L\xe3a\xfc\x02\x98N.X\x1e\x0e\xe0\x18&\x22\
Tdd\xa4\xe5\xc3\xd4\xdc\xdc\x5c1f\xcc\x98*\x1f\
\xcb\x14\x15\x15%\x16-Zd\xa9\xc6\x12\xd2\xd2\xd2D\
\xaf^\xbd\xaa\xdc\x9e\xbd{\xf7\x16{\xf7\xee\xb5E\xab\
F>\x07\x0f\x1e4;\x02\x98)\xd9\xe7\xaf\xe0#\x93\
\x02\xc5\xacY\xb3li\xdc={\xf6\x88\x87\x1ezH\
4n\xdc\xb8\xcc\xd7\x93\x84\x84\x04\xf1\xea\xab\xaf\x8a\xac\
\xac,[\xf4]\xce\x17_|!n\xb9\xe5\x962\xb7\
\x86\x06\x06\x06\x8aA\x83\x06\x89/\xbf\xfc\xd2n\x99\x1a\
\x05\x98\x9c\x0f\xbaM\x95\xe3\x97\xa4\x05\xff+\xf0\xae\x19\
C\xe1\xe1\xe1\xec\xde\xbd\xdb\xb6c\xc0\x84\x10\xec\xdb\xb7\
\x8fc\xc7\x8eq\xee\xdc9\x22\x22\x22\x88\x89\x89!,\
,\xcc\x16=\x15\x91\x9d\x9dMzz:G\x8e\x1c\x01\
\xa0I\x93&\xc4\xc4\xc4\xe8t\xea^\xcck\xaf\xbd\xc6\
SO=\xe5\xcaO\x8f\x01\xcd\x81\x02\xa9\x82~\xa7$\
\x00\x84\xfe^\x91\xa9ol\xa3G\x8f\xe6\xad\xb7\xde2\
-J\xa3\xf16\xb2\xb3\xb3\xe9\xdc\xb9\xb3+\xebf\x86\
\x02\x9f*\x90\x04\xfc7-\xf8i$$\x1e|\xfb\xed\
\xb7Y\xb4h\x91Y3\x1a\x8d\xd7\x11\x18\x18\xc8\xc2\x85\
\x0b\xab;\x22}\x15\x85\xce\x0f\x7f<\x1aL\xcaT\xfe\
\xa8Q\xa3\xd8\xb6M\xca\x11\x83\x1a\x8dW\x11\x1f\x1f\xcf\
\xbau\xeb\xaa\x92\x1d(\x17\x18\x0b<\xadZ\xd3\xe5\x87\
\x83\xfac\xac\x0a4\xbd\xe0>22\x92\xe4\xe4dZ\
\xb6\x94r\xd0\xb0F\xe3U\x14\x15\x15\xf1\xdak\xaf\xad\
\x1a?~|\x01\xc6\xe1\x9f\xa1@1\xb0\x03c$\xfe\
\xbf\xc0a+\xb48J\xfd\xff\xc7\x80\x192\x0cGF\
F\xb2l\xd92:tPz\xb6\xa1F\xe3\x89\x9c\x06\
\xaer8\x1c%[\x04\xfd\x81|;\x84\x94^`\xfe\
\x0e\x92\xd6\x1c\x1f?~\x9c\xde\xbd{\xb3p\xe1B\x19\
\xe64\x1ao\xe2\xfe\xcb\x9c\x1flr~\xf8\xef\xe1\xa0\
%\x14`\x0cE\x06\xc80\x9e\x97\x97\xc7\xc2\x85\x0b9\
z\xf4(\xbdz\xf5\x92\x91\x15E\xa3\xf1t\xdet8\
\x1c\xd3\xed\x16QB\xe9W\x00\x80\x9a\xc0\xcf@[\x99\
\x15\x85\x85\x85\xf1\xec\xb3\xcf2j\xd4(\x1d\x084\xbe\
J2\xd0\xcf\xe1pX\x93F\xab\x0a\x94\x1e\x01\xc0\x7f\
'#\xee\xa5\xec\x00\xe1\x12\xd9\xd9\xd9,[\xb6\x8cw\
\xdf}\x97\xf3\xe7\xcf\xd3\xb8qcBCCe\x99\xd7\
h\xdc\x9d\x1d@\x7f\x87\xc3q\xd1n!\x97S\x91\x83\
\xcf\x03\xeeSYy\x9b6m\xe8\xdb\xb7/\xdd\xbau\
#..\x8e\xe8\xe8\xe8KGfk4^D*p\
\x83\xc3\xe18j\xb7\x90\xd2T\x14\x00\x82\x81M\x80\xe9\
\x13\x0d\xbc\x0d\x7f\x7f\xffKYz\xee\xbc\xf3Nn\xbb\
\xed6\x1c\x0ei\x83%\x8dw\xb1\x09\xf8\xb3\xc3\xe1\x90\
\x9f\xd6Z\x02\x95\xf5\xdax\xe0\x07\x14\xa5$\xf6\x16\xba\
v\xed\xca\xbf\xff\xfdo\xbd\xeeAS\x9a\x8f\x81Q\x0e\
\x87#\xcbn!\xe5Q\x95\xc7\xd6=\xc0\xfbU\xfc[\
\x9f%44\x94\xef\xbe\xfb\x8e\xb6m\xa5\xce\x9dj<\
\x93\x5c`\xbc\xc3\xe1\x90\xb2\xa6F%Uu\xea\xbf\x01\
\xaf\xa8\x14\xe2\x0d\xc4\xc4\xc4\xb0m\xdb6\x82\x82\x94\x9c\
\xe2\xa4\xf1\x0c\xd6\x00\xff\xe3p8v\xda-\xa4*T\
5\xd3\xe4\x14\xe0\x0d\x95B\xbc\x81\xf4\xf4t^\x7f\xfd\
u\xbbeh\xeca'0\xc4\xe1p\xf4\xf5\x14\xe7\x87\
\xea\x0d\xeb\x1d\xc0\xeb\x18\x9b\x144\xe5\xd0\xb4iS\x0e\
\x1e<\xa8'\x05}\x87\x0d\xc04`\xb1\xc3\xe1(\xb6\
[Luq\xa5\x97\xfe\x0dx\xd9\xc5\xdf\xfa\x04;w\
\xee\xb4\xf4\xd8t\x8d\xa5\x08`\x1b\xb0\x14\xf8\xd0\xe1p\
\xec\xb1Y\x8f)\x5c\xc94:\x05#y\xc8[@-\
\xb9r\xbc\x83C\x87\x0eY\x1e\x00.^\xbc\xc8\xf6\xed\
\xdb\xd9\xbe};\xe9\xe9\xe9\x14\x17\x17\x93\x9f\x9fO\xbd\
z\xf5h\xde\xbc9\xad[\xb7&!!\x81\x1a5\x94\
$\x97\xf5F\xce\x9e;w.k\xcd\x9a5\xf9\xeb\xd7\
\xaf\xbf\xf0\xeb\xaf\xbf\x16\x1c9r$\xeb\xe0\xc1\x83\x99\
\xd9\xd9\xd9'0^\x9f\xaf\xf9\xfdo=6\x08\xb8\xda\
\x1br1\x22\xa1\xa6\x0c\xac\x1a\xfeggg\xb3h\xd1\
\x22\x16.\x5c\xc8\x7f\xfe\xf3\x9fJ\x0fj\x0d\x09\x09\xa1\
o\xdf\xbe\x0c\x1f>\x9c[o\xbd\x15?\xbf\xb2\x16\x82\
\xfa6\xf9\xf9\xf9|\xf2\xc9'\xcc\x9b7\xafNJJ\
J\xbd\x82\x82\x82\xaa\xdc\xcc\xc3\xc0\xbf16\xd3\xa5\xa9\
Uh?\x0f\x03E\x98L\x22\xea\xcde\xe7\xce\x9dJ\
\x13Lfee\x89i\xd3\xa6\x89\x88\x88\x08\x9756\
o\xde\x5c\xcc\x9e=[\x14\x16\x16*\xd5\xea)\x14\x16\
\x16\x8a9s\xe6\x88F\x8d\x1a\x99\xb9\xf7E\x18\xdf\xfe\
\x9b\x97\xef>\x9e\xcd\xf3\xb8\x81\x83\xb9s\x89\x8e\x8e\x16\
\xc5\xc5\xc5\xca:jJJ\x8a\x94\x13\x87JJ\xd7\xae\
]\xc5\xcf?\xff\xacL\xaf'\xb0c\xc7\x0e\xd1\xa1C\
\x07\x99\xfd \x1bx\x02/\x9b'\xfb\x07n\xe0`\xee\
^&M\x9a\xa4\xac\xa3N\x9e<Y\xd4\xa8QC\xba\
\xe6\x80\x80\x00\xf1\xd1G\x1f)\xd3\xed\xce|\xfc\xf1\xc7\
\x22((HU\x7f\xf8\x02\xf0\x8aE!\x8f\xe0\x06\xce\
\xe5\xee%66V\xc9\xf9\x03\xc5\xc5\xc5R\xceD\xac\
\xa88\x1c\x0e\xa5\xc1K\x05;w\xee\x14\xb3g\xcf\x16\
\x7f\xf9\xcb_D\xaf^\xbdD\xcb\x96-ELL\x8c\
\x88\x8d\x8d\x15\xdd\xbbw\x17w\xdf}\xb7\x98:u\xaa\
\xd8\xb2eK\x99\xa3\xb29s\xe6\x08\xa7\xd3\xa9\xba_\
l\x04\xaa\x7f4\x94\x1b1\x14\xfd\xce_ii\xd8\xb0\
\xa1\xd8\xb1c\x87\x92\x8e>v\xecX\xcb\xaec\xc2\x84\
\x09J\xaeA\x16\x99\x99\x99\xe2\xd5W_\x15m\xda\xb4\
\xa9\xd6u5m\xdaT<\xff\xfc\xf3\x22##C\x08\
a<\xf9\x1d\x0e\x87U\xed\xba\x05\x0f\x0d\x02W\x03\x17\
q\x03\x07s\xe7\xd2\xbd{w\x91\x9e\x9e\xae\xa4\xc3\x7f\
\xf8\xe1\x87\x96_\x8f;\x06\x81\xbc\xbc<\xf1\xea\xab\xaf\
\x8a\xbau\xeb\x9a\xba\xb6\xa0\xa0 \xf1\xf0\xc3\x0f\x97y\
:\x93\xe2\xe2qA \x10\xf8\x157p0w+\xfe\
\xfe\xfe\x22::Z\x0c\x1d:T,Y\xb2D\xd9\xa4\
_ZZ\x9a\xca\xf7\xd3\x0a\x8b;\x05\x81\x9d;w\x8a\
\xf6\xed\xdb\xdb~\xdf%\x14\x8f\x0a\x02sQ\xd8\x18\x0e\
\x87Ct\xe8\xd0A\x8c\x193F,X\xb0@l\xda\
\xb4I\x9c:u\xca-\xce\xf0s\x17\x06\x0d\x1adk\
\x87u\x87 \xb0t\xe9R\xdb\x82\xa0\xa2\xe2\x11A\xa0\
'Fj0\xe9\x0d\x10\x15\x15%\xfe\xf9\xcf\x7f\x8a}\
\xfb\xf6\xd9\xdd\xb7\xdc\x9a\xd5\xabW\xdb\xddQm\x0f\x02\
\x0b\x16,P\xf2\xd5\xc3\x0d\x8a[\x07\x81\x1a\xc0V$\
_txx\xb8\x98;w\xae\xc8\xcd\xcd\xb5\xadCy\
\x12\xb7\xdez\xab\xdd\x9d\xd4\xd6 \xb0b\xc5\x8a*\x1f\
\xfd\xee\xa1\xc5m\x83\xc0\xa3H\xbe\xd8\x91#G\x8a3\
g\xceX\xde\x89<\x95\x8c\x8c\x0c\xb7\xeb\xfcO>\xf9\
\xa4e\xd7\x7f\xf8\xf0a\xd1\xb0aC\xdb\xaf\xd9\x82\xf2\
3\xc6\xa9@nC-\x8c\x8d>R.088X\
,X\xb0\xc0\xb2\x8e\xe3-\xcc\x993\xc7\xee\x8eYf\
\xb1j$\xd0\xbf\x7f\x7f\xdb\xaf\xd5\xc2\xf2\x136\x8e\x04\
Jo\x06\xba\x0f\x88\x94a\xb8~\xfd\xfa|\xf5\xd5W\
\xf4\xe8\xd1C\x869\x9f\x22%%\xc5n\x09e\xf2\xd2\
K/!\x84\xe0\xa5\x97^2eG\x08\xc1\x81\x03\x07\
\xd8\xb9s'g\xcf\x9e%;;\x1b\x7f\x7f\x7f\xc2\xc3\
\xc39t\xe8\x10+V\xac\x90\xa4\xd8#\xe8\x04\xac\x04\
n\x04\xce\xd8)\xa4\x06\x90\x8e\x84\xa8\xd6\xa0A\x03\xb1\
m\xdb6K\x9e\x16\xdeH\xcb\x96-\xed~*UX\
\xfe\xfe\xf7\xbfW\xfb\x9a\xb2\xb3\xb3\xc5\x82\x05\x0b\xc4\x90\
!CDHH\x88\xed\xd7\xe0\x86\xc5\xd6\x91\x00\xc0\xcd\
e\x88\xaav\x09\x0c\x0c\x14\x1b6lP\xe0\x16\xbeA\
qq\xb1\xf0\xf7\xf77u\x0f\xa2\xa2\xa2\xc4\xb4i\xd3\
\xc4\xe4\xc9\x93E\x83\x06\x0dl\x0d\x02\xe7\xce\x9d\x13/\
\xbc\xf0\x82\x08\x0b\x0b\xb3\xdb\xc1L\x95\x80\x80\x00\xf1\xc8\
#\x8f\x88\x17_|Q\xe5\x9a\x04[\x83\xc0\xc2*\x08\
\xac\xb4\xbc\xff\xfe\xfb\x8a]\xc4\xbb\xc9\xcc\xcc4\xd5\xfe\
\x0e\x87C\xfc\xfa\xeb\xaf\x97\xec\xed\xda\xb5\xcb\xec\x16W\
\x97\x83\xc0\xe7\x9f\x7f.\xa2\xa2\xa2lw^\x19e\xf2\
\xe4\xc9\x97\xae+;;[\xe5<\x85-A\xa0\x1e\x90\
cR\xb8\xb8\xf7\xde{U\xf9\x85\xcfp\xf8\xf0aS\
\xf7\xa0~\xfd\xfaW\xd8\xb4:\x08\xe4\xe7\xe7\x8b\xfb\xef\
\xbf\xdfv\xa7\x95Y\x96.]\xfa\x87k\xf4\xb6 \xf0\
\x17\xb3\xa2\x1b6l(~\xfb\xed7e\x8eQ\x19E\
EEb\xcf\x9e=\xe2\xbb\xef\xbe\x13K\x96,\x11\x1b\
6l\x10'N\x9c\xb0M\x8f\xab\x9c:u\xcat\x07\
Z\xbbv\xed\x15v\xad\x0a\x02\x17.\x5c\x10}\xfb\xf6\
\xb5\xddae\x97\x87\x1f~\xf8\x8a6\xf5\xa6 0\xdf\
\xac\xe0\x993g*u\x8c\xf2HMM\x15\x0f>\xf8\
\xa0\x88\x8c\x8c\xbcB\x93\xc3\xe1\x10]\xbat\x11S\xa7\
N\x15\x17/^\xb4E_u\xc9\xcf\xcf7\xbd\xfa-\
44\xb4\xcc$\x1f\xaa\x83@^^\x9eW\x7f\xc2\x9b\
>}\xfa\x15m\xea-A\xe0\xa0\x19\xa1\x11\x11\x11\x22\
;;\xdb\x0a\xff\xb8Dnn\xaex\xf4\xd1G\xab\xbc\
`&22R|\xfa\xe9\xa7\x96jt\x95V\xadZ\
\x99\xee<v\x04\x81\xab\xae\xba\xca6\xe7t:\x9db\
\xf6\xec\xd9\xe2\xf0\xe1\xc3b\xfe\xfc\xf9\xa2N\x9d:J\
\xea\xf1\xc6 \x10kV\xe4s\xcf=g\x81[\xfc\x97\
\x93'O\x8a\x1e=zT[\xa7\xc3\xe1\x10\x13'N\
\xb4T\xab+\x0c\x1b6LJ\xe7\xb1#\x08\xd8Un\
\xbe\xf9\xe6?\x5ccJJ\x8a\xb2 \xf0\xfa\xeb\xaf_\
\xd1\xa6\x9e\x1c\x04\xee4+055U\x993\x94&\
??_\xf4\xe9\xd3\xc7\x94\xde\xa9S\xa7Z\xa6\xd7\x15\
\xdez\xeb-i\x9d\xc7W\x82\xc0\x88\x11#\xae\xb8F\
/\x0c\x02J\x96\x0d\x9b\xca\xf5\xd7\xbe}{%NP\
\x1e\x8f=\xf6\x98\xe9\xc6\xf4\xf3\xf3\x13\xeb\xd6\xad\xb3T\
wu8y\xf2\xa4\xd4\xbd\x00\xbe\x10\x04BBB\xc4\
\xde\xbd{\xaf\xb8\xc6\xf5\xeb\xd7\xeb P\x09\x1f\x99\x11\
5f\xcc\x18%NP\x16\xa9\xa9\xa9\xd2\x1c\xa3k\xd7\
\xaeJ\xb3\xf7\x9a\xe5\xf6\xdbo\x97\xday|!\x084\
m\xda\xb4\xccm\xe6*\x83\xc0\xb4i\xd3\xae\xa8/'\
'\xc7\xa3\x82\xc0\x0ff\x04}\xf8\xe1\x87J\x1c\xa0,\
\x1e|\xf0A\xa9\x8d\xb9z\xf5j\xcb\xb4W\x97\x8d\x1b\
7J\xef<\xbe\x10\x04\xa2\xa3\xa3u\x10\xa8&{\xcd\
\x88\xd9\xbcy\xb3\x12\x07(MQQQ\x99\x9f\xfa\xcc\
\x14+G/\xae0x\xf0`\xe9\x9d\xa7^\xbdzb\
\xd3\xa6MW\xd4\x95\x9a\x9a\xea5\xab\xf6\x9a6mZ\
\xe6\xeb@JJ\x8a\x92}\x08\x0e\x87\xa3\xcc\xb4\xea\xb9\
\xb9\xb9b\xe0\xc0\x81\xaa\xaes+\xd0\x10\x09d\x98\x11\
b\xd5b\x9b={\xf6Ho\xc4N\x9d:Y\xa2\xdd\
U\x0e\x1f>,\xea\xd5\xab'\xfd\xba\xf5H@\xfeH\
 00P\x1c=z\xf4\x8a\xfa<a$\x90eF\
\x84U\xdf\xffU\xa4\xc8\x0a\x0f\x0f\xb7D\xbb\x19>\xfb\
\xec3%\xe9\xabu\x10\x90\x1f\x04\x1e}\xf4\xd12\xef\
aNN\x8e\x180`\x80\xaa\xeb4\x1d\x04\x0a\xcd\x08\
\xb0\xeal\xb9\xa5K\x97Jo\xbc\x80\x80\x00K\xb4\x9b\
\xe5\xe5\x97_V\xd2y\xdc!\x084k\xd6L\x8c\x1e\
=Z\xf6\xd1\x5c\x97\x8a\x95A 22R\x14\x15\x15\
\x95y\x0f\xdd9\x08d\x9a\xa9<33Sz\x87/\
\x0b\x15\x93b\xcd\x9b7\xb7D\xbb\x0c\xfe\xf6\xb7\xbf)\
\xe9<v\x06\x81\xc6\x8d\x1b\x8bs\xe7\xce\x09!\x8c\xc3\
9G\x8e\x1c\xa9\xa4\x9e\xe8\xe8\xe82\xcfmP\x11\x04\
\x0e\x1e<X\xee=T\x1c\x04~\x06\xea\xe3\x02GT\
]\xb0L222\xa4\x0f\x85\x13\x13\x13-\xd1.\x0b\
o\x0b\x02C\x87\x0e\xfdC}EEE\x1e\x1f\x04*\
\x9b\x14W\x1c\x04\xd6\x03\xb5\xa9&\xbb\xcdTj\xe5\xa7\
\xb4.]\xbaHm\xb0W_}\xd52\xed\xb2\xf0\xa6\
 \x10\x1f\x1f\x7f\xc5\x90\xd9\x8e \x90\x9c\x9c,-\x08\
T%\xdd\xbd\xe2 \xb0\x94+S\xfdU\xc8wf*\
\x9c5k\x96\xeb\xbd\xb9\x9aL\x9d:UZC\xd5\xa8\
Q\xc3c\xcf&\xf0\xa6 0v\xec\xd8+\xeaS\x19\
\x04\x9a5k\xa6,\x08\xd4\xad[W\xe4\xe7\xe7W\xe9\
\x1e*\x0e\x02\xf3\xa8\xc6\xd1\xe4o\x9b\xa9l\xd8\xb0a\
\xd5\xef\xc1.\x92\x9d\x9d-\x9a4i\x22\xa5\x91\x1ex\
\xe0\x01\xcbt\xab@\x07\x01\xf7\x0b\x02w\xdduW\xb5\
\xee\xa1\xe2 \xf0,Ud\x9c\x99\x8a\x22\x22\x22\xca\x9d\
\xf9T\xc1\xa7\x9f~jz. **\xea\xd2)\xb1\
\x9e\x8c/\x04\x81\xbf\xfe\xf5\xaf\xca\x82\xc0\xb1c\xc7\xae\
\xa8\xd3\xd5 \xe0\xe7\xe7'\xb6o\xdf^\xed{\xa80\
\x08\x14\x02}\xa8\x02\x03\xcdV\xb6r\xe5\xcaj_\xb8\
\x19&N\x9c\xe8\xb2\xd6\xda\xb5k\x8b\x1f\x7f\xfc\xd1R\
\xbd*\xd1A\xc0\xf5\xd2\xbd{wQPPpE\x9d\
\xc9\xc9\xc9\x2288\xb8Z\xb6^x\xe1\x05\x97\xef\xa1\
\xc2 p\x04\x08\xa3\x12\xc20y\x0e\xe0\xf0\xe1\xc3]\
\xbexWy\xe3\x8d7\x84\x9f\x9f_\xb5tFEE\
\x89\x1f~\xf8\xc1r\xad\xaa\xd1A\xc0\xf5\xf2\xce;\xef\
\x94\xd9\xa6\x1b6l\xa8\xf25>\xf1\xc4\x13\xa67\x96\
)\x0c\x02_S\x85\xf9\x80_\xccTR\xb3fMq\
\xe0\xc0\x01S\x0d\xe0\x0a\xeb\xd6\xad\x13\xd7\x5csM\xa5\
\xfaj\xd4\xa8!\xee\xbf\xff~\xaf\x18\xf6\x97\x87\x0e\x02\
\xae\x95\x8a\x96\x83\x1f=zT\xdcs\xcf=\xc2\xe9t\
\x96\xf9\xdb\xb8\xb88\xb1d\xc9\x12i\xf7Pa\x10\x18\
]\x86\xcf\xff\x81\xe9f+\xb1kR\xad\xb8\xb8X\xac\
^\xbdZ<\xf6\xd8c\xa2S\xa7N\x22\x22\x22B\xf8\
\xfb\xfb\x8b\xe8\xe8h\x91\x98\x98(\xa6L\x99\xe2\xb1\xb3\
\xfd\xd5E\x07\x81\xea\x17\x87\xc3Q\xe9~\x96\x8c\x8c\x0c\
1o\xde<\xf1\xcc3\xcf\x881c\xc6\x88)S\xa6\
\x88\x8d\x1b7*\x99\xfb\xca\xc9\xc9\x11III\xb2\xdb\
\xf3$\x95,\x12J2[\x89\x9f\x9f\x9fe;\x035\
\xe5\xf3\xcc3\xcf(qH;v\x11\x8e\x1d;\xf6\x8a\
\xa1uqq\xb1\xf4m\xe1\xee6'\x94\x97\x97\xa7b\
\x17\xe1\x8c\x8a\x02@\x0dL\xee\x0a\x04c8\xa5\x8f\xff\
\xb6\x1f=\x12\xa8^\xf9\xfe\xfb\xef\xad\xb8-\xd5B\xc1\
H\xa0\x00\x88\xaf(\x08\x98~\x0d\x00\xc4#\x8f<b\
w\xdbi\x84\x0e\x02\xd5)\x87\x0f\x1f\xb6\xe2\x96T\x9b\
\x9c\x9c\x1c\xd1\xabW/\x99m\xf9EE\x01\xa0\x93\xac\
\x8a\xec:#@\xf3G\xf4\xeb@\xe5%..\xce\xaa\
\xdb\xe1\x12\xe7\xce\x9d\x93y\x16a1puEA`\
\xad\x8c\x8a\x9cN\xa7>#\xd0M\xd0#\x81\x8a\x8b'\
\xec\x079x\xf0\xa0\xcc\xc0:\xa7\xa2\x00\xd0O\xd6\xcd\
r8!c+\xe3\x00\x00\x0bnIDAT\x1cb\
\xca\x94)v\xb7\x9dFxW\x10x\xf9\xe5\x97\xaf\xa8\
\xcf\xd5 \xd0\xaaU+\xcb\x0f\xb4q\x955k\xd6\x94\
\xfb9\xb2\x9a%\x9bJR\x89}/\xf3\x86\xddv\xdb\
m\xe2\xec\xd9\xb3v\xb7\x9f\xcf\xe3-A\xc0\xe9t\x96\
9k_TT$F\x8d\x1aUe;\x0d\x1a4\x10\
;v\xec\xb0\xa2\xe9\xa51n\xdc8Y\xed\xf8TE\
\x01\xa0\xaf\xec\x9b\xd6\xb4iS\xf1\xd9g\x9f\xd9\xdd~\
>\x8f\xb7\x04\x81~\xfd\xfa\x95{\x8dS\xa7N\x15\x01\
\x01\x01\x15\xfe\xbeC\x87\x0e\x22--MeS+!\
77W\xb4k\xd7NF\x1bn\xac(\x00\x00,P\
\xd1Q\xae\xbb\xee:\xf1\xed\xb7\xdf\xda\xdd\x8e>\x8d7\
\x04\x01??\xbf\x0a\x17\xef\x1c8p@<\xfe\xf8\xe3\
\xa2u\xeb\xd6\x97\x96\x8b\xd7\xa9SG$%%\x89\x0f\
?\xfc\xd0\xd2\xcdk\xb2Y\xbe|\xb9\x8c6,\x06\x9a\
T\x14\x00\x221\x99*\xac\xa2r\xd5UW\x89\x17_\
|\xd1\xa5\xddS\x1a\xf3xC\x10\xf8\xfa\xeb\xaf\xabt\
\xad\x85\x85\x85\xe2\xc2\x85\x0b\xb2\x9b\xd0V$}\x1a|\
\x14*\xde$0\x12x\xa7\x82\x7f\x97B\xa3F\x8d\xe8\
\xda\xb5+qqq4k\xd6\x8c\xe0\xe0`\x82\x82\x82\
TW\xeb\x96DDD\x10\x1b\x1bKTT\x94\xf2\xba\
\xc6\x8f\x1f\xcf\x94)S\xa4\xdb\x0d\x0d\x0de\xe5\xca\x95\
t\xec\xd8\xf1\x0f\xff}\xf7\xee\xdd$&&\x92\x91\x91\
!\xa5\x9ey\xf3\xe6q\xdf}\xf7I\xb1\xe5i\xac]\
\xbb\x96\xc4\xc4D\xb3fV\x017V\xf6G\x1f\xa2h\
\x14\xa0K\xd9\xc5\xe1p\x88n\xdd\xba\x89\xc5\x8b\x17+\
\x7f\x92\x98\xd9V]Q\xb1b\x9d\xc0\xe7\x9f\x7f\xae\xbc\
}\xdc\x99\xb6m\xdb\x9am\xc3\xf3\x80\x93J\x08\x02v\
\xda\xed\x14\xbeZ\x06\x0f\x1e,\xb2\xb2\xb2\x94v$O\
}\x1d\xd8\xb5k\x97\xd2vqw&O\x9e,\xe3>\
U\xb8(\xa8\x848\xe0\x94\xdd\xce\xe0\xab\xe5\xa6\x9bn\
R~\xf6\x82\xa7\x05\x81\xd6\xad[+m\x0fO`\xff\
\xfe\xfd2\xb2d\x8f\xa0\x8at\x03.\xd8\xed\x0c\xbeZ\
\xa6N\x9d\xaa\xbcCyR\x10x\xef\xbd\xf7\x94\xb7\x87\
'\xd0\xaaU+\xb3\xf7\xa7\xc2\x1d\x82\xa5\x19\x00\xe4\xda\
\xed\x0c\xbeX\xea\xd5\xabg\xc9L\xb6'\x04\x81\xa4\xa4\
$\x8f\xfe\x8c'\x93\xbb\xef\xbe\xdb\xec\xbdYJ5\xb9\
\x1e8g\xb7C\xf8bY\xb8p\xa1%\x9d\xca\xea \
\x90\x9a\x9a*bcc\xabd\xa3O\x9f>zU\xe9\
e\xcc\x981\xc3\xec}\xf9\x01\x17\xe8\x04\x1c\xb7\xd3\x19\
|\xb1<\xf9\xe4\x93\x96u,\xab\x83\xc0\xe9\xd3\xa7\xc5\
\x83\x0f>(j\xd4\xa8Q\xe6\xefBBB\xc4\xa4I\
\x93\xaa\x9cs\xdfW\xf8\xea\xab\xaf\xcc\xde\x93\x83U>\
<\xa0\x14\xcd\x80O\x80k\x5c\xfc\xbd\xa6\x9a\xf4\xeb\xd7\
\xef\xe0\x8a\x15+~\xb4\xaa\xbe{\xef\xbd7~\xfe\xfc\
\xf9W\xc9\xb6[\xde:\x01\x80\x8c\x8c\x0c\xbe\xfc\xf2K\
v\xec\xd8\xc1\xd9\xb3g\x09\x0b\x0b\xe3\x9ak\xaea\xc0\
\x80\x01\x84\x84\x84\xc8\x96\xe2\xf1l\xda\xb4\x89n\xdd\xba\
\x991\x91g\xe6\xc75\x80\xe7\x81\x22\xdc\xe0\x09\xe9\x03\
ef\x95\xee\x8a\x5c^1\xa1\xb7\xdcR\xdeH@S\
=\x0e\x1c8`\xfa^T\xba\x10\xa0\x02\x0a1\x02\xc0\
@`\xbf\x09;\x9a\xaa\x91jC\x9d\xe3\x81\x17e\x1b\
=}\xfa4\x89\x89\x89l\xde\xbcY\xb6i\x9f\xa2f\
\xcd\x9a\xa6m\x98\x09\x00%,\x03\xdabt\x14SC\
\x0aM\xb9\x14\x03_\xdaT\xf7\xb3\x80\xf45\xc3\xe7\xce\
\x9d#))\x89\xad[\xb7\xca6\xed3\xe4\xe4\xe4\x98\
\xb6!#\x00\x00\xe4`t\x946\xc0\xbb@\xbe$\xbb\
\x1a\x83\x05\xc0A\x1b\xeb\xd7#\x017$;;\xdb\xac\
\x89\x22Y\x01\xa0\x84t`\x14\xd0\x0a\x98\x85\xb1\xdeX\
c\x8e\xa3\xc0\xd3v\x8b@\x8f\x04\xdc\x8e\x13'N\x98\
5Q ;\x00\x94p\x08c\xbba#`\x18\xf0\x0d\
\xc6\x9c\x81\xa6z\x1c\xc5\x98c9n\xb7\x90\xdf\xd1#\
\x017b\xcf\x9e=fM\x1cS\x15\x00J\xc8\x01>\
\x06\xfe\x8c\x91\x87l\x10\xf0&\xb0\x1d\x1d\x10*\xa2\x18\
c'f\x02\xe0n\x8f\xc6\xd71\xd2\xc6IE\x8f\x04\
\xaaOZZ\x9aY\x13.\xaf\x03\x90\x81?\x10\x8b\xb1\
\xd9(\x06#@\x04\xff^|3!\x00\x9c\x00\xf6`\
,\xd1\xb4\xf3\x9d\xbf4M\x81\xdb\x81[\x80\xde\x18\x9f\
\x80\x95P\xd1:\x01\xcd\x1f\xe9\xd3\xa7\x0f\xeb\xd6\xad3\
c\xe2=YZ4\xdeI{\xe0\x03\x8cSe,[\
\xf3\x10\x1a\x1a*v\xef\xdem\xf7gv\xb7&++\
\xab\xd2\xdc\x87U(\xcf\xa9~\x05\xd0x&\xed1\xe6\
m\xb6\x02\xc3Q\xf8\xc4/\x8b\xd3\xa7O3h\xd0 \
rss\xad\xac\xd6\xa3HII!/\xcf\xf4W\xf7\
]:\x00h.\xa7\x160\x19\xd8\x0c\xdcD\x15\xce\x95\
WEjj*\xb3f\xcd\xb2\xabz\xb7\xe7\xcb/\xa5\
,\x0b\xf9\xde\xce9\x00\x8d{\xd1\x13\x98\x07\xb4\xb6[\
H\x09\xadZ\xb5\x921\xd3\xedu\x14\x16\x16\xd2\xa4I\
\x13\xb3\x9f\x01\x0f\x01\xcd\xf4\x08@\x03p/\xb0\x1a7\
r~0f\xb9\x8f\x1c9b\xb7\x0c\xb7c\xe5\xca\x95\
2\xd6\x00|\x0f\xf2V\x02j<\x13\x070\x09x\x1f\
\xe3\xab\x8c\xdbq\xe8\xd0!\xbb%\xb8\x1ds\xe7\xce\x95\
a&\x05,\x9e\xdc\xd1\xb8\x15N\x8c\xcf@\xf7\xd8-\
\xa4\x22\x9cN\xfd\x8c\xba\x9c={\xf6\xc8x\xff\x17\xfc\
~T\xb8n]\xdf\xc4\x01\xcc\xc6\xcd\x9d\x1f\xa0y\xf3\
\xe6vKp+\xa6M\x9bFqq\xb1Y3\x1b\x80\
\xc3\x12\xe4h<\x94\xc9\xd8\x9f\xdf\xa0\xd2\xd2\xb6m[\
\xbb?\xb7\xbb\x15{\xf7\xee\x15\xfe\xfe\xfe2\xdavl\
IG\xd0#\x00\xdf\xe3n`\x82\xdd\x22\xaa\xc2C\x0f\
=d\xb7\x04\xb7b\xc2\x84\x09\xe4\xe7\x9b\xdeh[\x0c\
,\x92 G\xe3\x81t\xc2\xd8\x9fa\xfb\xd3\xbd\xb2\xd2\
\xb1cG\x9d\x03\xf026l\xd8 \xe3\x1c\x00\x01\xac\
\x90\xd4\x974\x1eFm<\xe4\x94\xa7\xe8\xe8hq\xe0\
\xc0\x01\xbb}\xcem\xc8\xcf\xcf\x17\xf1\xf1\xf1\xb2\xda\xf7\
Or\xba\x93\xc6\xd3x\x1d7p\xee\xca\xca\x80\x01\x03\
\xc4\xb1c\xc7\xec\xf69\xb7\xe2\x85\x17^\x90\xd5\xbe\xbb\
(\xb5\xbaS\xaf\x04\xf4\x0d\xdab\xac\xebW\xf6\xd97\
,,\x8c6m\xda\x10\x17\x17Gdd$\xf5\xea\xd5\
#00\xf0\xd2\xbf\xe7\xe5\xe5\x91\x91\x91\xc1\xd1\xa3G\
/\xfd\xef\xa9S\xa7\xc8\xcf\xcf'<<\x9ck\xaf\xbd\
\x96\x11#F\xd0\xb7o_U\x12=\x92\xad[\xb7\xd2\
\xbd{w\x19\xeb\xfe\x01\x1e\x02\xfe\xb0\x88@\x07\x00\xdf\
`\x19\x90$\xdbh\xef\xde\xbd\x194h\x10\x03\x07\x0e\
\xa4uk\xb7ZD\xe8\x15\x5c\xbcx\x91\x84\x84\x04R\
S\xa5\xe4\x83=\x054\x07L\xe7\x11\xd3x\x16]\x90\
8Dw8\x1c\xe2\x96[n\x11?\xfe\xf8\xa3\xdd#\
c\xafg\xc4\x88\x112_\xaf\x1eU\xd9\xc94\xee\xcb\
\x87H\xeaD\x91\x91\x91b\xc5\x8a\x15v\xfb\x85O0\
}\xfat\x99\xce\x9f\x0a\x98\xcf!\xae\xf18\xea\x00Y\
H\xe8D\xadZ\xb5\xd23\xf3\x16\xf1\xcd7\xdf\x08?\
??\x99\x01\xe06\xa5\xbdL\xe3\xb6\x0cFB\x07\x0a\
\x0f\x0f\x17\xfb\xf6\xed\xb3\xdb/|\x82-[\xb6\x88\x90\
\x90\x10\x99\xce_a\xce0\xbd\x12\xd0\xbb\xb9\xde\xac\x81\
\xc0\xc0@\xbe\xfa\xea+bbb$\xc8\xd1T\xc4\xae\
]\xbbHJJ\xe2\xfcyi\xd9\xf4\xf3\x81G*\xfa\
\x03\xbd\x1b\xd0\xbb\x897k\xa0e\xcb\x96\xcc\x9a5\xeb\
\xd2)45k\xd6$88\x98\xc0\xc0@BCC\
\x89\x88\x88\xa0Y\xb3f\xc4\xc4\xc4\xd0\xacY3)\xc7\
U\xf9\x22\xe9\xe9\xe9\xf4\xef\xdf\x9fS\xa7N\xc94\xfb\
\x02\xf0kE\x7f\xa0?\x03z7\x8702\xfaZB\
\x8d\x1a5h\xdb\xb6-]\xbat\xa1K\x97.t\xef\
\xde\x9d\x8e\x1d;\xea-\xbd\x95\x90\x9e\x9eNbb\xa2\
\xec\xdc\x07\x9b\x81k\xa9$\xfd\xbe\x0e\x00\xde\xcdY\xa0\
\x9e\x9d\x02BCCILL\xa4o\xdf\xbe\xfc\xe9O\
\x7f\xa2Y\xb3fv\xcaq;\x149\x7f\x1e\xc6\xe7\xdf\
\x1d2\x8dj<\x8f\xd3\xc8\x9bL\x92R\x12\x12\x12\xc4\
+\xaf\xbc\x22\xd2\xd2\xd2\xec\x9eo\xb3\x9d}\xfb\xf6\x89\
\xe8\xe8h\x15\xed\xfc\x84\xb4\x1e\xa4\xf1hv\xe3\x06N\
_^\xe9\xdc\xb9\xb3\x989s\xa68s\xe6\x8c\xdd\xbe\
h9\x0a\x9d\xffc\xf4\xc8^\xf3;\x9f\xe1\x06\x8e^\
Y\x09\x08\x08\x10C\x86\x0c\x11K\x97.\x15\x85\x85\x85\
v\xfb\xa6r\x0e\x1c8 Z\xb4h\xa1\xa2-\xb7\xe1\
\xbb\xa7ji\xca`,n\xe0\xe0\xd5)\xadZ\xb5\x12\
\xb3g\xcf\x16\x17/^\xb4\xdbO\x95\xa0\xf0\xc9\x7f\x06\
hi\xb6\xc3h\xbc\x8bh\x8cY`\xdb\x1d\xbb\xba\xa5\
A\x83\x06b\xc2\x84\x09^\xb55X\xa1\xf3\x17\xa0`\
\xb3\x97\xc6;\xf0\x88\xd7\x80\xf2\x8a\xbf\xbf\xbf\xb8\xf7\xde\
{\xc5/\xbf\xfcb\xb7\xff\x9aB\xa1\xf3\x17c\x9c\xeb\
\xa0\xd1\x94\xc9\xd5\x18+\xc2lwf\xb3\xa5_\xbf~\
b\xf9\xf2\xe5\xa2\xb8\xb8\xd8n\x7f\xae\x16\x0a\x9d_p\
Y\x82O\x8d\xa6<\xfe\x077p`Y\xa5]\xbbv\
\xe2\xddw\xdf\x15999v\xfbv\xa5l\xd9\xb2E\
DFF\xaaj\x8bI.\xf7\x08\x8d\xcf\xf1\x0en\xe0\
\xbc2Khh\xa8\x18;v\xac\xd8\xb1c\x87\xdd~\
^&_~\xf9\xa5\x08\x0e\x0eVu\xfd\xb3]\xed\x08\
\x1a\xdf\xc4\x0f\x98\x83\x1b8\xae\x8a\xd2\xb3gO\xf1\xfe\
\xfb\xef\xbb\xc5\xd7\x83\x82\x82\x021i\xd2$\xd9[z\
//o\xa1\xbf\xf5k\x5cd,\x1e\x92\x1a\xdc\x95\x12\
\x18\x18(\x06\x0f\x1e,>\xf9\xe4\x13\x91\x95\x95e\xb9\
\xf3\xff\xf8\xe3\x8f\xa2[\xb7n*\xaf\xf1_h\xe7\xd7\
\x98\xa45\xb0\x1c7pX\x95%00P\x0c\x192\
D\xcc\x9b7O\x1c>|X\xa9\xe3\xff\xf4\xd3Ob\
\xd8\xb0a\xc2\xe9tj\xe7\xd7x\x0c\x1d1^\x0b\x0e\
\xe1\x06\x0e\xab\xba\xb4i\xd3F\x8c\x1d;V,\x5c\xb8\
P\xa4\xa7\xa7\x9bv\xfa\xe3\xc7\x8f\x8b\xd9\xb3g\x8b\xeb\
\xae\xbb\xce\x0a\xfdJ\x9c_G\x13M\x09\xcd0>\x19\
F\x02\xa1\x18s\x06\x99\x18\xdf\x99KS\x0fh\x08D\
a\x8c&Z\x03u\xad\x91)\x8f\xd0\xd0P:w\xee\
L\x5c\x5c\x1c-Z\xb4\xa0E\x8b\x164n\xdc\x98\xba\
u\xeb\x12\x14\x14DPP\x10\xf9\xf9\xf9dee\x91\
\x95\x95Ezz:\xe9\xe9\xe9l\xdf\xbe\x9d\xef\xbf\xff\
\x9e\xdd\xbbw[%\xf5-\xe0A\x8c@\xa0\xd1\xb8%\
-0\xce\x1d\x9c\x85\x91\x84\xc2\xf6'\xbe\x97\x94\xb9\xe8\
\x07\xb5\xc6\x03i\x01<\x06\xac\xc4K\x16\x22\xd9P\xb4\
\xf3k\xbc\x82\xfa\xc0\xfd\x18Yj\xecv*O)o\
\xa3svj\xbc\x90\x8e\xc0\x0c\xe0\x1c\xf6;\x99\xbb\x16\
\xfd\xe4\xd7x=!\x18k\x12\xd2\xb1\xdf\xe1\xdc\xa9\xcc\
@;\xbf\xc6\x87\xf0\xc38\xbf\xe0{\xecw>;K\
1\xf07\x93m\xa9\xd1x4]\x80\xf9\x18\xfb\xdb\xed\
vH+K\x010JB\xfbi4^AK\x8c\xcf\
\x89R\x8e5s\xf3r\x18\xb8NN\xb3i4\xdeE\
(\xf04\xb0\x17\xfb\x1dUE\xf9\xf2\xf7k\xd4h4\
\x15\xe0\x04\xfacd7\xf2\x865\x05\xe70r4\xe8\
\xc9>\x8d\xa6\x9aDa\x8c\x0a~\xc1~G\xaen)\
\x06\xde\x03\x22\xa4\xb7\x8aF\xe3\x83\xb4\x03^\x02\xf6c\
\xbfsWV\xbe\x05\xba\xabi\x06\x8dF\xd3\x16\xe33\
\xdaz\x8c'\xad\xdd\x0e/\x80\x22\x8c\xf7\xfcn\x0a\xaf\
[\xa3\xd1\x94\xa21\xc6\xd2\xe3\x05\xc0\x11\xac\x1f\xe6o\
\xc4X\xe4\xd4X\xf5\x85\x9aEOBh|\x81\x18\x8c\
Om\xdd\x81\xf6\x18\xaf\x0e!\x12\xed\x1f\x01\x92\x81\x14\
\xe0k\xe0\x80D\xdbJ\xd1\x01@\xe3\x8b8\x80\xe6\x18\
\xaf\x0d-0\x9e\xd4\x8d1\x0eR\x09\xc2\xd8\xbcT\x13\
\x08\xc6x\xa2g\x02\xd9@.\x90\x81\xb1|\xb9\xa4l\
\x03\x0eZ\xaa^\x22\xff\x0f\xa1<>] \x7f!]\
\x00\x00\x00\x00IEND\xaeB`\x82\
\x00\x00\x0b\x03\
\x89\
PNG\x0d\x0a\x1a\x0a\x00\x00\x00\x0dIHDR\x00\
\x00\x01\x00\x00\x00\x01\x00\x08\x04\x00\x00\x00\xf6{`\xed\
\x00\x00\x0a\xcaIDATx\xda\xed\x9d/T#=\
\x14\xc5G \x10\x15\x15\x08\x04\xa2\x02\x81@T\xac@\
 *\x10\x88\x15\x15\x08\x04\xa2\x02\x81@T \x10\x88\
\x9eS\x81X\x81@ \x10\x15\x15\x08D\x05\x02\x81\xa8\
@ **\x10\x88\x8a\x8a\x8a\x0aD\x05\xa2\xa2\xe2~\
\xa1\x0b\x1fp\x96?\xc9t&\xc9\xbc\xdc;jWt\
\x86\xdc\xdfd^^\x92\x97(\xa2(\x8a\xa2\xa8W\xa1\
\x88}\xd4\xd1\xe0\x95\xe2u\x86\x1av\xb0\xe4\x9b\xf5y\
\xf5X\x03P\xf6t\x8b\x1d\x7f\xec\xafbDG\x1c\xa8\
\x8b\xa2{\xf3sh\xd2\x09gzr\xdc\x0f`\x0e\xd7\
t\xc1\xb1\xb6\x5c\x02Pg\xfb{\xd0\x0b\xac\xba\xb2\x7f\
\x19\x13\xb6\xbf\x07j\xbb\x02\xa0\xc5\xb6\xf7De\x17\xf6\
/\xb1\xdd\xbd\xd1\x8d\x0b\x00\xf6\xd8\xee\xdeh\x8c\x9c}\
\x00\xae\xd8\xeeA\x8f\x05\xd0a\xab{\xa4}\xfb\x000\
\xf5\xeb\x93j\xf6\x01\xa0\x08\x00E\x00(\x02@\x11\x80\
8#\xd7\x16vQ\xc4\xc2\xf4\xb7\x0a(\xa1\x86.}\
\x0c\x03\x80\x912;\xf7\xc5\x9a\x22\xce.\x8a\x07\xa0\x85\
\xc5o\x7fw\x13C\xfa)\x17\x80c\xcc\xfd\xf8\xcb\x05\
\xdc\xd3Q\x99\x00h>&rD@\x22\x00M\xa3\xb5\
\x06\x8ftU\x16\x00\xbd\x9f;\xff\x0f\xbf\xbfEWe\
\x01\xb0m|\x87[\xfa*\x07\x80n\x8c;l\xd0W\
9\x00\x1cr\xc61l\x00Vb\xdd\xe3\x9c\xce\xca\x00\
`\x18\xf3\x1e;tV\x06\x00\x9d\x98\xf7(\xd1Y\x19\
\x00\xb4b\xde\xa3@ge\x00pI\x00\xc2\x06\xe0.\
\xe6=\xd6\xe8\xac\x0c\x00\xfa1\xef\xc1l\xa0\x98a`\
\xac\x9a\x16\xf8Cg\xa5\x00\xb0\x17\xeb\x1e=:+\x05\
\x80\x18\xbb\xd7\xb0B_\xe5\x00\x00\xac\x1b\xdf\xe1\x92\xbe\
J\x02\xc0p$\x80u\xba*\x0b\x00\xe0\xc8\xe0\xd7s\
x\xa0\xab\xd2\x00\x98\xe0\xb7\xf6\xafs\xef\xb1@\x00\x9e\
\xeb\xd9\x945~y\x1e\x0d:*\x13\x80\xe9\xa3~\xbf\
4\x0c\x05n<\x97\x0d\x00\xd4\xd7\xfd\x8b~\x00y\x1c\
cL7\xa5\x03\xf0\xac{\xd4\xdf\xd7\xb9TA_Y\
u\xfc#:\x19\x0a\x00\xaf\x1a\xe0N\xc1@\xe3\x83\x05\
\x80\x22\x00\x14\x01\xa02\x08\x00\xb7n\x05\x0e\x00\xb7o\
\xfa\xa4\xaa}\x00n\xd8\xea\x1ei\xdb>\x00Glu\
\x8fd\xff\x14!,\xb3\xd5\xbd\xd1m\xe4B\xdc\xbd\xeb\
\x8d*n\x00\xe0\xbe\x1d?dXy!I\x04\xb8h\
\xcb\xbd&\xd8\x8c\x5c\x89\xb5|<\xd0Q\xe4RXb\
yG\xa7\xaaG\xae\xa5z\x81\x06}p\xa2\x91\xd3#\
\xe3>@P\xc4\x15O\x10\xb3\xaa'\x1c#\x1f\xf9$\
,`W\xf5\x05\xd7h\xf3J\xf5\xba\xc4)60\x1f\
Q\x14EQ\x14EQ\x14EQ\x14EQ\x14EQ\
\x14EQ\x14E\xd9\x12\xe6\xb0\x8a\x0dTx\xa5xm\
\xa3\xe4`\x0f\x80\x86\xf9%4\xb9[\xd0\xe2:\xe0:\
\x96\xfd1\xff\x17\xda\xf4\xc4\xba\xc68\xf9\xfc\x04f\xdb\
\xf6\xefr1\x983=\xc4;\x8b)I\xfb\xebt\xc1\
\xf1\xda\xc0U\x97\xf6\xb3\x9e\xbf\x0f\xf1@\xde\x95\xfdy\
\x16w\xf2B\x0dW\x00\xf08\x07?4y_p\xcf\
\x9e\xfd9\x96t\xf4FM\x17\x00\xf0PG\x9fBA\
\xfb\xfb\x04\xb83\xd8+\xd9\xdf!\x8c;\xb6\xbaG\xda\
\xb5\x0f@\x9f\xad\xee\x91j\xf6\x01\xa0\x08\x00E\x00(\
\x02@\x11\x00\x8a\x00P\x04\x80\x22\x00\x14\x01\xa0\x08\x00\
\x95\xaa\x86\xe8\xbf\x5c#\x02 [\xf7h\xa2\x86=T\
\xb0\x89\x12VP\xf8l\xd6\x0f\xf3\xea\xff\xf3\x04@\x8a\
\x9e\xd0\xc1\xa92\xfd\x97\xe7\xa5\xe0\xe8T\xc2\x1a(\xdb\
\xb7\x9c.\xf1$\x00\xce\xac?\xc1z\xf66\x82Q\xa1\
ZO\x00\x12P?\xc3\xd6\x13\x80\x19\xd5\xc5\x8e\xb33\
>\x08\x80c\xb5\x1d\x9e\xefA\x00\x9cj\x82K'\xeb\
\xf7\x09\x80\x07\x1a\xab!\xder$KtU[\x0d,\
D\xf2D_\xb5\xf4\x80R$S\xf4V\xa3\xe3\xaf\x09\
>\xd9\x83\xfe\xfe\xa0[\xe7\xc5\x1b\x08\x803\x8d\x1c\xec\
\xd4!\x00\xde\xe8Bd\xd0G\x004G\xfb\x07Q\x18\
\xa2\xd7\x9f\xe8\x11\x1bQD\x00\xc2\xcd\xf1\x17\xa2\x88\x00\
\x84\xaaK/\xaa\xf6\x11\x00G_\xfe\xa3(4\xd1\xf5\
w\x83\xbeTg\xf8\xb0\x822\x0ep\x8e\xe6\xf4\xe8\xd8\
\xee\xffk\x82{\xd3\x7f\xb7\xd0\xc01v\xf0\xcbr\x0f\
D\xdf_4L'\xe1\xa3\x0c=T\xe6\xde\x1b\xd5a\
\x1d\xe2\x06'\xf8m\x05\x05:\x9f\x8e\xfd\xea}\xdfS\
\xf1\xc4h\xc6O\xd2\x9d\xea\x15J\xa9&\xa2\xe9=\x9e\
\x97p'\xb8\xac\x0b\xcb8R\xddz\xb2\xcf\xd7\xc4f\
J\xab\x8f\xe8~r\xf6c\x01\xd5\x14\x8bn=\xaa\xcf\
\xc2Z\xf2\x00<\xd1\xfeD\xda\xb1\xa8\xbe\xf46\xea\xad\
?\xa0\x92h_\x90pg\x95\xbd\x81\xdfzB\xe6\xdb\
T/A\x08\x82>$b\x82\xad\xcc\x99\xff\x16\xb6V\
\x13\x09\x0e\xd5w%\x5c\xcdh?\x16Up\xe6R\xbd\
\x042\x17X\x0f\xd6\xfe\xdaL\xed6\x87}/\xca\xec\
_\xce|\xf8T\xa0\xb5Bof\xf9\x8ab\x0d\x1d\x8f\
\xc2\xd8\x83\x99\x22\x02\x15P\x84\xa7A\xfc\xc5\x1e\xea\xdd\
\xf7\xef\xb3\xd9\x99i\x063\xb8\x82\xd1\x93\xf8\xe3i\x14\
<z\xf7\xdfk\x84r|\x00\x96TL\x19\x92\xaa\xb1\
[\xaa\xec\xf5\xf1:'\xb1?\x05*\x14\x0c\x07\x81\x0b\
A]\x7fr\x9f\x02\xd5\x0bt\x82\xb0\xff>\xde\x1c\x1b\
r\x8e\xc6\xfb\xe6\xf9\x81\xb5\xf8\xc1ME|^0\xe6\
\xf9|\xca\xfe\xdb\x0c\xfd\x8d\x9b\xb3\x8cn7TG\xd7\
QQ\xb2L\xed\xc7L\xf8<d,\xc8\xdd\x8e\xa8\x04\
g\xf6\xb3\xd8/V\xe9\x5cR\xb3\xfbY\x0d\x8f\x89@\
\x02\xf6g\xad\xf3\xff\xa8]:8\x9b\xfd9t3\x9e\
\xf0\xda\xa2\x8b\xf1\xed\x9fO4\xf2\x1fN\xd7\xfe\xea\x5c\
I\xe6e\xc7\x19\xafa\xe6\x14\x80d\x8f\xd4\xd4>\x1a\
\x1a\x85\x84\x07\x85Ez\x19\xc7\xfe\xc3\x84\xbbcW\x00\
<\xaf\x1a\xc8\xd1O\xf3\xd4\xf8D\x0c\x00\xb1\x93\xdf\xe1\
\xda\xbf\x90B\x22\xcc%\x00\xc0\x1e]5\x01\xe0:\x05\
\x0b\xdc\x020f$\xa0o\xffA*C2\xb7\x000\
\x120h\xfe\xb1H\x00\x80c\xba\xab\xd3\xfciM\xfa\
\xba\x07`\x22\xbc\xdeY\x22\xf6\x97S\xcb\xca\xb9\x07\x00\
\xb8\xa1\xc3?\xe5\xfe\xfa\xa2\x01\x00\xa7\x89\xbfo\xfaz\
\x8aM\xef\x07\x00\x83\x1fCA5\x06\xdeEC\x0d\x84\
\xde*Xd\xf7:5\xb2\x7f1\xa5\xf0\xcf'\x00\xbe\
\xdf\x0e\x83\x22\xae\xac\xecp\xb5\xa5\xb2\x11\x00'\xa9>\
\x8b/\x00<~\xb1\xa3\x109\xf5\xdeK[\xff7\xef\
\xcd\xfb\xef\x0f\x00\x9f/\x14\xc1R\xc6g\xbe?S\xcb\
\xe8\xfd\xaf\xa5\xfc4\xfe\x000\xfc\xe7\xc5Po\xff=\
\xe4i\xc7\xc0\xfe|\xea\x1b>\xfc\x01\xe0\xdf\x95B\x09\
\xcf|\xfb\xb2\x1a\xc6 \xf5\x89\xa3\xd4\x9f\xc7'\x00z\
\x1foX\x82D\x19%=,\xec\x90\xf6\x09\x00|\xa8\
\x85\x9c\xa1-\x0f\xb3ts\xdf\xcf\xfe#0\x00\xde\x9e\
\x06\xcb\x90\xa9E\x03\x00N\x83\x03\xe0m\x84d\xe1\xeb\
\xe7B}\x03\xfb\xe7\xd4\xd884\x00\xdeBd\xdc\x88\
\x04\xc0`\x11\x146\xad<\x91o\x00\x5c\xbf\xde\xee^\
$\x00U\x03\x00\x9aA\x020y\xa9\x91b\xa5\xfb\xb3\
\xaf_\x06\x00\x0c\x83\x04\xe0ufP\xa4\xfdc\xfdJ\
\x19(Zz&\xff\x00h\xc8\x05\xe0\xd6\xe0\xfd\xaf\x06\
\x0b@_.\x00\x7f\x1c\xaf\x00\xce\x06\x00\x98\x1e\x84\x1d\
v\x12H\x0d\x01\x9f\x02\x06`O*\x00\x1b^\xe5\x00\
\xfd\x05\xe0B*\x00\x05\xed\xc6\xde\x0f\x1a\x80\x07\x99\x00\
L<K\x02\xfb\x0b\x00\xd4hI \x00=\x0fC@\
_\x01X\x95\x08\xc0\xb5\x01\x00\x83\xc0\x01\xd8\x92\x08\xc0\
\x99vS\xe7\xb4\x7fs]\xd92\xdb\xb5`02)\
\xcc|\xe9V\x199\x94\x08@-\x85,`!\xca\x94\
\xb4\xcf\x81iJ\x04@{\x22\x08\xdb\xc1\x03\xd0\x96\x08\
@E\xbb\x99*\xc1\x03\xd0\x09\x1b\x80\xdd\xe0\x01\xe8K\
\x04\xa0\x94\xc2^\x00\x02@\x00D\x020\x96\x08\x80\xf6\
b\x10\x83\xdd\x80R\x01\x80D\x00\xf4g\x02\x1a\x04\x80\
\x00\x10\x00q\xd2\xae\x8e\x8bc\x02\xc0 0l\x00F\
\x12\x01\xd0>1\xc7`S\x0c\x87\x81\xcc\x04\x12\x00\x02\
 \x0f\x80[\x89\x00\x1ch7S9x\x00n\xc2\x9e\
\x0e^\x09\x1e\x803\x89\x00\x9c\x1b,\xbd\x98\x04\x0e@\
U\x22\x00m\x83\x86z\x08\x1c\x80\xdf\x12\x01\x18\x184\
T+p\x00\x0a2\xf7\x05\xe8o\x0d\xfd\x134\x00\xe3\
H\xe8\xc6\x10\xed\xb2\xe8\xdaKB.\xd1\x98\xf1\xd2\xdf\
\xae\xb60\xf3\xbd\x1a\x9a[\xde\xbbR\x01\xd0\xcf\x05\xae\
X{&\x1f\x97\x85\x9fI\x05\xc0\xe0\x8cpk'\x03\
\xfb\x08\xc0\xb6T\x00\x0c\xaa\x84\xe3\x22`\x00\x16\xa5\x02\
\xd05\x00\xa0\x12,\x00\x7f[I$\x00\x06eb-\
\x17d\xf1\xe9\x89N\xfe\xden \x12\x81\x92A\x1f\xd0\
\x0f\x14\x80\xf2\xdf\xdbuD\x02ph\x00\xc0i\x90\x00\
\x8c_zI\x5c\x89\x04\xc0\xe0\xac\x00\xac\x05\x09@\xf3\
\xf5v{\x22\x01x4\xca\x9b\xf5\x02\x04\xe0\xb5\x8c\x0e\
\x96 S\x06\x87$\xa6~Z\x88\x7f\x00\x0c\xde\xa5\xcb\
S;+\xd3\xad\x8e\x0c\x00X\x0e\x0e\x80\xe3\x8f\x7f\xfe\
D \x00\xb7F\x1f\x81\xbb\xc0\x00X\xb5\xdf\x05\xda\xd7\
\x92W\xe9 \x9f\x00\xf8w\xc5\x84\xc8S\x83Lf\x04\
\xe6R\x0f\x04}\x02\xe0\xf7g\x0d\xd0\x10\x07\x80\xd9\xa9\
A\xd5`\x00\xe8~\xdd\x04#Q\x00L\xf4\x0b3M\
\x0f\x8e\x1e\x06\x02\xc0\xd7\x07H#\xaf\xa2\x01I\xa9\xe1\
]\x8f\xfa\x00_\x00\xe8\xfd\xb8^\x0aE\xec\xa3\x9e\xc0\
\xaa\x14\xf7W\xd5\x08\x80\xf9T\x0f\xcf\xf0\x05\x80JD\
\xcd\xbc@,\xbb\x00t\xf5\xd7K\x86\x89\xc0\x9dp\x00\
\xd6\xe8\xf1\xf7\x8d\xbf\x9aZR\xcc\x07\x00\xce\xe9\xf0\xcf\
\xcd\x7f\x22\x16\x80G\xe4\xe9\xef\xcf\xcd\x9fKi\x1c\xe4\
\x1e\x80]\xba\xabg\xc0\xa6H\x00\xae\xe9\xac>\x02\xc7\
\xe2\x00\x18\x98$\xc5\x08\xc0\x5c\x0a'\xaa\xbb\x04`\xa2\
_8\x8bz]&\xf3(\x08\x80C:\xea>\x12p\
\x07\x00\xbf\xfe1\x118\x14\x01\xc0\x03\xbf\xfe~\xe4\x04\
\xdc\x000\x9cn\xff\xa2b#p\x99i\x00F&K\
c\xa9\xcf\xc7\x03\xed\xcc\x02\xf0\xc4\xd8?\x99\xcc`2\
C\xc2K\xed\x13\xbf\xd6\x13\x1a\xfa\x95\xe9\x9e_\x08\xd8\
\xd4\x93~\x91\x0c\xeag\x04\xe63\xb6hv\xc8i\xdf\
\xe4c\x81\xf3\xcc\xd8\xdfg\xe8\xe7\xff\xa00=\xdds\
\xe0\x97\x1e\x02\x15\xf5m\xf5[\x0d\xfd\xd2\x18T\x1c\x04\
V\xd5\x1b\xe6o\xe0W\xa1C6\xc6\x04\x0dO\xbb\xfe\
U\xbac\xefS0\xf2\xcc\xfesv\xfdv\x11XD\
\xd3\x1b\xf3\x1f\xfe/\xf6@Y\x85`\xdd\x83x`\x8c\
#\xcc\xd3\x0bw\xd9\x81\xaa\xd3q\xc1u\xd6\x8aXK\
\x84\xe0y?\xa5\x8b\x88\xa0eR\x0a\x8fJ\x1b\x82\xaa\
\xb5\x9a\xc3\xcf\xd3<M\x14\xd9\xea\xbeA0\xaf H\
?&\x18\xe1\x0c\xcblm\x7f1(\xe2$\xa5\xbe`\
\x82+l3\xe0\xcbFh\xb8\x89\x8bD\x83\xc3\x8e\xea\
]\x98\xe1\xcf\x1c\x06kj\x88\xd6V\x03\xb5YF\xf8\
g\xea\xad\xcf\xb35\xb3\x1d\x1bl\xaaq\xc2\x05\xba\xda\
}BOu\xf6'\xa8p\x88'\x0f\x86%\x05CU\
\xe1PSovC\xc5\xf2mu\xb5\xa6\xb5L\xea\xea\
\xff\x0e\xb1\x85U~\xe5)\x8a\xa2(K\xfa\x0f\xfdS\
l\x05v\xf2#E\x00\x00\x00\x00IEND\xaeB\
`\x82\
\x00\x00\x04%\
\x89\
PNG\x0d\x0a\x1a\x0a\x00\x00\x00\x0dIHDR\x00\
\x00\x00 \x00\x00\x00 \x08\x06\x00\x00\x00szz\xf4\
\x00\x00\x00\x19tEXtSoftware\
\x00Adobe ImageRead\
yq\xc9e<\x00\x00\x03fiTXtXML\
:com.adobe.xmp\x00\x00\
\x00\x00\x00<?xpacket beg\
in=\x22\xef\xbb\xbf\x22 id=\x22W5M\
0MpCehiHzreSzNTc\
zkc9d\x22?> <x:xmpm\
eta xmlns:x=\x22ado\
be:ns:meta/\x22 x:x\
mptk=\x22Adobe XMP \
Core 5.3-c011 66\
.145661, 2012/02\
/06-14:56:27    \
    \x22> <rdf:RDF \
xmlns:rdf=\x22http:\
//www.w3.org/199\
9/02/22-rdf-synt\
ax-ns#\x22> <rdf:De\
scription rdf:ab\
out=\x22\x22 xmlns:xmp\
MM=\x22http://ns.ad\
obe.com/xap/1.0/\
mm/\x22 xmlns:stRef\
=\x22http://ns.adob\
e.com/xap/1.0/sT\
ype/ResourceRef#\
\x22 xmlns:xmp=\x22htt\
p://ns.adobe.com\
/xap/1.0/\x22 xmpMM\
:OriginalDocumen\
tID=\x22xmp.did:01D\
6A41A7A32E911965\
1B58151028112\x22 x\
mpMM:DocumentID=\
\x22xmp.did:3C04E23\
4327B11E98B3AB54\
D34A18E49\x22 xmpMM\
:InstanceID=\x22xmp\
.iid:3C04E233327\
B11E98B3AB54D34A\
18E49\x22 xmp:Creat\
orTool=\x22Adobe Ph\
otoshop CS6 (Win\
dows)\x22> <xmpMM:D\
erivedFrom stRef\
:instanceID=\x22xmp\
.iid:01D6A41A7A3\
2E9119651B581510\
28112\x22 stRef:doc\
umentID=\x22xmp.did\
:01D6A41A7A32E91\
19651B5815102811\
2\x22/> </rdf:Descr\
iption> </rdf:RD\
F> </x:xmpmeta> \
<?xpacket end=\x22r\
\x22?>\xc2\xc4(U\x00\x00\x00UIDATx\
\xdab\xfc\xff\xff?\xc3@\x02&\x86\x01\x06\xa3\x0e\x18\
u\xc0\xa8\x03F\x1d0\xea\x80Q\x07\xb0\x90\xa8^\x01\
\x88\x17\x10\xa1\xee\x03\x10\x07\xd0\xca\x01\xf6#:\x0a.\
\x00\xf1F \x16 B\x1dQ\x80q\xb4E4\xea\x80\
Q\x07\x8c:`\xd4\x01\xa3\x0e\x18\xf1\x0e\x00\x080\x00\
\x8c\xd9\x0a\xff\xa3\xae\x94\x02\x00\x00\x00\x00IEND\
\xaeB`\x82\
\x00\x00\x08\xbe\
\x89\
PNG\x0d\x0a\x1a\x0a\x00\x00\x00\x0dIHDR\x00\
\x00\x000\x00\x00\x000\x08\x06\x00\x00\x01 \x05\xc9\x11\
\x00\x00\x00\x01sRGB\x00\xae\xce\x1c\xe9\x00\x00\x00\
\x04gAMA\x00\x00\xb1\x8f\x0b\xfca\x05\x00\x00\x00\
\x09pHYs\x00\x00\x07a\x00\x00\x07a\x01\x95\xc3\
\xb8\xb6\x00\x00\x00\x19tEXtSoftwa\
re\x00www.inkscape.\
org\x9b\xee<\x1a\x00\x00\x08.IDATX\
G\xcd\x99[L\x94\xcd\x19\xc7\xff\xb3\xec\x12\x0e\xe2Z\
aa\x85%1~\xa9\xb0\xd4x\xd1\xa6\x17\x82\x05o\
<4\xb4\xc6C\x9a@\xda\xe8e\x8d\xc4\x1b\x8d\xe1v\
\x85\xf8\xb5i\xa3r\xeaM\x0f\x17&\xad\xb57\xb2\x0b\
\x18/j\xb0~1b\xd2\x98Fm\x91\xc8E5~\
iRuAa\x81e\xd9}\xff\xbd`f\x9cwv\
aA\xac~\xbf\xe4\xc9\xee\xbc3\xf3<\xf3\xbcsz\
f^`\x15\x92\xe5\xe5\xe5\x0c\x04\x02T\xc4\xe3q\x0a\
\x005\xb3\xb3\xb3_\x9b%\xcb\xca\xca \xe4\x7f\x92\xd4\
\x19$[\x00\xe0I,\x16#I\x0a!\xb4JU\xc3\
(\xfc\xbefN\x84*\xe28\x0e<\x1e\xcf\xf2C!\
\xbc\x9e\x86\x86\x06$\x12\x09\xcc\xcf\xcf#\x91H \x91\
H\x00@F\x00 \x96\x95\xbfW#\x84\xf0\x90\x04I\
,..B\x08\x81\x97/_B\x15\xd6ttt\xe8\
fk\x07KKK]\x85l\xe6\xe6\xe6\x00@\x08\x00\
5\xe1p\xf8\xeb\x07\x0f\x1e\xd8e\x5c\xf8\xfd~\x00\xcb\
o0I\x92\x15\x15\x15$\xc9\xca\xcaJ:\x8e#_\
\xff{\xe2\xf18\x01\x14\x00\xc0\x97o\xdf\xbeueJ\
'800\xa0\xff\xdb\x8e\xb92\x16\x17\x17/\xbc~\
\xfd:\x02\x80\x89DB+J$\x12\xab\xf6\xc7\x13\xa5\
\xe0\xd5\xabW\xf4\xfb\xfd\x04\xd0l\x17\xca\x8b\x00\xe0\xf8\
|>QXXh\xe7i\xe4+\xfd)\x80kb\xb9\
7\x09!\x04\xcc_\x1b!\xc4\xf2\x0f\x00\xc6\xe3qx\
\xbd^\xbb\x8c\xe6\xce\x9d;8r\xe4\xc8[\x00\xdf\xf2\
\x00\x80\xd7\xeb\x85\xc7\xe3YUT\xa7\xad\xbbI\x1e\x00\
\x8eL\xc0\xe7\xf3\xe5,,\xd1\xd3\x84$\x99N\xa7I\
\x92SSS<w\xee\x1c\x1b\x1b\x1bYVVF\x00\
<{\xf6,\x01\xdcsU\xd8\xb6m\x9b\xeeQ\xc8a\
\xd1\xd8\xd8H\x00\xdc\xbe};\xfb\xfb\xfb\x09\xe0\xb7\x00\
\xd0f\x0f\x0d\x92\x11\x00\xbcu\xeb\x96V\xa2\x14)+\
6_\xf8\xfd~\x9e9s\xc6\xae\x90\xb6\x0b\x9a\xfc\x07\
\x00;;;\xf9\xe2\xc5\x8b\x9c\xda\x7f\x01 \x05`i\
\x03\xf2\x14\xc0\xb6\x5c\x8ai\xce\xa1T*\xe5j\xba\x9d\
^\x8d\xba\xba\xba\xac\xd6?V=A\x92\xb1X\x8c\xb5\
\xb5\xb5+\xa6\xf3188\x98e\x00\xb2\xfb\x5c=\xb7\
Aq\xe1\xf2 \x1a\x8d2\x18\x0c\xbaZd\xa6\xf3\x11\
\x8dF\xb3\x8c\x5c\x04\xc0\xe9\xe9i](\x93\xc9\xb8*\
\xd9\xe9\xd5p\x1c\x87\x00\xc6M\x03\x00\xe0\xe4p\x93^\
\xafWW,--%\x00\xb6\xb4\xb4\xb8\x14\xf6\xf6\xf6\
\xb2\xbd\xbd\x9d%%%\xaa\xdeW\xb6\xf2\xa4\xf9\x8a*\
**h\xa6\x15\xcah__\x9f\xfe\xef\xf1x\x08\x80\
\xa3\xa3\xa3\xfaYOO\x8f\xfa\xaf\xe7r5\x00\xd6\xd5\
\xd51\x1e\x8f3\x91Hd\xc9\xc2\xc2\x02Ir~~\
^+\x92s\x9b\x1d\x1d\x1dloo\xb7\xdb\xc3\xa3G\
\x8f\xaa\xb2.\x0a\x00xsH\x81Q\xa6E\x19\x11B\
\xd8z5###9\x0d\xe4\xe3\xcfJ\xf9\xee\xdd\xbb\
\xf9\xe8\xd1#[/I2\x14\x0a)\xe5\x15\xb6\x82\xf5\
R\x03\xe0\xbf\xca\xa8!\xdf\xb3\x0b\xfe\xdf\xd9\x06`\x22\
\xc7\xe2\xb5\x1eI\x01\xf8\xd2V,\xe4\x06\xfaG\x00\xc8\
\x17\xc3\xacF*\x95\xc2\xd2\xd2\x12\xe4\x9c2\x07\x05\xd8\
\xd0\xd0\xa0;\xc8^9\xed\xf4jLMM\xa9>p\
y\xa2#\x94t:M\x00\xac\xaa\xaa\x22\xa5r\x00\x0c\
\x85B\x96\xaa\x95\x91\x93o\xdae \x1a\x8d\xea\x02\xa1\
P\x88CCC+\xa6\xf3!=x\xa4\x94\x0b\x003\
\x00\xcab\xb1\x18\xf6\xed\xdbg\x1a^\x17\xe9t\x1aM\
MM\x98\x98\x98\x00\x80\xa0\x1c\xbe\x1a{\x1coD~\
g*\x16\x00f\x01l\xbay\xf3&\x9a\x9b\xd7\x1f\xef\
)2\x99\x0c\xf6\xec\xd9\x83\xa7O\x9f\x02@\x15\x80W\
*\x8f\xea\xb8@\x92\xc1`\xd0\xd5'UUU\xaet\
>\xa4\x17\xba\x0f\x80\x1c\xa3H\xed`j\x14\xadgO\
\xce9\x8a\xc2\xe1\xb0.`\xef^v:\x1f'O\x9e\
\x9c\x02\xf0#\xd3@{\x8e\x8e\x22\x00\x9e?\x7f\xde\xae\
\xbf*\x8e\xe3<3\x15\x03\x80G*\xcb\x89\x0a[\xc7\
\xc6\xc6 \x84\x80\x10B\x1d\xb7\x00\xb9<\x1c>|\x18\
\x97/_\x86\x10\x02\x1e\x8f\xe7\xdb\x006\x19*\x00\xfb\
\x15\xa9\xb0\xd6D\x08\xc1\xa2\xa2\x22\x0a!\x08\x19 \xec\
\xd8\xb1\xc3\xe5mqq\xb1\xdeB\x01\x94\xb9\x0c\xac\xd4\
\xc9\x8aS\xa7N\x11\x00\xbb\xbb\xbbM%\x04\xc0-[\
\xb6\xf0\xe0\xc1\x83\x84\xdc\xaf\x8d\xfc\xcd\xda\x809\x0c\x83\
\xc1`\xce\xa5A)\xe9\xee\xee\xd6\x9e\x8c\x8d\x8d\x11\x00\
\xfd~?\xdb\xda\xdat=\x95\xaf\x0c\xcc@\xce\x05{\
\xb3Wb\x1b\x89D\x22Z\xc9\xf8\xf88{zz\x8c\
\xa6\xe8\xd8\x88\x00\xfe\xa0\x8c\xbc5\xdd\xb6\xa5\xa8\xa8h\
\x81d\x84d\xa4\xa4\xa4\xe4o\xca\x93\xde\xde^\x97b\
\x13Y7+\xde\xb7\xa3\x09%&\xffT\x86\xaf_\xbf\
n\xeb\xd5\xc82\xff\xb2\xea\xe6e\x01\x00\x8f\x1d;\xc6\
\x13'Npvv\xd6\xd6K\x92\x1c\x1e\x1eV\x06\xbe\
c+\xc8\x07\x01\xb0\xa0\xa0\x80\x9d\x9d\x9d9\x0f\xee\xcf\
\x9e=S\xca_\xda\x95\xd7\xc2iY1\xa3\x8c\xd5\xd6\
\xd6\xf2\xf6\xed\xdbL\xa5R\xbcr\xe5\x8aR>kW\
\xfcP~m\x0e\x06)\xae\xe5B\x9fNsP\x08\xc0\
g?\xfcD\xa80h]\xb4\xab9\xf7\x0d\x93\x19\xd9\
\xb6\x15\xa9\x01\x90P\x15\xc2\xe10\x87\x87\x87\x99L&\
\xb9\xb4\xb4\xf4Ydaa\x81CCC\xac\xaf\xaf7\
\x1dy'w\xfa,\xf4]R\xae%tpp\x90\x95\
\x95\x95+\xee\xfc7n\xdc` \x10X1\x7f\xa3\xc4\
b1\xd3\x89\xc7v\xe3\xa1\x0e\x80\x00\xb2\xd6\x95t:\
\xcd@ \xa0\x15\x98\xf71\x94\x11GUU\x95\xce\xaf\
\xad\xad\xcd\xb9tl\x847o\xde\x98\x1b\xd8\xb4\x1d\xb5\
CF\xd9\x04\xc0\xfa\xfaz\xd7}\x88\x22\x93\xc9\xac\xda\
\xb0L&\xb3\xee\xc8f-LMMq\xe7\xce\x9df\
\x0f\x5c\xb4\x1b\xafV\xa16\x00\x7f\x92\x01\xccr\x86\x0c\
P>\x07\x947\xcc\x06\x19y\x06\xfb\x8b\xf9\x10\x96\x03\
\xd7\xcce\xd5\xe7\xf3\xe9\x9b\xeeO\x8d\xe38\xea\xa0\xa7\
\x1fI\x07\xae\x9b\x0f\x15y\x87\xd0\xe7bzz:\xef\
\x10\x829\x89\xcd\xd8\x8ar\x12\x97\x97\x97k\x05\xea\xd0\
\xa9H\xa5R\xaeI\x1e\x0a\x85>\xfa\x5c\x88\xc7\xe3y\
'\xf1c\xd5\x80\x5c\xcb`4\x1aeMM\x0dC\xa1\
\x90\xeb\x80e\xe6WWW\xaf\x98\xbfQ&''\xcd\
\x1ep\x1d\xc8\x14\xd52x!\xe4uW,\x16\xcbZ\
R?\x17\x8e\xe3,8\x8e\xf3\x03\xbb\xd1\xb9\xf8\xbd\xe1\
\xe9\x9ad\xf3\xe6\xcd\x5cZZr\x19|\xfe\xfc9/\
\x5c\xb8\xc0\xd3\xa7O\xf3\xea\xd5\xab\x5c\x5c\x5ct\xe5\xe7\
crr\x92\x9d\x9d\x9d\x8b\xad\xad\xad\x93\xc5\xc5\xc5?\
\x971\xd9\xaa\xd4\x98=\x10\x0e\x87944\x945\x1f\
\xf2\x91\xc9d\xb8k\xd7\xae,'\x01p\xef\xde\xbd\x9c\
\x99\x99\xd1e\x1d\xc7\xe1\xfc\xfc<\xf7\xef\xdf\x9fUv\
\x05\xb9g\x9e\xc2l\xf4\x1c\xc85\x86\xa3\xd1(+*\
*\x18\x08\x04r\xe6+\xe6\xe6\xe6XTTD\xc8\x0b\
\xce\xee\xeen\x0e\x0c\x0c\x98'4\x06\x83A\xbba\x04\
\xc0\xe3\xc7\x8f\xf3\xc0\x81\x03\xaeg]]]\xec\xeb\xeb\
s\xd5\x97\x8ed\x1d\x8c?8\x94\xb0YXX\xd0'\
C%\x91H\x84\xfd\xfd\xfd\xae\x86\x14\x16\x16rtt\
\x94\x95\x95\x95\xfa\x99\xdf\xef\xe7\xdd\xbbwy\xe8\xd0!\
\xfd\xac\xb9\xb9\x99$\xd9\xdf\xdfo\x9f\x97\xbf\x02P\xac\
\x1c\xd0\xfb@8\x1cv]\xeb\x7f(\xf3\xf3\xf3Y\x8e\
tuue5\xa4\xa9\xa9\x89\xf7\xef\xdfw\xc5SO\
\x9e<\xb1\xd5i.]\xbad\xeaL\x03\xf8\xaer\xa2\
\xcd\xfed\xe0\xf1x\xe8\xf5z\xd7,>\x9f/\xeb2\
&\x99L\xba\x1c\xc95\xb4\xecOg\xf9\xb8w\xef\x9e\
\xe9\xc4\xbf\xf58\x92T\xc9\x8f\x5c\x8f\xe5\xa6\x91X\x87\
\xbc\x03\xf0K[\xa1\xa4\x14\xc0?\xcc\x17\x14\x89D\xec\
\xb6\xad\x09\xf95[\xc9\xa2m\xe8c\xf3\x13y<4\
\x8dj\xb9x\xf1\xa2\xdd\xbe\xbc\xb4\xb6\xb6\x9a:zm\
\x83\x1f\x93_)C555|\xf8\xf0!\x93\xc9\xa4\
\xdd\x9e5311\xc1\xad[\xb7\x9a\x8d\xbff\x1b\xfc\
\xd8\xfc\xcc~\xe3\xa6\x08!\xd8\xd2\xd2\xc2\x91\x91\x91\xac\
\xcd\xd0d||\x9c\xd5\xd5\xd5f\xdd\x19\x00\xdf\xb7\x8d\
}*6\x01\xf8\xb1\x8c\xeb\xf5\xf2\xbdFy'?\xa6\
}\xe3\xf0\x02\xf8!\x80\xdf\x00\xf8;\x80)y\xa5\xf2\
\x1a\xc0_\x01\xac\x1aN\xfc\x0f`QV\xebX\xa3M\
\xc8\x00\x00\x00\x00IEND\xaeB`\x82\
\x00\x00\x04\xef\
\x89\
PNG\x0d\x0a\x1a\x0a\x00\x00\x00\x0dIHDR\x00\
\x00\x00 \x00\x00\x00 \x08\x06\x00\x00\x00szz\xf4\
\x00\x00\x00\x19tEXtSoftware\
\x00Adobe ImageRead\
yq\xc9e<\x00\x00\x03fiTXtXML\
:com.adobe.xmp\x00\x00\
\x00\x00\x00<?xpacket beg\
in=\x22\xef\xbb\xbf\x22 id=\x22W5M\
0MpCehiHzreSzNTc\
zkc9d\x22?> <x:xmpm\
eta xmlns:x=\x22ado\
be:ns:meta/\x22 x:x\
mptk=\x22Adobe XMP \
Core 5.3-c011 66\
.145661, 2012/02\
/06-14:56:27    \
    \x22> <rdf:RDF \
xmlns:rdf=\x22http:\
//www.w3.org/199\
9/02/22-rdf-synt\
ax-ns#\x22> <rdf:De\
scription rdf:ab\
out=\x22\x22 xmlns:xmp\
MM=\x22http://ns.ad\
obe.com/xap/1.0/\
mm/\x22 xmlns:stRef\
=\x22http://ns.adob\
e.com/xap/1.0/sT\
ype/ResourceRef#\
\x22 xmlns:xmp=\x22htt\
p://ns.adobe.com\
/xap/1.0/\x22 xmpMM\
:OriginalDocumen\
tID=\x22xmp.did:01D\
6A41A7A32E911965\
1B58151028112\x22 x\
mpMM:DocumentID=\
\x22xmp.did:E134E90\
4327E11E9A0E38B7\
CB15BFF04\x22 xmpMM\
:InstanceID=\x22xmp\
.iid:E134E903327\
E11E9A0E38B7CB15\
BFF04\x22 xmp:Creat\
orTool=\x22Adobe Ph\
otoshop CS6 (Win\
dows)\x22> <xmpMM:D\
erivedFrom stRef\
:instanceID=\x22xmp\
.iid:01D6A41A7A3\
2E9119651B581510\
28112\x22 stRef:doc\
umentID=\x22xmp.did\
:01D6A41A7A32E91\
19651B5815102811\
2\x22/> </rdf:Descr\
iption> </rdf:RD\
F> </x:xmpmeta> \
<?xpacket end=\x22r\
\x22?>r\xd0\xa8\xbb\x00\x00\x01\x1fIDATx\
\xda\xecV\xed\x0d\x820\x14\x04\xe3\x7f;\x02N \x1b\
\xc8\x08\x1d\x81\x11\x18\x81\x11\x18\x81\x0dt\x03q\x03F\
\xe8\x08l\x80\x05_\xcd\xe5,1\x18\x91\x1f\xf4\x92\x0b\
\xed\xebG\xae\xaf\xef\x1a\xe2\xbe\xef\xa35\xb1\x8bVF\
\x10\x10\x04\x04\x01\x9b\x12\x90Y\xea\xb7\xe8\xf0\x12\xfe\x81\
M\xffD\xc3c\xab_\x01+\xcd@\xadCk\xa9i\
^!c\x1d\xc5SX\x97R\x9f\x91r\x06r\xcb\x9b\
\xe5Y\xfaw\xf9\x9e,/2\xee\xa0\xe4{\xa0\xf3\xa8\
\x89\xb6\x0f\x0a3\xa0\xe44\xee\xc4\x09\xc4[P\xed\xe2\
%\xc48\x83\x0e\xd9\x9c\x1a\xc8\xe14\x85\xa5\x91vg\
Y\x82j\xbd\x94\x0d1]\x0d\xcd\xb9\xceH\xebO\xde\
\x01\xf5\xa1\xbf\x88\x00C\xc5\x88(\xa0\xddz\xf6H\xe8\
\xb1\xf9\xda\x86\x06\x0a\xa8\x94\x22*\xc9\x8en\xae\xf6\xd8\
\xb4\x22\x9ba\x11\xd6\x10\xcf\x85\xe3\x18{\xd8Lx\xb6\
u\xbe\xf5T6\xa2\x9b\x10\xa0=sGG\xed)\xbd\
\xa9\x5cA&w\xdfI\x11\xd6\x13o{\x01\xce\x18\xd6\
Wp\x85\x86\x0a\xf9\x08{\xbf\x0a=\x0e\x7f\xc5A@\
\x10\x10\x04l^\xc0C\x80\x01\x00\x08%?|Y\xcf\
#\xd8\x00\x00\x00\x00IEND\xaeB`\x82\
\x00\x00+\xf9\
\x89\
PNG\x0d\x0a\x1a\x0a\x00\x00\x00\x0dIHDR\x00\
\x00\x01\x00\x00\x00\x01\x00\x08\x06\x00\x00\x00\x5cr\xa8f\
\x00\x00\x00\x09pHYs\x00\x00\x07a\x00\x00\x07a\
\x01\x95\xc3\xb8\xb6\x00\x00\x00\x19tEXtSof\
tware\x00www.inksca\
pe.org\x9b\xee<\x1a\x00\x00 \x00ID\
ATx\x9c\xed\x9d{t\x14E\xda\xff\xbf3\xb9\x91\
\x10\x92@\x12\x92p\x15\x22\x04\x0c\x10@H0$\x80\
\xee\x02\x1b\x94\xe0%\x80\xa8\xac\xac\x22\xe8\x0a\xb8\xbb\xfa\
;\xfa\xea\xab +\x88\xb8\xe7=z\x10\x95\xa8\x08,\
*\x82\xa0\x01\x97{\x00! \xb0\x22wH\x82\x84{\
 @B\xae\x102\x99\xd4\xef\x8f\xce`\xd2]\x9d\xe9\
\x99\xf4t\xcf\xf4<\x9fs\xea\xa0\xd5]\x9d\xa7k\xea\
\xf9vuu\xd5S\x00A\x10\x04A\x10\xde\x87Io\
\x03\x08\xdd\xe8\x06\xa03\x00\x06\xe0\x1c\x80\xdf\xf45\x87\
 \x08Wc\x060\x0d@.\x04\xc7o\x98N\x02x\
\xb1\xfe\x1c\x82 \x0cFk\x009\x90:\xbe8\xed\x02\
\x10\xa6\x93\x8d\x04A\xb8\x80@\x00\xbba\xdf\xf9mi\
w}\x19\x82 \x0c\xc0\xa7P\xee\xfc\xb6\xf4\x89.\x96\
\x12\x04\xa1*c\xc1qp\xb3\xd9\xcc\x06\x0c\x18\xc0\x06\
\x0c\x18\xc0\xccf\xb3\x9c\x08\x8c\xd5\xc9f\x82 T\xe0\
.\x007 r\xec\xc0\xc0@\xb6a\xc3\x06fc\xc3\
\x86\x0d,00\x90'\x007\xea\xafA\x10\x84\x87\xe1\
\x0b\x99\xf7\xfeE\x8b\x1611\x9f~\xfa\xa9\x5c/`\
?\x00\x7f]\xee\x80 \x08\xa7\x99\x07\x8eCgdd\
H\x9c\xdf\xc6\x84\x09\x13\xe4D\xe0]\x9d\xee\x81 \x08\
'\xb8\x1f@-D\x8e\xdc\xa9S'V\x5c\x5c,+\
\x00\xa5\xa5\xa5\xacK\x97.<\x01\xb0\x02\x18\xae\xd3\xbd\
\x10\x04\xe1\x00m\x01\x14B\xe4\xc4\xbe\xbe\xbel\xcf\x9e\
=\xb2\xceoc\xff\xfe\xfd\xcc\xdf\xdf\x9f'\x02E\x00\
bt\xba'\x82 \x14`\x06\xb0\x09\x9cn\xfc\xbcy\
\xf3\xec:\xbf\x8dw\xdf}W\xeeU`\x1bh\xa6 \
A\xb8-\xaf\x81\xe3\xb8\xf7\xdf\x7f?\xb3Z\xad\x8a\x05\
\xc0j\xb5\xb2\x11#F\xc8\x89\xc0\xab:\xdd\x1bA\x10\
M0\x10\xc0m\x88\x1c\xb6m\xdb\xb6\xac\xb0\xb0P\xb1\
\xf3\xdb(**b111<\x01\xb0\x00\xb8O\xa7\
{$\x08\x82C(\x80\x02p&\xfbl\xde\xbc\xd9a\
\xe7\xb7\xb1m\xdb6\xb9IB\xe7\x00\xb4\xd1\xe9^\x09\
\x82\x10\xf158\xdd\xf5\xd7^{\xcdi\xe7\xb7\xf1\xea\
\xab\xaf\xca\xbd\x0a\xac\xd2\xe9^\x09\x82h\xc0Tp\x1c\
t\xe0\xc0\x81\xec\xf6\xed\xdb\xcd\x16\x00\x8b\xc5\xc2\x92\x93\
\x93\xe5D`\x8aN\xf7L\x10\x04\x80x\x00U\x109\
fXX\x18+((h\xb6\xf3\xdb8\x7f\xfe<k\
\xd3\xa6\x0dO\x00n\x01H\xd0\xe9\xde\x09\xc2\xabi\x01\
\xe008O\xe6\xaf\xbf\xfeZ5\xe7\xb7\xf1\xddw\xdf\
\xc9\xf5\x02\x8e\x03\x08\xd2\xa5\x06\x08\xc2\x8bY\x04\x8eC\
N\x9d:Uu\xe7\xb71e\xca\x149\x11\xf8T\xa7\
: \x08\xaf$\x03\x1cG\x8c\x8f\x8fgUUU.\
\x13\x80[\xb7n\xb1\x84\x84\x049\x11\x98\xa0S]\x10\
\x84W\xd1\x09@1D\x0e\xd8\xa2E\x0bv\xf8\xf0a\
\x979\xbf\x8dc\xc7\x8e\xb1\xa0\xa0 \x9e\x00\x94\x02\xe8\
\xa2S\x9d\x10\x84W\xe0\x0b`\x0f8O\xe0\xcc\xccL\
\x97;\xbf\x8dE\x8b\x16\xc9\xf5\x02h\xe9\xb0\x81\xf0\x85\
0\xc2;\x01Bd\x98\xe1\x10\x9e>\x14J\x5c?\xb8\
K|\xc7\x8d\x1b\xa7\x99\xf3\xdb\x187n\x9c\x9c\x08\xcc\
\xd3\xa9n\x08\xc17;A\xf0\xd5\xb1\x10|7\x01\x82\
/+\xc6\x1f\xc0+\xe0\xac(\xabO\x95\x00~\x05\xf0\
\x0d\x80Y\x00\x1e\x07\xd0\x1f@K\x15n\x80\x90g\x04\
\x84e\xb9\x8d~\x8f.]\xba\xb0\xd2\xd2R\xcd\x05\xc0\
\xce\xd2\xe1\x11:\xd5\x91\xb7\xd0\x12\x82\xcf=\x0e\xc1\x07\
\xbf\x81\xe0\x93\x95\xe0\xfbl!\x80\x97\x01\xf8\xd9\xbbp\
$\x84\xb0\xd0r\xean/\x9d\x03\xb0\x05\xc0G\x10\xe2\
\xcf\x0f\x87\xb0\xf9\x04\xf5\x1a\x9aG4\x80+\x10\xd5\xb7\
\x9f\x9f\x1f\xdb\xbbw\xaf\xe6\xceoc\xef\xde\xbd\xcc\xcf\
\xcf\x8f\xd7\x0e\xae\xd4\xdbL8\x8f\x09\x82\xef\x0c\x87\xe0\
K\x1fA\xf0\xadsp\xde?wB\xf0q.~\x00\
~j\xc6\xc5\x9bJ\xb7\x01\x9c\x06\xb0\x0eB\x17q\x0a\
\x80\x14\x00\xad\x9c\xae\x1e\xef\xc1\x0c`38\xf5\xfa\xde\
{\xef\xe9\xe6\xfc6\xe6\xcd\x9b'\xf7\x9bo\x03\xe0\xa3\
K\x8dy\x16\x01\x10&t\x8d\x85\xb0\xd2r\x19\x80_\
\x00T\xc05\xbe\xb8\x1b2\xe34\xaf\xba\xe8\x0f\xdaK\
\xe7!(\xdbBP\xaf\x81\x07w\x89\xef\xc8\x91#\x1d\
Z\xe2\xeb*\xacV+\x1b9r\xa4\xdco\xfb\x9aN\
u\xe6n\xd8\x9e\xe6#\x00L\x87\xd0\xd6\xb7@h\xfb\
z\xf8\xdc\xcb\x0d\x0d\x03\x84\xa7\xff\x05\x00Q\x0d\xad6\
\x9b\xcdx\xf0\xc1\x07\x11\x12\x12\x82\xfc\xfc|\xe4\xe5\xe5\
\xa1\xbc\xbc\x5c\xa5:\xb1\xcbM\x00\xf9\x00\xf2\xeaSn\
\xfd\xbf\xf9\x10\xdeu\xbc\x81A\x10\xbam\x8d\xde\xdd\xa2\
\xa3\xa3q\xe8\xd0!DEE\xf1KiLQQ\x11\
\xfa\xf6\xed\x8b+W\xae\x88\x0fY\x00\x0c\x01\xb0W{\
\xabt!\x18@w\x00q\x00z\xd4\xff\x1bW\x9f\xa7\
\xc9l\xc9\x90\x90\x10\xc4\xc5\xc5\xa1s\xe7\xce(++\
Cvv6\xea\xea\xea\xc4\xa7]\x860XXk\x13\
\x80\x01\x00\xfe\xdb\xf0\x0c\xb3\xd9\x8c\x8d\x1b7b\xf8\xf0\
\xc6\xa1\xe0._\xbe\x8c\xdc\xdc\xdc;\x82p\xf2\xe4I\
\xe4\xe7\xe7\xe3\xdc\xb9s\xb0Z\xad.\xba-\x09\x17\xf0\
\xbb8\xd8\x84!\x0f\xbf+\xaa\x11\x08\x03p\x10\xa2\xb0\
\xdcr\xbf\x8b\xdel\xd9\xb2\x05\x7f\xfa\xd3\x9fx\x8d\xed\
,\x80~\x10\xe6\x09\x18\x01\xdbH\xbb\xcd\xb9m\x8e\xde\
\x1d@G-\x0c\xf0\xf1\xf1A\xe7\xce\x9d\xd1\xbd{w\
\xf4\xec\xd9\x13qqq\xe8\xde\xbd;z\xf4\xe8\x81\x98\
\x98\xc6Q\xdb6o\xde\x8c\xb4\xb44\xde\xef\xd2\x1fB\
\xfb\x02\x00<\x0dQ7a\xcc\x981\x0eu\x05\xab\xab\
\xab\xd9\x91#G\xd8\xaaU\xab\xd8\x9c9s\xd8\xc4\x89\
\x13\xd9\xc0\x81\x03Yhh\xa8\x96]\x9b\x9b\xf57\xb5\
\x04\xc08x\xf67\xe9U\xe0\xdc\xa3\x1aK|]\xc5\
k\xaf\xbd&\xf7\xbbx\xf2\xd2a\x7f\x08\xa3\xedK \
\xb4\xad\x9b\xd0\xa8=\x87\x86\x86\xb2\x81\x03\x07\xb2\x89\x13\
'\xb29s\xe6\xb0U\xabV\xb1#G\x8e\xb0\xea\xea\
j\x87~\x17\x99W\xb4\xa7\x80\xdf\xbf\x0fZ\xc4w\x1d\
\x1a\x1a\xeaP-\x05\x04\x04\xa0w\xef\xde\xe8\xdd\xbb\xb7\
\xe4\xd8\x95+W\x90\x9b\x9b\x8b\xbc\xbc<\xe4\xe7\xe7\xe3\
\xe4\xc9\x93\xc8\xcb\xcbsE\xaf!\x10@\xdf\xfa\xf44\
\x84-\xaf\x9f\x81\xf0e\xc3\x93\x98\x0aa\xbao#\xee\
\xbb\xef>\xcc\x9e=[\x07s\x941{\xf6l\xfc\xf4\
\xd3O\xf8\xf9\xe7\x9f\xc5\x872 \xdc\xd3\x22\xed\xadj\
\x16\x03\x01,\x06\xd0\xcbU\x7f\xc0\xf64\x8f\x8b\x8bC\
\xcf\x9e=\xd1\xbd{w\xc4\xc5\xc5\xa1G\x8f\x1e\x88\x8e\
V\xe7CJDD\x04/\xdb\x0a\xfc>\x06\x90\x06`\
}\xc3\xa3\x83\x07\x0fFNN\x8e*\x06\xc8q\xfb\xf6\
m\x9c:u\x0ayyyw\x92\xed\xf5\xa2\xb4T\xb5\
\x1ec\x0d\x84\xfb\xdb\xa6\xd6\x05]L/\x083\xea\x1a\
m\xce\x19\x16\x16\x86\x83\x07\x0f\xe2\xae\xbb\xee\xd2\xc5(\
\xa5\x9c={\x16\xfd\xfa\xf5\xe3\xfd~\xb7\x00$\x028\
\xa6\xbdUN\xf1G\x08>a\xf7\xdb\xb9\x12\xc2\xc2\xc2\
\xeet\xd3\xe3\xe2\xe2\xee\xa4n\xdd\xba!  @\x8d\
?!KJJ\x0av\xef\xde-\xce\x1e\x05`\x83M\
\x00\xbaB\xf8Lw\x87\xf0\xf0p\x5c\xbf~\xdd\xa5\x86\
5EQQ\xd1\x9d\xf1\x05\x9b0\xe4\xe5\xe5\xe1\xec\xd9\
\xb3\xce\xf4\x1aJ!\xbc\x87\x9eU\xddPu\x09\x82\xe0\
\xfc\xf1\xe2\x03\xabV\xadBF\x86\xa4S\xe0\x96|\xf7\
\xddw\x18;\x96\xbb\xad\xe0q\x08\x22pS[\x8b\x1c\
\xa6\x0b\x84\xee\xbeC\xdd`\x1f\x1f\x1f\xdcu\xd7]w\
\x9e\xe0\xb6w\xf3\x9e={\xea:`\x1b\x11\x11\x81\xe2\
\xe2bqv,\x80\x02\x9b\x00\x98!\x04\x96h\xd1\xf0\
\x8c\xeb\xd7\xaf#<<\xdc\xf5\x16:\x80\xc5b\xc1\x85\
\x0b\x17PPP\x80\xe3\xc7\x8f\xe3\xc4\x89\x13(((\
\xc0\xd1\xa3GQTT\xd4T\xd1O\x01\xbc\xa0\x91\x99\
\xce\x92\x09\xe09q\xe6\xf3\xcf?\x8fO>\xf1\xac\xcd\
z\x9f\x7f\xfey,Z\xc4\xed\xf1gBx\x1dpg\
>\x030Y\xee`XX\x18bcc\xd1\xb5kW\
\xdcs\xcf=\x88\x8f\x8fG\xd7\xae]\xd1\xb3gO\x04\
\x05\xb9Wh\x84\xeb\xd7\xaf#2R2\xf7\xe76\x84\
\xd9\x84\x8d\x9e\xa4G!\x1a(\xc8\xc9\xc9q\xd1p\x91\
k(**b\xeb\xd7\xafg\x83\x06\x0d\xe2\x0dzT\
\xc3\xbd\x03W\x8c\x03g \xa8W\xaf^\xec\xe6\xcd\x9b\
zW\xad\xc3\xdc\xbcy\x93\xf5\xea\xd5Kn\x80k\x9c\
Nu\xac\x84`\x08m\xa5\x91\xcd\xc9\xc9\xc9l\xfd\xfa\
\xf5\xac\xa8\xa8H\xef\xaau\x88\x9c\x9c\x1c^\xfd\x1f\xe5\
\xdd\xf8w\xe2\x13\xbf\xf8\xe2\x0b\xbd\xedw\x8a\xf2\xf2r\
\x16\x1d\x1d\xcd\xbb\xf1A.m:\xce\xd3\x05\xc2kJ\
#{\x83\x82\x82\xd8\xb1c\xc7\xf4\xaeN\xa7\xf1\xd0\xa5\
\xc3\xc9\x10\xd9\x1b\x13\x13\xc3***\xf4\xaeN\xa7\xf8\
\xe2\x8b/x\xf5\xff\x9d\xedf\x1b\xee\xf2\x92'\xae\x89\
\xbc<I\x96G\xd0\xaaU+\x0c\x192\x84w\xa8\xb3\
\xd6\xb6(\xc0\x0f\xc2b\x0e\xc9\xfb\xe6\x07\x1f|\x80\xf8\
x\xc9p\x80\xc7\x10\x1f\x1f\x8f\x0f>\xf8\x80w(\x14\
\xc2=\xab2\xc0\xa62w\x893\x86\x0e\x1d\x8a\xe0\xe0\
`\x1dLi>2>|'\xb3\xa1\x00\xe4\x8a\xcf\xca\
\xcd\x95dy\x0c\x05\x05\x05\xbc\xec\x12\xad\xedP\xc0?\
\x01$\x893\xc7\x8d\x1b\x87\xe7\x9e\x93\x0c\x07x\x1c\xcf\
=\xf7\x1c\xc6\x8d\xe3\xf6\xf8\x93 \xdc\xbb\xbb!i#\
2m\xc9#\xb0'\x00\x0dI\x84\xa8\xab\x10\x17\x17\xa7\
w\x0f\xc6)>\xfc\xf0C^\xb7\xa7\x0e\x1cu\xd7\x99\
~\xe0\xec\xe2\xab\xd7\x12_W\xd1\xc4\xd2\xe1Z\xb8_\
T\xe1\xae\x10\xdaJ#[?\xf8\xe0\x03\xbd\xab\xd1)\
\xe2\xe2\xe2x\xf5\x9e\xc8\xbb\xf1P\xf1\x89~~~\xac\
\xa6\xa6F\xef{p\x88\xcc\xccL\xb9\xddlv\xba\xb4\
\xd98\xc72p\xea\x5c\xcf%\xbe\xae\xa2\x89\xa5\xc3_\
\xeaV\xfb\xf2\xec\x86\xc8N\x93\xc9\xc4\x16.\x5c\xa8w\
5:DMM\x8d\x5c\x9d\xcb~\xde\xbc,>97\
7W\xef\xfbP\xcc\xc7\x1f\x7f\xccL&\x93\xdc\xc8s\
\xba\xcb\x9a\x8b\xf3H\xd6v\xcf\x9d;W\xefjt\x19\
s\xe7\xce\xe5\xfd.\xee\xd8\xbf~\x04\x9c6d2\x99\
\xd8\xc7\x1f\x7f\xacw5*&77\x97W\xdf\x97\x9b\
\xba\xf1\x1d\xe2\x02YYYz\xdf\x87\x22\xec8\xbf;\
~Do\x0d\xce\xa8\xbf\xa3\xf3\xbc=\x89\xea\xeaj\x16\
\x18\x18\xe8\xd0\x13IG\xb8a\xd7=I\x04\xb2\xb2\xb2\
xu\xbd\xa3\xe1M\x8a\xf7z\xf7\xc8/\x01\x9f}\xf6\
\x19^|\xf1E0\xc6x\x87WBX\x83\xednH\
\xd6_\xf8\xf9\xf9\xc1\xcf\xcf\x1d\x07\xc6\xd5\xc1\xd7\xd7\x17\
\xbe\xbe\xdc\xf0t5Z\xdb\xa2\x80\xbfB\xf8R\xd1\x08\
\xc6\x18^|\xf1E\x8f\x98\x98\xa5d\x00\xd0\xe3\x05\xe0\
\xb3\xcf>\xc3\xd4\xa9S\x9br\xfe'!\x0c6\xb9\x1b\
\x95\x10\xc55(++\xc3W_}\xa5\x939\xaeg\
\xf9\xf2\xe5\xa8\xa8\xa8\x10g\x97BX'\xe0nX\x01\
L\x84\x07\x8b\x80\x8c\xef6\xfa\xb4'\x96c\x8f\x12\x00\
\x0fv~\x1bk\x01<\xd10\xe3\x99g\x9e\xc1\xce\x9d\
;\xd1\xaf_?\xb9\xa7e#Z\xb6l\x89\x07\x1ex\
@\xb2\x0e\xdc\xd5\x14\x16\x16b\xfb\xf6\xed\xa8\xaa\xaa\xb2\
{nmm-\x0e\x1e<\x88%K\x96\xf0\x0e\xafS\
\xdb6\x15\xb1\x89\x00 \xda\xf8\xc4&\x02\x00\xf0\xc2\x0b\
\xee9\xc3\x5c\xe63~\x93\x0e\x1d\x0b\xd1;CDD\
\x84\x9e\xaf1\xb2,[\xb6\xac\xa9w\xfe\xaf\xe0\x19\xf1\
\xe8\xee\x07\xdf~\x87Rhh(;p\xe0\x80fu\
\xff\xcb/\xbf\xa8\x15\xe7\xa1\x0eB\xc4 w\xc7\x072\
[\xb0\x9bL&\xf6\xef\x7f\xff[\xb3\xbaw\x84\x88\x88\
\x08^\x9d\xc7\xda\xbbQ\xc9<\xe8\xeb\xd7\xaf\xeb}/\
\x8d\xb0Z\xad\xacu\xeb\xd6\x9e\xee\xfc6>\x87\x0a\x22\
\xf0\xd8c\x8fiV\xff\x8f>\xfa\xa8\x1a\xce\xcf\xe0Y\
{\x0a\xca\x8a@xx8\xab\xab\xab\xd3\xac\xfe\x95p\
\xfd\xfau^}WC\xe4\x1b\xe21\x00+\x84 \x1a\
\x8dp\xb7\xd7\x80\xea\xeaj\x94\x95\x95\xf1\x0e1\x00K\
!Z\xe5\xe4\xe6\xbc\x04\x15\xba\xc1\xe7\xce\x9dS\xc1\x14\
e\x9c?\x7f^\x8d\xcb\xfc\x00\xe0\x1fj\x5cH#\xac\
\x10\xe6,H\xde7KKKq\xfb\xf6m\xed-j\
\x02\x19\x9f\xfd\x0d\x22\xdf\x10\x0b\x00\xc0yGp\xb7)\
\xc1AAA\x183f\x0c\xef\x90\x09\xc0\xf7\x00\x1e\xd0\
\xd6\xa2fQ\x05\xe1\xbb\xf3\xcc\xfa\xff6:\x15\x00\xde\
\x04\xf0\x18\xdc?.@C\x1e\x80 Z\x92h\xd5\x0f\
?\xfc0Z\xb4h!-\xa1#J\xa7\x00\xf3F\x99\
$'\xe5\xe7\xe7\xab`\x92\xba|\xf9\xe5\x97(,,\
\xc4\xbe}\xfb\xc4\x87\x82\x00\xfc\x08a\xe2\xcfV\xcd\x0d\
s\x0e+\x80\xd9\x00>\x80\x10\xa9\xa57\x00n\x1c\xa7\
z\x22!\x88\x86;\xf1=\x80kM\x1c\xbf\x06\xe0\x08\
\x80\x0d\x10D\xc0\x93x\x00B/M\xb2\x9c<11\
\x11\x9f\x7f\xfe\xb9\xf6\x16\xd9A\xe6\xa1\xad\xe8I\xfe4\
D\xef\x0e\x8e\x06\x08\xd5\x8a\xd2\xd2R\x96\x94\x94$\xf7\
~y\x13BX'#2\x00\xa2\xfb\x1d0`\x80f\
\xf5>`\xc0\x00^}\x0f\xd0\xad6\x5cK*d6\
\xe9\xe8\xdf\xbf?+..\xd6\xac\xde\x1da\xcc\x981\
\xbc\xdf\xe8\xcf\xe2\x9b\xe3\xbd\x02HT\xc2\xdd\xc6\x00l\
\x84\x86\x86b\xd3\xa6MHJ\x92,\xa6\x03\x84\x98z\
ka\x5c\x11 \x5cO*\x84\xb8\x80\x92\xb5\xc0\xfd\xfb\
\xf7\xc7\x96-[\xd0\xa6M\x1b\xed\xadR\x80\xd2\x1e\x80\
\xa21\x80\xd3\xa7O\xc3b\x91L\x5cs\x0bH\x04\x08\
\x17\xe1\xb1\xce_[[+\xb7\x84Y\xf2.\xcf\x13\x80\
R\x00\x8d\x82\xebY,\x16\x9c9sF\x1d\xeb\x5c\x00\
\x89\x00\xa12\x1e\xeb\xfc\x80\x10\xbf\x80\xf3\xc0\xbe\x02\xce\
\xe6,<\x01\x00<lF @\x22@\xa8\x86G;\
?\xe0\xd8\x0c@\xc5\x02\xe0n\x9f\x02y\x90\x08\x10\xcd\
\xc4\xe3\x9d\x1fp,\x0a\x90az\x006H\x04\x08'\
\x91u\xfe{\xef\xbd\xd7c\x9c\x1fPG\x00<\xe6K\
\x00\x0f\x12\x01\xc2A\x0c\xe3\xfc\x80\xb2U\x806\x0c\xd7\
\x03\xb0A\x22@(\xc4\xae\xf3\xb7n\xddZ{\xab\x9a\
\x81\x1ac\x00g \xec\x1er\x87k\xd7\xae\xf1\xb6\x17\
rkH\x04\x08;\x18\xce\xf9KJJx[\xfa\xd5\
@\x08?'AN\x00\xac\x10\xed\x15\x08\xb8\xe7\x94`\
{\x90\x08\x102\x18\xce\xf9\x01\xd9\xa7\xff)\xc8\xc4\xc5\
\x90\x13\x00\xc0C\xbf\x04\xf0 \x11 Dt\x800\xb7\
_\xe2\xfcIII\xc8\xce\xce\xf6H\xe7\x07\x1c\x1b\x00\
\x04\x9a\x16\x00\x8f\x1e\x08\x14C\x22@4`\x148\x81\
H\x93\x92\x92\xb0i\xd3&\x84\x86\xbac\x8cRe\xa8\
)\x00\x1e?\x10(\x86D\x80\xa8G\x12\x1a\xdb\x08\xce\
\x0f\x90\x00\xd8\x85D\x80X\xb4h\xd1\xc6\xa1C\x87\xde\
\x89j2b\xc4\x08C8?\xe0\xb8\x004E\x18D\
\xcb\x09=q\xa7 9<|)1-\x07v\x12\xc6\
\x98\x0fc\xeck\xc6\x18;~\xfc8;|\xf8\xb0\xdb\
\x85\xf3r\x16\x8b\xc5\xc2\xfc\xfd\xfdy\xbf\x8d\xec\x80F\
S=\x00\xd5\x16\x051\xc6\xdc.d\x92\xad'\x90\x98\
\xc8\xdd&-\x10@\x16<+\xb2\x10a\x07\xc6\x98\x0f\
\x80\x7f\xa3>\xc2\xef=\xf7\xdc\x83>}\xfa\xc0d\x92\
\x04\xf9\xd1\x15g}\xe5\xcc\x993\xa8\xa9\x91l\xb1P\
\x04\xe0\x86\x5c\x99\xa6\x04\x00P\xe15`\xf9\xf2\xe5\x88\
\x8c\x8cDpp0&L\x98\x80\xca\xcaJ\xfb\x854\
\x2244\x14\x9b7o\x96\x13\x81 \x08#\xc5$\x02\
\x9eK\x1c\x80\xf7\x01\xbc\x1b\x15\x15\xd5\x15\x0d\x9c\xdf\x1d\
\xa9\xac\xac\xc4\x84\x09\x13\x10\x1c\x1c\x8c\xc8\xc8H,_\
\xbe\xdc\xa1\xf2\xce\x84\x01\xb7G&D\xdd\x89\xf9\xf3\xe7\
+\xee\x92,\x5c\xb8P\x12\xba;%%\x85UTT\
\xb8\xac\x1b\xe4\x0c\xa5\xa5\xa5,11Q\xeeu\xa0\x0a\
\xee'\x02\xf4\x0a`\x9f.\x00\xcaQo_HHH\
uQQ\x91fu\xe4(\x95\x95\x95l\xd8\xb0a\x8d\
\xea\xd4d2\xb1\x05\x0b\x16(\xbe\xc6\xfb\xef\xbf\xcf\xfb\
]2\x9b\xaa$\x97\xf5\x00>\xf9\xe4\x13L\x9b6M\
\xb2iGNN\x0e\xd2\xd2\xd2\xa8'@\xb8\x9aq\x00\
Z\xd9\xfe\xa7\xbc\xbc<`\xed\xda\xb5:\x9a#OU\
U\x15\x1ez\xe8!\xec\xd8\xb1\xa3Q>c\x0c3f\
\xcc\xc0G\x1f}\xa4\xe8:\xce\x0c\x00\xbaD\x00>\xf9\
\xe4\x93\xa6\xf6\xea#\x11 \xb4@\x12\xfc\xc2\x1d\x17\xf4\
\xc89\xbf\x0dGD\xa09\x81@\xe5\xe8\x06Q\x97\x22\
22\xb2\xc9n\x88\x9d]z\xe9u@\x1d\xe8\x15\xc0\
\x0e\xc3\x86\x0d\x0b\x8e\x8b\x8b\xbb\x86z\xfbF\x8c\x18\xc1\
,\x16\x8bfu\xa4\x04^\xb7_.)y\x1d\x88\x8c\
\x8c\xe4\x95\xbd\xbb9\xf5\xe8\x0baQP\xa3\x8b\xcaE\
Bu\xc4\xf9m\x89D\xc0)H\x00\x9a\x80\xd5\x7f\xea\
\xb3X,l\xdb\xb6ml\xe7\xce\x9d\xccj\xb5jV\
?J\xa8\xa8\xa8`)))\x0e\xf9\x8a\xc9db\x0b\
\x17.\xe4^\xaf\xb8\xb8\x98W\xe66\xf8\xa1\xff\x1d\xe2\
\xb8\xf8\xc2[\xb7n\x95\x18`\xc7\xf9\xbf\x06\xf0\x108\
\xdb\x8e\x81D\xc0\x19H\x00d`\x8c\xf91\xc6\xbe\xd3\
\xac2\x9c\xc0\x8e\xf3W\x03\x18\x0da\x8b;\xc5\x22\xb0\
u\xebV\xde\xb5\x8e\xabQ\xa7\x92\xfd\xd0\x86\x0c\x19\xc2\
\xaa\xaa\xaa\xee\xfc\xf1\x0f?\xfc\xd0\x9e\xf3\xdb\xf6#K\
\x03\x89\x80\x1a\x90\x00\xfcN,\x80\xff\x05\xf0\x8f\x1e=\
z\x84\xb3\xfaI>\xee\x8a\x02\xe7\x1fU\x7f_>h\
B\x04>\xfc\xf0\xc3;\xd7\xac\xac\xacd\xa9\xa9\xa9\xbc\
\xeb9\xf6\x1dQ\x86\x89<#:t\xe8\xc0\x9ez\xea\
\xa9\xa6f\xd3\x89\x9d\xdf\x06\x89@\xf3!\x01\x10x\x00\
@\xa5\xcd\x86\xf6\xed\xdb\x97\xdf\xbcyS\xb3zp\x14\
\x07\x9c\xdf\x86\xac\x08\x00`III\xec\xa9\xa7\x9eb\
\xed\xdb\xb7\x97\xbb\xe6\x13P\x81\x16\x00\xce\xca\x19\xd1D\
\xe29\xbf\x0d\x12\x81\xe6A\x02 \xd4y\x95\xd8\x8e\xac\
\xac,\xcd\xea\xc1\x11\x9cp~\x1bM\x8a@\x13\xa9\x00\
@\x80Z\x95\xfdG\x00\x16\x07\xfexS\xceo\x83D\
\xc0y\xbc]\x00\xb8\xce\x0f\x80m\xd9\xb2E\xb3zP\
J3\x9c\xdf\x86\xa3\x22`\x81\x0b\xdac\x1a\x1a\xcc\xac\
j\x22}\x0a\xfb\xce\xdf\xf0\x9a$\x02\x8e\xe3\xcd\x02 \
\xeb\xfc\xa9\xa9\xa9\x9e6\xda\xaf\xc4\xf9m\xf8\x00X$\
s\x9d\x86\xa9\x0c\xc0HUj\x9a\xc3\xdd\x10\xf6H\xaf\
\xe1\xfc\xe1\xddpn\xc7Z\x12\x01\xc7\xf1V\x01\x90u\
\xfe\x81\x03\x07\xb2\x1b7nhV\x07JP\xd1\xf9\x1b\
\xf2(\x80=\x9c\xeb\xd5\x00\xf8\x02\xc2\xa0\xa8\xcb\x09\x81\
\x10S\xed\x09\x087\xd1\xac\xc9\x06 \x11p\x14o\x14\
\x00r\xfe\xc6\xdc]\x7f\x8d'\x00\xa4@\xf0I\x8ff\
$\x80[\xe0TXrr2+//\xd7\xfb7m\
\x84\xce\xf1\x04\xbcM\x00<j\x8bn;3\xfcnC\
\xf8\xceOp \x11P\x867\x09\x009\xbf\x97A\x22\
`\x1fo\x11\x00r~/\xc5hc\x02\xa9*\xd7\x8f\
7\x08\xc0\x10\xd0;\xbfW#+\x02\xa9\xa9\xa9\x9e&\
\x02\xd7 \xc4\xa2W\x0b\xa3\x0b@G\x08u\xe61\xce\
/3\x15\x97\x9c\xbf\x99\x18I\x04\x96\xa8X/F\x17\
\x80e\x9c\xebS\xb7\xdfK1\xca\x98@\x0d\x84H\xcb\
j`d\x01h\x0d\xce\xacSz\xf2{7\x1e\xd5\x13\
\xb8z\xf5\xaa\x5cp\x86\x87T\xaa\x0f#\x0b\xc0\x18\xf1\
\xb5\xdb\xb6m\xcb\xae^\xbd\xaa\xd9\xfd)\xc1(\xceo\
/$\x98\xbb\xb0\x01\xc2,CI\xbc\xe4]\xbbva\
\xd4\xa8Qn\x15^,22\x12\x0f>\xf8 \xef\x90\
\x9a\xe3\x00F\xa5\x9d8c\xd4\xa8Q\x88\x8c\x8c\xd4\xc3\
\x16.\x95\x95\x95\x185j\x14v\xed\xda\xc5;|\x1b\
\xc2l\xbd\xf5\xdaZ\xe5\x1c\x9e\x22\x00\x80\x87\x89\x00g\
\x8bf@x2\x10M#\xf9}\xddi[z#9\
\xbf\xa7\xe2\xf6\xaf\x03[\xb7nef\xb3\x99\xd75L\
V\xa9\x0e\x8c\xfc\x0a\x90\x22\xbe\xb6\xd9l\xe6F\xa1\xd2\
\x1a\xa3t\xfb\x8d\x80\xdb\x8a\xc0\xce\x9d;Ypp0\
\xaf\x81\x5c\x81\xf2U\x92\xf60\xb2\x00\xf8@\xd8\xcd\xa6\
\xd1\xf5\x83\x83\x83\xd9\xce\x9d;5\xbbG1\xe4\xfc\xee\
\x87\xec\xd7\x81\xc1\x83\x07\xeb\xf2u ''\x87\xb5j\
\xd5J\xae\x91\xbc\xa4\xe2\xbd\x1bY\x00\x00\xe0\xef\x9c\xeb\
\xeb&\x02\xe4\xfc\xee\x8b\xdb\x88\x80\x1d\xe7\xdf\x09\xc0_\
\xc5\xfb6\xba\x00\xf8\x02\xc8\xe6\xfc\x0d\x16\x14\x14\xc4\xb6\
m\xdb\xa6\xd9\xbd\xd2w~\xf7G\xf7\xd7\x81&\xba\xfd\
\x0c\xc0\x014\xb1;\xab\x93\x18]\x00\x00\xa1\xce\x0ep\
\xfe\x8ef=\x01z\xf2{\x0e\xba\xf5\x04\xec<\xf9\x0f\
\x02\x08w\xc1\xfdz\x83\x00\x00\xc2\xc4\xa9\xfd\x9c\xbf\xe5\
\xf2\x9e\x00=\xf9=\x0f\xcdE@'\xe7\x07\xbcG\x00\
\x00\x1dD\x80\x9c\xdfs\xd1L\x04tt~\xc0\xbb\x04\
\x00\xd0P\x04\xc8\xf9=\x1f\x97\x8b\x80\xce\xce\x0fx\x9f\
\x00\x00\x1a\x88\x009\xbfqp\x99\x08\xb8\x81\xf3\x03\xde\
)\x00\x80\x0bE\x80\x9c\xdfx\xa8.\x02n\xe2\xfc\x80\
\xf7\x0a\x00\xe0\x02\x11 \xe77.\xaa\x89\x80\x1b9?\
\x00$\x88m\xe8\xd9\xb3\xa7\xc3\x0d\xdfYz\xf6\xec\xc9\
\xab\x83>\x1a\xde\x7f\x1b\xa8\xf4\x89\x90>\xf5\x19\x9ff\
\x8b\x80\x9b9?\x00\xb4\x15\xdb\xe1\xe3\xe3\xc3rss\
\x9b\xe3\xd7\x8a\xc8\xcd\xcde>>>\xbcz\xd0z\xb9\
^\xb3E\x80\x9c\x1f0\xe9m\x80F\x8c\x04\xf0\x03\x84\
}\x0e\x1b1x\xf0`l\xd8\xb0\x01\xadZ\xb5\xe2\x16\
\xdc\xbd{7\xd2\xd2\xd2PQQ\xc1;|\x08B\xd0\
O=\x96\xab\xe5\x03\xe8\xd60\xa3k\xd7\xaex\xf7\xdd\
w\xd1\xb7o_\xf8\xfa6{[\xf8F\xd4\xd6\xd6\xe2\
\xd0\xa1C\xf8\x9f\xff\xf9\x1f\x14\x14\x14\x88\x0f\xe7\x01\xe8\
\xa1\xea\x1fTF\x1b\x00[\x00\xf4\x17\x1f\x08\x0e\x0e\xc6\
\xfa\xf5\xeb\x91\x9a\xca\x0f\xc7H\xab\xfa\xbc\x0f\x87{\x02\
n\xf8\xe4o\xc8\x1b2v\xe9\x91^s\xf1\xbd6\x85\
\xc3=\x01z\xf2{/MN\x1b.))\xb9\xd3H\
\xb2\xb3\xb3\x9b\x9a\xde\xfb+\x84\x86\xa7'-\x01\x9c\x81\
\xfe\xce\xff\x1b\x80 \x17\xdf\xab=\x9a\x14\x81\xec\xec\xec\
;\xbfkII\x099\xbf\x97#+\x02QQQ\xec\
\xcf\x7f\xfe3{\xf0\xc1\x07\xe5\xd6\xf3\xbb\x8b\xf3\xdb\xe8\
\x03\xe1\xf5C/\xe7\xbf\x0e\xa0\x97\xcb\xefR\x19\xb2\x22\
`6\x9bYzz:\x9b<y2\x8b\x8e\x8e&\xe7\
'\xe4_\x07\xec$\xbd\xbb\xfd<b\xc1\xdf,\xd2\xd5\
)\x07@W\x0d\xee\xcf\x11dE\xc0N\xf2Z\xe7\xf7\
\x96A@\x1e\xb2\x03\x832\xe89\xe0g\x0f\x13\x80\x11\
\x00\x1e\x03p\x0f\x80(\xa8\x1f\xee\xad\x0eB\xa0\x8e\xe3\
\x00V\x03\xd8\xac\xf2\xf5\xd5Bv`P\x06\x1a\xf0\xf3\
b\xfe\x08\xa0\x04\xf6\x9f\x10\xdb\xe0>\xdd~\xc2>\xad\
!\xfcf\xf6~\xd7\x12\xb8v\x13W\xc2\x03\xe8\x02`\
\x05\x80ZH\x1b\xc8U\x00\xff\x80\x10\xa0\x82\xf0,|\
\x01\xbc\x0c\xe17\x14\xff\xae\xb5\x00\xbe\x86\xf0\xdb{5\
\xde\xfc\x0a &\x1c\xc0P\x08\xdbRUA\xf8\xce\xbe\
\x07Bc!<\x17\x1f\x00\xf7\x01\xe8\x0e\xe1\xcb\xc9\x05\
\x08\x11\x9aJ\xf44\x8a \x08\x82 \x08\x82 \x08\x82\
 \x08\x82 \x08B\x13\xe8+\xc0\xef\x98\xa0\xde\xf6\xdd\
r0\x00\xa5\x0a\xce\xf3\x85\xb2\xaf\x0f~\x00\x82\x9be\
\x91wR\x0a\xe1\xb7 \xbc\x98\xae\x10\xbe\x13o\x03p\
\x11\x9c=\xe9]\x94\xae\x03\x98,c\x93\x1f\x80\xc5\x10\
f\xa7\x15\x01\x98 s^\x10\x80o\xea\xcf\xd3z\x0a\
\xb0\x11\x92\x05\xc2o\x9e\x0da\x9e\x87\xbbMi&\x5c\
\xc8]\x00\x96\x03\xb0B\xdf\x06x\x17\xc7\xb6\x97D\xe7\
U\x83\xbf\xa5\xf8\xff\xd3\xd1v#&+\x80\x7f\x03\xe8\
\xcc\xa9k\xc2@L\x84s\x8b\x80TO\x0b\x16,X\
\xc9\x18\x9b\xd70\x0d\x192\xe4\x88\xf8\xbc\x85\x0b\x17~\
+>/%%\xe5\xa8\xde\xf6\x1b4\xdd\x02\xf0\x14\x08\
C\xf2\x0e\xf4o`\x0c\x00\x0b\x0c\x0cd\x85\x85\x85\x92\
@\x15\x8b\x17/nt^HH\x08\xbbz\xf5\xaa\xe4\
\xbc\x8f?\xfeX\xf7{0x\x9a\x0d/\xc1[\xe6\xb8\
\xbf\x00!\x82\x8e,&\x93\x09aa\xae\x1e\x03\x04\xba\
t\xe9\x82\xb7\xdf~\x1b111\x92c\x93&M\xc2\
\xf9\xf3\xe7\xb1t\xe9RDDD\xe0\xbd\xf7\xdeCd\
\xa44\xd4\xdes\xcf=\x873g\xce`\xd5\xaaU(\
++s\xb9\xcdF\xa3\xac\xac\x0cuuuM\x9d\xf2\
&\x841\x82Lm,\x22\x5cI\x22\x80\x1ap\x94\xbe\
]\xbbvl\xfe\xfc\xf9,//\x8fY,\x16\xbbA\
$\x09c`\xb1XX^^\x1e\x9b?\x7f>k\xd7\
\xae\x9d\x5c/\xa0\x06\xda\x85:'\x5c\xc8.p~\xe0\
g\x9f}\x96UUU\xe9\xdd\x16\x09\x9d\xa9\xaa\xaab\
\xcf<\xf3\x8c\x9c\x08\xec\xd0\xa7\xc9\x12j\x91\x06\xce\x0f\
;}\xfat\xbd\xdb\x1d\xe1fL\x9b6MN\x04F\
\xea\xd4v5\xc1\xe8\x13\x81\x96A\x18\xf9\xbfC\xbf~\
\xfd\xb0\x7f\xff~\xd5\xc3f\x13\x9eMmm-\x06\x0e\
\x1c\x88C\x87\x0e\x89\x0f-\x050I{\x8b\xb4A\xed\
\xb0Q\xee\x84/\x80\x07\xc5\x99\xb3g\xcf&\xe7'$\
\xf8\xfa\xfab\xf6l\xee\xe0\xff\x83\x10b\x0a\x18\x12#\
\xf7\x00b!\x84\xac\xbeCXX\x18\xae^\xbd\x0a?\
??\x9dL\x22\xdc\x99\x9a\x9a\x1a\xb4m\xdb\x96\xf7e\
\xa5+\x84\x10\xec\x86\xc3\xc8=\x80v\xe2\x8c\xde\xbd{\
\x93\xf3\x13\xb2\xf8\xfb\xfb\xa3W/n\x94sI[2\
\x0aF\x16\x80\x08IF\x84$KU\xae]\xbb\x86\x92\
\x12\x8a4\xe5\xc9\xb4m\xdb\x96\x9b\xad\xb5\x1dZad\
\x01\x90\xbc\xb7\xf9\xf8\xa8\xfb*w\xfa\xf4i\xcc\x9a5\
\x0b\xfd\xfa\xf5C@@\x00\xda\xb6m\x8b\xf0\xf0p\x04\
\x06\x06b\xd0\xa0Ax\xf7\xddwq\xe9\xd2%U\xff\
&\xe1Zd\xda\x88a\xc7\x00\x8cL\x06D\x9ft2\
22T\xf9dTVV\xc6\xa6M\x9b\xc6\xfc\xfc\xfc\
\xecN+\x0d\x0a\x0ab\xaf\xbf\xfe:\xbbu\xeb\x96*\
\x7f\x9bp-\x19\x19\x19\xbc\xdf1C\xf3\xd6\xab\x11F\
\xee\x01\xb8\x84\x82\x82\x02$''\xe3\xa3\x8f>\x82\xc5\
b\xb1{\xfe\xcd\x9b71w\xee\x5c\xdc\x7f\xff\xfd\xb8\
r\xe5\x8a\x06\x16\x12\x84rH\x00\x1c\xe0\xca\x95+\x18\
6l\x18\x8e\x1f?\xeep\xd9\xbd{\xf7\xe2\xfe\xfb\xef\
\xa7\xb9\xfb\x84[A\x02\xa0\x90\xba\xba:<\xf6\xd8c\
\xb8p\xe1\x82\xec9\x91\x91\x91h\xd3F~\x03\xa1\xdc\
\xdc\x5cL\x9a4\xc9\x05\xd6\x11\x84s\x90\x00(d\xf9\
\xf2\xe5\xd8\xb3g\x8f$?44\x14\xef\xbd\xf7\x1e.\
_\xbe\x8c\xabW\xaf\xa2\xb8\xb8\x18\xe7\xce\x9d\xc3\x9bo\
\xbe\x89\xc0\xc0@\xc9\xf9?\xfc\xf0\x036ov\xd7m\
\xf5\x08\xc28\xa8:\x08\x18\x1b\x1b+\x19\x1cj\xdf\xbe\
=\xcb\xcd\xcd\x95-\xf3\xdf\xff\xfe\x97\x85\x85\x85I\xca\
%'';m\x07\xe1Zh\x10\x90\x90p\xe8\xd0!\
\x9c>}\xbaQ\x9e\xc9d\xc2\xca\x95+\x11\x17\x17'\
[n\xc0\x80\x01X\xbcx\xb1$\xff\xe7\x9f\x7fFa\
a\xa1\xeav\x12\x84\xa3\x90\x00(`\xcb\x96-\x92\xbc\
\x91#G\x2299\xd9n\xd9G\x1ey\x04}\xfb\xf6\
m\x94\xc7\x18Cvv\xb6S\xb6\x94\x97\x97c\xc2\x84\
\x09\x08\x0d\x0d\x85\xc9d\xa2$Jm\xda\xb4\xc1_\xff\
\xfaW\xd4\xd4\xd48U\xbf\xde\x06\x09\x80\x02x\x03\x7f\
#F\x8cP\x5c~\xe4H\xe9\x8a\xd2\xf3\xe7\xcf;e\
\xcb\x9c9s\xb0b\xc5\x0a\x94\x97\x97;U\xde\xe8\xdc\
\xb8q\x03\x9f|\xf2\x0923)\x98\x8f\x12H\x00\x14\
P\x5c\x5c,\xc9\x8b\x8a\x8aR\x5c>::Z\x92w\
\xfd\xfau\xa7l9p\xe0\x80S\xe5\xbc\x0d\xaa'e\
\x90\x00( <<\x5c\x92WTT\xa4\xb8<o\x02\
\x90\xb3\xeb\x12\xfa\xf7\xef\xefT9o\xe3\xde{\xef\xd5\
\xdb\x04\x8f\x80\x04@\x01\x1d;v\x94\xe4m\xda\xb4I\
qy\xde\xb9\x9d:ur\xca\x967\xdex\x03\xe3\xc6\
\x8dCp0m\x08\xc4#,,\x0cS\xa7N\xc5\x94\
)S\xf46\xc5#\xa0\xc8\x18\x0a\x18>|\xb8$o\
\xf3\xe6\xcd\xd8\xbd{7\x06\x0f\x1e\xdcd\xd95k\xd6\
H\xa2\xcc\x98L&\xfc\xe1\x0f\x7fp\xca\x96\xd0\xd0P\
|\xfb\xed\xb7N\x95%\x081\xd4\x03P@\xdf\xbe}\
\x11\x1b\x1b\xdb(\x8f1\x86\xf1\xe3\xc7#??_\xb6\
\xdc/\xbf\xfc\x82g\x9f}V\x92\x7f\xdf}\xf7\xa1]\
;\xc3.1'<\x08\x12\x00\x85\xbc\xf5\xd6[\x92\xbc\
K\x97.!11\x11\xf3\xe7\xcfo\xf4\x9e\x7f\xfe\xfc\
y\xbc\xf5\xd6[\x182d\x08JK\xa5{\x81\xce\x9c\
9\xd3\xa5\xb6\x12\x04\xa1\xf2L@\xab\xd5\xca\x92\x93\x93\
\x9b\x5c\xfa\x1b\x15\x15\xc5\xc2\xc3\xc3\x9b<\xe7\x91G\x1e\
Qm\xd6\x1a\xa1>4\x13\x90\xe0b6\x9b\xb1z\xf5\
j\xee\x80\xa0\x8d\xa2\xa2\x22\xee'C\x1b=z\xf4\xc0\
\x97_~\xe9\x0a\xf3\x08\xc2)H\x00\x1c ::\x1a\
;v\xec@||\xbc\xc3e\x07\x0d\x1a\x84\xed\xdb\xb7\
#44\xd4\x05\x96\x11\x84s\x90\x008H\xd7\xae]\
\xb1g\xcf\x1eL\x9b6MQ\x80\xd1\xa0\xa0 \xbc\xfe\
\xfa\xeb\xd8\xb1c\x07wB\x10A\xe8\x09\x09\x80\x13\x84\
\x84\x84`\xc1\x82\x058y\xf2$f\xce\x9c\x89\xbe}\
\xfb\xc2\xdf\xdf\xff\xce\xf1\x16-Z ))\x09s\xe7\
\xceE~~>\xe6\xcc\x99\x83\x80\x80\x00\x1d-&\x08\
>F\x9e\x07 \xd9\xfe\xd5j\xb5\xaa\xfa\x07bcc\
1k\xd6,\xcc\x9a5\x0b\x800\x06\xe0\xe3\xe3\xe3\xf2\
\xe8\xc3\x84\xeb\x90i#Mn%\xec\xc9\x18Y\x00\xaa\
\xc4\x19\xd7\xae]s\xe9\x1ftd}\x00\xe1\x9e\xc8L\
\xf16\xec\xca+#\xbf\x02H\x96\xdb\x1d;vLQ\
 O\xc2;\xa9\xa9\xa9\x91\x8b\xf7xQk[\xb4\xc2\
\xc8\x02\x90\x0f\xa0\xa2aFii\xa9Cs\xf8\x09\xef\
b\xe3\xc6\x8d\xbc\xa0\xad\x15\x00N\xe9`\x8e&\x18Y\
\x00\xac\x00$\xc1\xf7f\xce\x9c\x89\xda\xdaZ\x1d\xcc!\
\xdc\x99\xda\xdaZ\xeelO\x00\x1b!\xb4%Cb\xf4\
\x1dO*\x00<\xd90\xe3\xf2\xe5\xcb(++CZ\
Z\x9aN&\x11\xee\xc8\x8c\x193\xb0n\xdd:\xde\xa1\
\x97\x01\x9c\xe6\x1d \xdc\x1f\x13\x80\xff\x823%\xf7\x99\
g\x9eaUUUz\xcf<%t\xa6\xb2\xb2\x92M\
\x9a4In\xea\xf6~\x18{\x07m\xc3\xf7\x00\x00\xe0\
0\x80I\x10\xdd\xeb\xc1\x83\x07\xb1d\xc9\x12\xd4\xd5\xd5\
!22\x12aaa0\x9b\x8d\xfcFD\xd8\xa8\xad\
\xad\xc5\xa9S\xa7\xb0x\xf1b<\xf9\xe4\x93\xc8\xc9\xc9\
\xe1\x9df\x01\xf0(\x00CGo5\xb4\xba5\xe0\xef\
\x00\xfe\xaf\xa9\x13|||\x10\x12\x12\xa2\x919\x84\x9e\
\x94\x95\x95\xa1\xae\xce\xee\xa7\xfd\xbf\x01\xf8P\x03s\x08\
\x8d\xf8'\xecl\xe4I\x89R}z\x1b\x84!Y\x04\
\xfd\x1b\x17%\xf7N\x9f\x820$\xcfAx\xaf\xd3\xbb\
\x81Qr\xefd\x01 \x0d\xe3Dx4\x8fC\xf8\x96\
\xabw\xe3\xa2\xe4\x19\xc9\x0a`<\xbc\x00o\x18\x04\xec\
\x01\xe0\x17\x00-\xc5\x07Z\xb6l\x89I\x93&a\xf4\
\xe8\xd1\xe8\xd6\xad\x1bZ\xb7n\xad\xbdu\x84\xe6\xdc\xb8\
q\x03\xa7N\x9dBVV\x16\x96.]\x8a\x9b7o\
\xf2N\xab\x04p/\x84\x19\xa5\x84\x07\xb3\x19\x1c\x95\x1f\
9r$+,,\xd4\xfb34\xa13\x97.]b\
\xc3\x87\x0f\x97\xeb\x09\xd0\xbcq\x0fg08?\xec\xd8\
\xb1cYmm\xad\xdem\x8fp\x13,\x16\x0b{\xf4\
\xd1G\xe5D\xe0>\x9d\xda\xae&\x18\xfd\x15`)\x80\
?7\xcc\xb8\xfb\xee\xbbq\xf8\xf0a\x04\x05\x05\xe9d\
\x12\xe1\x8eTUU\xa1O\x9f>(((\x10\x1fZ\
\x0aa\x22\x99!1\xf2\xd473\x80\x87\xc4\x99\xb3g\
\xcf&\xe7'$\xb4l\xd9\x12o\xbf\xcd\xfd\xfc\xff\x10\
\x0c\xfc\xa04\xec\x8d\x01\xe8\x06\xd1\x00NPP\x10\xae\
]\xbbF\x02@p\xb9u\xeb\x16\x22##QU%\
\x89%\x13\x0b@\xd250\x02F\xee\x01t\x16g$\
$$\x90\xf3\x13\xb2\x04\x06\x06\xa2w\xef\xde\xbcC]\
\xb4\xb6E+\x8c,\x00\xad\xc4\x19\x14\xb2\x8b\xb0\x87L\
\x1b1\xec\x22\x11#\xc7\x04\x94\xact\xf4\xf5U\xf7v\
\xcb\xca\xca\xf0\xfd\xf7\xdfc\xed\xda\xb58y\xf2$.\
\x5c\xb8\x00\x1f\x1f\x1f\xb4o\xdf\x1e\x09\x09\x09\x183f\
\x0c\xd2\xd3\xd3\xa9\xd7\xe1A\xc8\x84z7\xec\xaaY#\
\x0b\x80\xcb\xb0X,X\xb0`\x01\xe6\xcc\x99\x83\x92\x92\
\x12\xc9\xf1\xf2\xf2r\x9c<y\x12+V\xac@\xbbv\
\xed0k\xd6,L\x9e<\x19&\x93\x91\x87\x5c\x08O\
\xc4\xc8\xaf\x00.\xa1\xa4\xa4\x04iiix\xf9\xe5\x97\
\xb9\xce/\xa6\xb0\xb0\x10S\xa6LAzz:\xca\xcb\
\x0d\x1b\x5c\x96\xf0PH\x00\x1c\xa0\xa2\xa2\x02\xc3\x86\x0d\
Cvv\xb6\xc3e\x7f\xfc\xf1G\x8c\x1e=\x1a55\
5.\xb0\x8c \x9c\x83\x04\xc0\x01&N\x9c\x88\xa3G\
\x8f:]~\xe7\xce\x9d\x981c\x86\x8a\x16\x11D\xf3\
 \x01P\xc8\xbau\xeb\x90\x95\x95%\xc9\xf7\xf3\xf3\xc3\
\x0b/\xbc\x80\xbd{\xf7\xa2\xb2\xb2\x12\xe5\xe5\xe5\xf8\xe9\
\xa7\x9f0q\xe2Dn\x88\xb1\xcc\xccL\xec\xdf\xbf_\
\x0b\x93\x09\xc2\xab\xc9\x80h^wFF\x86\xd3\xf3\xc5\
\x13\x12\x12$\xf3\xc4CCC\xd9\xae]\xbbd\xcb\xac\
]\xbb\x14\x8bb\xe2\x00\x00\x0bzIDAT\x96\xb5\
h\xd1\x82\xbb\x10\x89pO222x\xeb\x0124\
o\xbd\x1aA=\x00\x05\xe4\xe5\xe5\xe1\xf0\xe1\xc3\x92\xfc\
e\xcb\x96!%%E\xb6\xdc\xe8\xd1\xa3\xf1\xe1\x87\xd2\
\xb0r\xd9\xd9\xd9(..V\xd5F\x82p\x06\xfa\x0c\
\xa8\x80\x8d\x1b7J\xf2\x06\x0f\x1e\x8c\xf4\xf4t\xbbe\
'O\x9e\x8c\x7f\xfd\xeb_8u\xea\xf7\xcdejk\
k\xb1u\xebV\x8c\x1f\xefx\xcc\x09\xab\xd5\x8aw\xde\
y\x07k\xd6\xacAee\xa5\xc3\xe5\x9b\x8b\xd9lF\
\x5c\x5c\x1c\xe6\xce\x9d\x8b>}\xfaH\x8e\xd7\xd6\xd6b\
\xce\x9c9\xf8\xe1\x87\x1f\xd0\xa9S'\xcc\x9f?\x1fq\
qq\x92\xf3n\xdf\xbe\x8dY\xb3fa\xfd\xfa\xf5\xaa\
\xdeGXX\x18\xc6\x8f\x1f\x8fW^y\x85\xa2<{\
9\xaa\xbd\x02\xfc\xfd\xef\x7f\x97t\x0b\xe7\xcd\x9b\xa7\xb8\
\xfc\xdf\xfe\xf6\xb7f\x95o\xc8\xfb\xef\xbf\xafw\xb4\x1c\
\x06\x80u\xe8\xd0\x81UWW\xdb\xb5\xafK\x97.\xac\
\xa6\xa6Fr\xde?\xff\xf9O\x97\xda\xb7l\xd92\xa7\
\xea\x97^\x01\x08\x09W\xaf^\x95\xe4u\xec\xd8Qq\
\xf9N\x9d:I\xf2dv\xa1\xb5\xcb\xe6\xcd\x92\xdd\xce\
t\xe1\xe2\xc5\x8b\x8dz56\xc4\xf6\x9d9s\x86{\
\xde\x8e\x1d;\x5ce\x1a\x00`\xfb\xf6\xed.\xbd\xbeQ\
 \x01P@hh\xa8$O\xc9$\xa0\xa6\xce\x0d\x0b\
\x0bs\xca\x96\x9e={:UNm\x02\x03\x03\xd1\xa1\
C\x07I\xbe\xd8\xbe\xe0\xe0`\xae\x00v\xeb\xd6\xcde\
\xb6iq}\xa3@\x02\xa0\x80\xf6\xed\xdbK\xf2\x1cy\
\x82\xf1\x9eF<\xe7Q\xc2\xcc\x9931l\xd80\xa7\
\xca\xaaEpp0\x16-Z\xc4\x15\xb1\xb7\xdez\xeb\
\x8e}\xad[\xb7\xc6\xd2\xa5K\x11\x1c\x1c,9\xef\xcd\
7\xdfDbb\xa2K\xec\x1b9r$\xa6O\x9f\xee\
\x92k\x1b\x0d\x1a\x04T\x00\xcf\xe1\xb2\xb2\xb2p\xe2\xc4\
\x09\xdcs\xcf=M\x96\xfd\xe9\xa7\x9f\xb0{\xf7nI\
\xfe\xd0\xa1C\x9d\xb2\xa5M\x9b6\xd8\xbe};\xae_\
\xbf\xae\xcb\xd4b\xb3\xd9\x8c\x8e\x1d;\xc2\xc7\x87\xbf>\
&<<\x1c\xdb\xb7oGII\x09BCCe\xcf\
k\xd7\xae\x1d\xf6\xed\xdb\xa7\xfa}\xb4n\xdd\x9a\x82\xbb\
:\x00\x09\x80\x02\x06\x0d\x1a\x84\x98\x98\x18\x5c\xbe|\xf9\
N^mm-\xc6\x8e\x1d\x8b\xed\xdb\xb7\xa3m\xdb\xb6\
\xdcrg\xcf\x9e\xc5SO=%\xc9\xef\xd3\xa7\x0fb\
cc\x9beSDD\x04\x22\x22\x22\x9au\x0dW\xd2\
\xa6M\x1bE\xe7\xb9\xfb}\x18\x1dz\x05P\x80\xd9l\
\xc6\xab\xaf\xbe*\xc9?q\xe2\x04\x06\x0e\x1c\x88\x95+\
W\xc2b\xb1\xdc\xc9\xbfu\xeb\x16\xbe\xf8\xe2\x0b$&\
&\xe2\xe2\xc5\x8b\x92r\xaf\xbf\xfe\xbaK\xed%\x08\xa5\
P\x0f@!/\xbc\xf0\x02>\xfd\xf4S\xe4\xe6\xe66\
\xca?\x7f\xfe<\xc6\x8f\x1f\x8f\x90\x90\x10\xf4\xe8\xd1\x03\
V\xab\x15\xb9\xb9\xb9\xbc\xb0R\x00\x80\x94\x94\x14\x8c\x1b\
7N\x0b\x93\x09\xc2.$\x00\x0a\xf1\xf7\xf7GVV\
\x16\x06\x0d\x1a\x84\x1b7nH\x8e\x97\x97\x97\xdb\x9d\xe3\
\x1f\x13\x13\x83\x15+VP\x5c\x00\xc2m\xa0W\x00\x07\
\xe8\xde\xbd;6n\xdc\x88\x98\x98\x18\x87\xcb\xde}\xf7\
\xdd\xc8\xce\xce\xe6~Q \x08\xbd \x01p\x90\xc4\xc4\
D\xec\xdf\xbf\x1f\xa3G\x8fVt\xbe\xc9d\xc2\x13O\
<\x81}\xfb\xf6\xb9\xcd7|\x82\xb0A\x02\xe0\x04\x1d\
:t\xc0\xda\xb5k\xb1s\xe7N<\xfd\xf4\xd3\x08\x0f\
\x0f\x97\x9c\x13\x13\x13\x83)S\xa6\xe0\x97_~\xc1W\
_}\xa5xT\x9c \xb4\xc4\xc8c\x00L\x9cQW\
W\xa7\xea\x1fHMMEjj*\xacV+\x8a\x8a\
\x8ap\xf1\xe2E\xf8\xf8\xf8\xa0]\xbbv\x88\x8a\x8a\xa2\
\xc5(\x1e\x88L\x1b\x91\xb4%\xa3`d\x01\x90\x0c\xc3\
\xbbj\x09\xae\xcd\xe9\xdb\xb5k\xe7\x92\xeb\x13\xdaq\xed\
\xda5^v\x85\xd6vh\x85\x91\x1fQ\x97\xc5\x19\xb9\
\xb9\xb9\xaa\xf7\x02\x08\xe3`\xfb\x84\xcbA\xd2\x96\x8c\x82\
\x91\x05\xe0$\x80\xea\x86\x19EEE\xc8\xc9\xc9\xd1\xc9\
\x1c\xc2\xdd\xd9\xb5k\x17\xaf\x07P\x0d\x80\xab\x0aF\xc0\
\xc8\x02P\x03`\x9b8s\xd6\xacY\xda[B\xb8=\
\x8c1\xcc\x9c9\x93w(\x1b\x80\x85w\xc0\x08\x18v\
\xc7\x93z\xac\x10\x05s8{\xf6,\x82\x82\x820x\
\xf0`\x9dL\x22\xdc\x91y\xf3\xe6a\xf1\xe2\xc5\xbcC\
\xff\x0b\xe0\x84\xc6\xe6\x10*\xe1\x0ba\x87\xe0F\x11^\
L&\x13\x9b={6\xb3Z\xadNE\x8d!\x8c\x83\
\xd5je\xb3f\xcdb&\x93\x89\x17\x09(\x0f\xc6\x1e\
(\xf7\x0a\xfe\x04\xa0\x0e\x9c\xb0Q\xfd\xfb\xf7g+W\
\xaed\x95\x95\x95z\xb7CBc***\xd8\xb7\xdf\
~\xcb\xfa\xf6\xed+\x17V\xac\x0e\xc0p]Z\xac\x86\
x\xcb\xa4\xf4\xf7\x01\xbc\x22w\xd0\xdf\xdf\x1f\xd1\xd1\xd1\
\x88\x8c\x8c\xd4\xd0$B/\xae]\xbb\x86+W\xae\xd8\
\xdb\xa5i>\x00\xe9\x12P\xc2#1\x03X\x0a7\x08\
\xa6I\xc9#\xd2\x12\x18{\x80\xdc+1\x81D\x80\x92\
\xfd\xb4\x14\xde\xd33\xf6*FA\x98\xd1\xa5w\x03\xa3\
\xe4\xde\xa9\x02@\x1a\x08Cq?\x84\x09\x1dz7.\
J\x9e\x91nAh3\x86\xc7\x1b\xba:\xed\x01\x1c\x04\
 \x19\xe13\x9b\xcdHKK\xc3\xe8\xd1\xa3\xd1\xbd{\
w\x84\x84\x84ho\x1d\xa19\xe5\xe5\xe5\xc8\xcb\xcb\xc3\
\xbau\xeb\xb0a\xc3\x060\xc6x\xa7]\x05\xd0\x17\x06\
\x9e\x06\xec-\xac\x00G\xe5\x13\x12\x12\xd8\xc1\x83\x07\xf5\
\xfe\x1aE\xe8\xcc\x81\x03\x07X\xef\xde\xbd\xe5z\x02_\
\xeb\xd4f\x09\x95\xe8\x0d\xce\x1c\x80!C\x86\xb0\x8a\x8a\
\x0a\xbd\xdb\x1e\xe1&\x94\x97\x97\xb3\x94\x94\x14\x9e\x00\xd4\
\x01\xe8\xa5S\xdb\xd5\x04\xa3\x7f\xeax\x01\xa2\xd7\x9c\x98\
\x98\x18\xac^\xbd\x9a\xbbY\x05\xe1\x9d\xb4j\xd5\x0ak\
\xd6\xacATT\x94\xf8\x90\x09B\x1b2,F\x17\x80\
1\xe2\x8c\xb7\xdez\x8b\xe2\xd0\x13\x12\x22##\xf1\xe6\
\x9bo\xf2\x0eI\xda\x90\x910\xf2 `g\x00g\x1b\
f\x04\x04\x04\xe0\xea\xd5\xab4\xd8Gp)++C\
\xdb\xb6my3\x04;\x02\x90n\xf0`\x00\x8c\xdc\x03\
\x90l\xbd\xd3\xa7O\x1fr~B\x96\xd0\xd0P\xf4\xee\
\xdd\x9bw\xe8n\xadm\xd1\x0a#\x0b\x80\xc4\xd3\x9d\x09\
\xe7Mx\x172a\xdd\x9c\xdb\xca\xd9\x030\xf2RG\
\xc9\xbd\xf9\xfb\xfb\xab\xfa\x07\xacV+v\xed\xda\x85\xb5\
k\xd7\xe2\xc4\x89\x13\xb8t\xe9\x12L&\x13:v\xec\
\x88>}\xfa`\xcc\x981HLL\xa4\xe0\xa0\x1eD\
@@\x00/\xdb\xc8~bX2 \xfa\xac\x93\x91\x91\
\xa1\xda\xa7\xa3\xd5\xabW\xb3\xb8\xb88\xbb\xb3\xca\xfa\xf5\
\xeb\xc76o\xde\xac\xda\xdf%\x5cKFF\x06\xefw\
\xcc\x90\xb4.\x83@\x8f&\x07\xb9}\xfb6\xfe\xf2\x97\
\xbf\xe0\xb1\xc7\x1eC^^\x9e\xdd\xf3\x0f\x1e<\x88\x11\
#F`\xea\xd4\xa9\xa8\xad\xad\xd5\xc0B\x82P\x0eu\
m\x1c\xc0b\xb1`\xd4\xa8Q\xd8\xb6M\x12j\xd0.\
\x99\x99\x99(--\xa5\xbd\x01\x09\xb7\x82z\x00\x0e0\
}\xfat\xa7\x9c\xdf\xc6\xca\x95+\xf1\xf6\xdbo\xabh\
\x11A4\x0f\x12\x00\x85\xe4\xe4\xe4`\xd1\xa2E\xdcc\
iii\xf8\xe6\x9bop\xf4\xe8Q\x1c9r\x04K\
\x96,AJJ\x0a\xf7\xdc9s\xe6(zu \x08\
\xa2y\xa8:\x08\x98\x9a\x9a*\x19\x1c\x0a\x08\x08`\xdf\
|\xf3\x8dl\x99\x05\x0b\x160\xb3\xd9,)7v\xec\
X\xa7\xed \x5c\x0b\x0d\x02\x12\x12.\x5c\xb8\xc0\xddP\
d\xc1\x82\x05x\xfc\xf1\xc7e\xcbM\x9b6\x8d\xbb\x0f\
\xc1\xbau\xebPYY\xa9\xa6\x89\x04\xe1\x144\x08\xa8\
\x80\xff\xfc\xe7?\x925\xe3\x09\x09\x09\x98<y\xb2\xdd\
\xb2\xaf\xbe\xfa*233q\xf1\xe2\xef3I\xab\xab\
\xab\xb1u\xebV<\xfc\xf0\xc3\x0e\xdb\xc2\x18Cff\
&6l\xd8\x80\xaa*\xc9\xf6\x87^OHH\x08\xc6\
\x8f\x1f\x8fq\xe3\xc6\xe9m\x8aG@\x02\xa0\x80\xd3\xa7\
OK\xf2\x1e}\xf4QE\xa3\xf9\xfe\xfe\xfeHOO\
\xc7\xc7\x1f\x7f\xdc(\xff\xb7\xdf~s\xca\x96\x85\x0b\x17\
b\xfa\xf4\xe9N\x95\xf5\x16\xd6\xacY\x83\x16-Z \
==]oS\xdc\x1ez\x05P\xc0\x95+W$y\
]\xbbvU\x5c>6V\xb2,\x01\x97/;\x17h\
f\xdd\xbauN\x95\xf36\xd6\xae]\xab\xb7\x09\x1e\x01\
\x09\x80\x02Z\xb6l)\xc9s\xa4\xfb]Q!\xdd]\
\x9awM%DGG;U\xce\xdb\xa0zR\x06\x09\
\x80\x02x\x0bD\xf6\xec\xd9\xa3\xb8<\xef\xdc\xf6\xed\xdb\
;e\xcb\x1bo\xbc\x81N\x9d:9U\xd6[\xe8\xd5\
\xab\x17^z\xe9%\xbd\xcd\xf0\x08h\x0c@\x01\xc9\xc9\
\xc9\x92\xbcU\xabVa\xce\x9c9\xe8\xd0\xa1C\x93e\
\x8f\x1c9\x82\xec\xeclI\xbe\xb3\x9b\x93v\xef\xde\x1d\
yyy8z\xf4(\xca\xca\xca\x9c\xba\x86\x91\x89\x88\
\x88@||<\xfc\xfc\xfc\xf46\xc5# \x01P\xc0\
\xd0\xa1C\x11\x16\x16\x86\xd2\xd2\xd2;y\xb7n\xdd\xc2\
\x84\x09\x13\xb0i\xd3&\x04\x05\x05q\xcb\xdd\xb8q\x03\
O>\xf9$\xacVk\xa3\xfc\xd8\xd8X\xf4\xea\xe5|\
\xa8\xb9\x16-Z`\xe0\xc0\x81N\x97'\x08\x1b\xf4\x0a\
\xa0\x00???\xcc\x981C\x92\x9f\x93\x93\x83\xd4\xd4\
T\xec\xdf\xbf_r,;;\x1bIII8v\xec\
\x98\xe4\xd8+\xaf\xc8nSH\x10\x9aB=\x00\x85\xbc\
\xf2\xca+\xf8\xfc\xf3\xcfQXX\xd8(\xff\xd7_\x7f\
ERR\x12z\xf6\xec\x89^\xbdz\xc1j\xb5\xe2\xd0\
\xa1C(((\xe0^'>>^\xd1\xfc\x01\x82\xd0\
\x02\x12\x00\x85\xb4j\xd5\x0ak\xd7\xaeEjj*n\
\xdd\xba%9~\xf2\xe4I\x9c<y\xb2\xc9k\x84\x84\
\x84\xe0\xdbo\xbf\x85\xaf/U;\xe1\x1e\xd0+\x80\x03\
\xdc{\xef\xbdX\xb1b\x85S!\xc5\xc3\xc3\xc3\xf1\xe3\
\x8f?\x22>>\xde\x05\x96\x11\x84s\x90\x008Hz\
z:rrr\x90\x90\x90\xa0\xb8\xcc\xe0\xc1\x83\xb1\x7f\
\xff~\xa4\xa6\xa6\xba\xd02\x82p\x1c\x12\x00'HH\
H\xc0\xaf\xbf\xfe\x8ae\xcb\x96a\xe8\xd0\xa1\xf0\xf1\xf1\
\x91\x9c\xe3\xef\xef\x8f\x11#F\xe0\xfb\xef\xbfGNN\
\x8eC3\x07\x09B+\x8c\xfc2*\xd9\xf1Q\xbc\xa0\
\xa79\x98\xcdfL\x9c8\x11\x13'NDqq1\
rssq\xe9\xd2%\xf8\xf8\xf8 &&\x06\xbdz\
\xf5\xa2\x10\xe4\x1e\x88L\x1bQ\xaf\xe1\xb8\x19F\x16\x80\
\x1b\x92\x8c\x1b\x92,U\x08\x0f\x0fwzb\x0f\xe1^\
\x94\x94\x94p\xb3\xb5\xb6C+\x8c\xfc\x0a Yms\
\xea\xd4)=\xec <\x04\xc6\x18\xf2\xf3\xf3y\x87\x0c\
\xbbE\xb8\x91\x05\xe0\x1c\x80\xdb\x0d3.\x5c\xb8\x80_\
\x7f\xfdU's\x08w\xe7\xc0\x81\x03\xb8t\xe9\x928\
\xbb\x1aB[2$F\x16\x80\x9b\x00$\x11<\xe7\xce\
\x9d\xab\x83)\x84'\xf0\xce;\xef\xf0\xb2\xb7\x02\x90N\
\xfc0\x08F\x16\x00\x00X-\xc9X\xbd\x1a\xcb\x97/\
\xd7\xc3\x16\xc2\x8dY\xbat)\xb2\xb2\xb2x\x87\xd6h\
m\x0b\xa1\x1e\x01\x00\x0a\xc0\x09\xe6\xb9l\xd92]\x83\
O\x12\xee\xc3\x92%KX@@\x00/\x18\xe8i\x00\
\xea\xee'Gh\xce\x04\xc8l\xdb\xf5\xf0\xc3\x0f\xb3\xfd\
\xfb\xf7\xb3\xba\xba:\xbd\xdb \xa11uuul\xdf\
\xbe},==\xbd\xa9\xad\xdd\xc6\xeb\xd2b5\xc4[\
\xb6\xa8\xf9\x1c\xc0\xb3r\x07\xdb\xb7o\x8f\xd8\xd8XD\
EEih\x12\xa1\x17EEE\xf8\xed\xb7\xdf$\x0b\
\xbbD|\x06`\x8aF&\x11.\xc6\x1f@6\xecl\
\xe4I\x89R}\xda\x02\xea\xfa\x1b\x0e\x7f\x00_@\xff\
\xc6E\xc9\xbd\xd3g \xe774\x8fC\x18\xdc\xd1\xbb\
\xa1Qr\xaf\xf4\x1b\x00\xdaL\xc0K\xf0\x07\xf0\x17\x00\
\xeb |\xe3\xd5\xbb\xf1Q\xd2'\xdd\x04\xb0\x16\xc0\xd3\
\xf0\xd2\xa7\xbe\xb7\x0c\x026E\x00\x80\xce\x00\xa2\x01\xd0\
(\xa0wP\x04\xe0\x0a8\xb3E\x09\x82 \x08\x82 \
\x8c\xcf\xff\x07\x1d\x8a\x8c*N]\xfb\x98\x00\x00\x00\x00\
IEND\xaeB`\x82\
\x00\x00\x04]\
\x89\
PNG\x0d\x0a\x1a\x0a\x00\x00\x00\x0dIHDR\x00\
\x00\x00 \x00\x00\x00 \x08\x06\x00\x00\x00szz\xf4\
\x00\x00\x00\x19tEXtSoftware\
\x00Adobe ImageRead\
yq\xc9e<\x00\x00\x03fiTXtXML\
:com.adobe.xmp\x00\x00\
\x00\x00\x00<?xpacket beg\
in=\x22\xef\xbb\xbf\x22 id=\x22W5M\
0MpCehiHzreSzNTc\
zkc9d\x22?> <x:xmpm\
eta xmlns:x=\x22ado\
be:ns:meta/\x22 x:x\
mptk=\x22Adobe XMP \
Core 5.3-c011 66\
.145661, 2012/02\
/06-14:56:27    \
    \x22> <rdf:RDF \
xmlns:rdf=\x22http:\
//www.w3.org/199\
9/02/22-rdf-synt\
ax-ns#\x22> <rdf:De\
scription rdf:ab\
out=\x22\x22 xmlns:xmp\
MM=\x22http://ns.ad\
obe.com/xap/1.0/\
mm/\x22 xmlns:stRef\
=\x22http://ns.adob\
e.com/xap/1.0/sT\
ype/ResourceRef#\
\x22 xmlns:xmp=\x22htt\
p://ns.adobe.com\
/xap/1.0/\x22 xmpMM\
:OriginalDocumen\
tID=\x22xmp.did:01D\
6A41A7A32E911965\
1B58151028112\x22 x\
mpMM:DocumentID=\
\x22xmp.did:37D9D62\
4327B11E9AB8F915\
5EE836804\x22 xmpMM\
:InstanceID=\x22xmp\
.iid:37D9D623327\
B11E9AB8F9155EE8\
36804\x22 xmp:Creat\
orTool=\x22Adobe Ph\
otoshop CS6 (Win\
dows)\x22> <xmpMM:D\
erivedFrom stRef\
:instanceID=\x22xmp\
.iid:01D6A41A7A3\
2E9119651B581510\
28112\x22 stRef:doc\
umentID=\x22xmp.did\
:01D6A41A7A32E91\
19651B5815102811\
2\x22/> </rdf:Descr\
iption> </rdf:RD\
F> </x:xmpmeta> \
<?xpacket end=\x22r\
\x22?>\xcc\xc9-\xe3\x00\x00\x00\x8dIDATx\
\xdab\xfc\xff\xff?\xc3@\x02&\x86\x01\x06\xa3\x0e\x18\
u\x00\xa5\x0e\xf8\x00\xc4\xff\xa1\xb8` \x1c\xc0\x8f\xc4\
\x16\x18M\x03\xa3\x0e\x18u\x009\x80\x91@m8\x01\
\x88\x0d\xf0\xc8\xdb#\xb1\x1f\x02\xf1\x03<j\x17@1\
I\x0e\xa0f]}\x10\x88\x1d\x06]\x14\xb0\x10\x90\xdf\
H\xa0\x84#%\x0a\x0e`\x0fc`\x14P\x80\x91A\
\x039f\x8cf\xc3Q\x07\x8c:\x80R\x07|\xa4u\
AD\x08\x80\xea\x09\x05(\xfb\x02-*\xa3\xd140\
\xea\x00\x9a\x03\x80\x00\x03\x00\xe6Y~_\xdf\xa1\x80z\
\x00\x00\x00\x00IEND\xaeB`\x82\
\x00\x00\x04\x83\
\x89\
PNG\x0d\x0a\x1a\x0a\x00\x00\x00\x0dIHDR\x00\
\x00\x00 \x00\x00\x00 \x08\x06\x00\x00\x00szz\xf4\
\x00\x00\x00\x19tEXtSoftware\
\x00Adobe ImageRead\
yq\xc9e<\x00\x00\x03fiTXtXML\
:com.adobe.xmp\x00\x00\
\x00\x00\x00<?xpacket beg\
in=\x22\xef\xbb\xbf\x22 id=\x22W5M\
0MpCehiHzreSzNTc\
zkc9d\x22?> <x:xmpm\
eta xmlns:x=\x22ado\
be:ns:meta/\x22 x:x\
mptk=\x22Adobe XMP \
Core 5.3-c011 66\
.145661, 2012/02\
/06-14:56:27    \
    \x22> <rdf:RDF \
xmlns:rdf=\x22http:\
//www.w3.org/199\
9/02/22-rdf-synt\
ax-ns#\x22> <rdf:De\
scription rdf:ab\
out=\x22\x22 xmlns:xmp\
MM=\x22http://ns.ad\
obe.com/xap/1.0/\
mm/\x22 xmlns:stRef\
=\x22http://ns.adob\
e.com/xap/1.0/sT\
ype/ResourceRef#\
\x22 xmlns:xmp=\x22htt\
p://ns.adobe.com\
/xap/1.0/\x22 xmpMM\
:OriginalDocumen\
tID=\x22xmp.did:01D\
6A41A7A32E911965\
1B58151028112\x22 x\
mpMM:DocumentID=\
\x22xmp.did:DC0209E\
4327E11E996AACF6\
65C0D8E02\x22 xmpMM\
:InstanceID=\x22xmp\
.iid:DC0209E3327\
E11E996AACF665C0\
D8E02\x22 xmp:Creat\
orTool=\x22Adobe Ph\
otoshop CS6 (Win\
dows)\x22> <xmpMM:D\
erivedFrom stRef\
:instanceID=\x22xmp\
.iid:01D6A41A7A3\
2E9119651B581510\
28112\x22 stRef:doc\
umentID=\x22xmp.did\
:01D6A41A7A32E91\
19651B5815102811\
2\x22/> </rdf:Descr\
iption> </rdf:RD\
F> </x:xmpmeta> \
<?xpacket end=\x22r\
\x22?>\xb2\xae\x22\xfb\x00\x00\x00\xb3IDATx\
\xdab\xfc\xff\xff?\xc3@\x02&\x86\x01\x06\xa3\x0e\x18\
u\xc0\xa8\x03\x88u\x80\x00\x14\x0f\x88\x03\x0c\x80\xf8\x01\
\x14\x1b\x0c\xbb(`$\xb2(V\x00\xe2\x0fP< \
Qp\x1f\x88\xdf#E\x01\x88\xfe\x0f\xc5\x0d\xd0\xe8\x81\
\xf1A\xec\x00\xa2]\x00\x0a\x01\x02\xd8\xe1?\x028`\
\x11\xc3\x05\x0c\x880\x9b\xec4\x80\x1c\x15\x1f\x81\xd8\x11\
\x14\x9d@\x1c\x88$^@\xcbDx\x01\x89=\x01\x88\
\x0f@\xd9\x1b\x80\xf8\x22R\xba\x19\x90\x5c\xf0aHe\
\xc3Q\x07\x0c\xb8\x03X\x88P\x03*X\x1a\x91\xd80\
\xd0\x88\x94\xf2\x91\xc1\x02h\xaex@\xcd\xa2x4\x0d\
\x8c:`\xd4\x01\xa3\x0e\x18\xbe\x0e\x00\x080\x00GI\
\x8e,P\xeb\xc3\xd1\x00\x00\x00\x00IEND\xaeB\
`\x82\
\x00\x00\x0b\x91\
\x89\
PNG\x0d\x0a\x1a\x0a\x00\x00\x00\x0dIHDR\x00\
\x00\x00H\x00\x00\x00\x18\x08\x06\x00\x00\x00Yc\xbb\xb0\
\x00\x00\x00\x19tEXtSoftware\
\x00Adobe ImageRead\
yq\xc9e<\x00\x00\x03fiTXtXML\
:com.adobe.xmp\x00\x00\
\x00\x00\x00<?xpacket beg\
in=\x22\xef\xbb\xbf\x22 id=\x22W5M\
0MpCehiHzreSzNTc\
zkc9d\x22?> <x:xmpm\
eta xmlns:x=\x22ado\
be:ns:meta/\x22 x:x\
mptk=\x22Adobe XMP \
Core 5.3-c011 66\
.145661, 2012/02\
/06-14:56:27    \
    \x22> <rdf:RDF \
xmlns:rdf=\x22http:\
//www.w3.org/199\
9/02/22-rdf-synt\
ax-ns#\x22> <rdf:De\
scription rdf:ab\
out=\x22\x22 xmlns:xmp\
MM=\x22http://ns.ad\
obe.com/xap/1.0/\
mm/\x22 xmlns:stRef\
=\x22http://ns.adob\
e.com/xap/1.0/sT\
ype/ResourceRef#\
\x22 xmlns:xmp=\x22htt\
p://ns.adobe.com\
/xap/1.0/\x22 xmpMM\
:OriginalDocumen\
tID=\x22xmp.did:81F\
29A647F96E911BFF\
3C159EFA56502\x22 x\
mpMM:DocumentID=\
\x22xmp.did:DE087B8\
4968711E9AD4BB03\
687CA9FDA\x22 xmpMM\
:InstanceID=\x22xmp\
.iid:DE087B83968\
711E9AD4BB03687C\
A9FDA\x22 xmp:Creat\
orTool=\x22Adobe Ph\
otoshop CS6 (Win\
dows)\x22> <xmpMM:D\
erivedFrom stRef\
:instanceID=\x22xmp\
.iid:88F29A647F9\
6E911BFF3C159EFA\
56502\x22 stRef:doc\
umentID=\x22xmp.did\
:81F29A647F96E91\
1BFF3C159EFA5650\
2\x22/> </rdf:Descr\
iption> </rdf:RD\
F> </x:xmpmeta> \
<?xpacket end=\x22r\
\x22?>\xae\xf5\xdfK\x00\x00\x07\xc1IDATx\
\xda\xecYmpSU\x1a~\xd2\xf4#i\xa1Ik\
?\x924|\xb4\xa5\x05\xd6.\x14'\x01ap\x06\xdd\
Y[\xa4\xac\x16\x15\x85Yu\xc4eG`\xfd`\xb4\
\x05\xb4\x80JU\xb2\xca\x1a\xf0\xa3\xfeP\x96Q\x04?\
[\x9cV)\xfeP;\xceP+l\x87\xb6\x01,\xed\
\x96\xa8i\x0am-IC\xdb4i\x1a\xdfs\x9b\x84\
\xb4\xb97\x1f-3\xfe\xf1\xcc\x9c\xb9\xb9\xe7\xbe\xefs\
\x9f\xfb\xf4=\xe7\xbc\xe7\xadhG\xe9\xb3\x98J{I\
W>%\xffg\xb6\x95\xe1\xf7l\xa1\xf8\x8b\x82\x09\xf4\
\xf2\xbf_L\xa2\xcb:\xea+\xa9/\xa0\xae\xa0\xee\xa0\
n\xa2\xdeN\xfd8\xf5\xa3n\xb7\xfb\xcad\xc8\x89D\
\xa2\xb0\xf0\x89\xe3\xa4\xf0\xaf\x07\x7f^\x81\x08XB\x97\
\xad\xb11\xa2\xd2\xe2\xc2\x14yqA\x1a\x96id\xc8\
P\xc4\xc1\xe1p\xe3\x97.;\x1a[l\xa8:\xd1\x8d\
\xaa\xda^\x8b\xc3\xe9~\x85\xec_\xa3\x17\x0d\x85)\x0c\
\x87\x8f\xe8\xa8Rh\x94rhT@N2\x90D\xc3\
#\xa3@\x1f\xc1\x18\xad\xc0i3\xf5.\x0b\x8dq\xf8\
\xc4u(La8\xfc\x18\x91\xa8\xb4(.^~G\
\xfc4h\xe3\xa4PD\x899u\xcc\xae\x11\xb48\xec\
\xf8r\xf0*j\x86\x07-N\xb70\xff\x00\x81\x08|\
6]\xaa\xd7\x14\xa6\xe4\xbd\xba3\x07\x99\xb3\xe3\x83\x92\
\xb9h\x1cDIy\x1b>;\xdek\xa0\xdb\xd5\xf4\x12\
c\x08q8|h\x95yX\x9f\x07\xa4O\x0b\xfe\xb5\
\x97\xaf\x02G\xce\x02\xa7\xcc\x1c>\xf15\x86\x10\x87\xc3\
/\x92$\xe4='OAfLlp\xfeN\x07\x9e\
\xb7\xf4\xa2\xda>\xc0\xcb\x7f\x9c@\x04\xae\x16\x8bE\xf5\
{\xb7e\xa9\x9f\xde2;\xa2p~\xf5M#\xb6\xeb\
:L.\x97{)\xbd\xc4$ \x8e\x1aQ\xa2z\xdc\
\xf7'5V\xe7F6_\xaa/\x00\x1f\x9d3a\xd4\
\xbd\x948\x9b\x04\xc4Q\x8b\x81\xfa\x9d\xb2\x1b\xd4\x8f%\
&G\x04\xffz\x7f\x1f\xf6X\x7f5\xb9\x80q\xfc\xa3\
&\x84e\xa5n{\xe4\xe2\xb0\xc6|\x98\xb0\x0c\x83\x84\
\x90\x0aL\xabJ\xdc\x7fc\xe4\xe2\xb0\xc6|\x98\xb0\x84\
A\x5c\xa5\x02\xd3\xaar\x97\x808\xb1\x7f[\x89\x84\x17\
wq=J\x91\x1a\xf0\x9c\xf90a'\xf2\x8f\xf2\xb3\
yrmQ\xaa\xf6\xa9\xcd\x81\xe28\x86\x5c8\xf2\xa9\
\x09\x9bJ\x9a}\xbd\xa6\xf6\x12\xafH\xf7\xaeJ\xd12\
,\x9eO|\x12K2\xb4(\xca\x99\xfc\x96\xc3DZ\
\xa2\x12\xc4\xbfK\x92\xa0\xfd\x97@\xe4\xc4,\xd1\x22\xee\
\xee5\x5c\x8f\x9a\xcb\xcf\x81\x89t'a\xf8\xe3sS\
\x8c\xd4O\xa6\x05\xb9\xc3X\xbfL\xa6TJ\x02\x1c\xbf\
\xfd\xae\x17\xb7\xde\xdf\x140^Q\x9e\x8dG\x1f\x1e/\
\xe8\xa5Kv\xcc\xba\xf9\xa4\x95\x16\xee,\x0a\xd5>O\
\xf4$\xd3\x82\xdc\x01}\x81\x0c\xc9\x92\xc8D\x91\xcdD\
y\xf6m(k<4v\xdfg'\xfa'\xac\xb4p\
g\x11\xf7>O\xf4$\xd3\x82\xdc\xd1\xa8\x9c%S\x89\
cxaX\xe40q8\x88y\xf9\x82\xaf\xebr9\
\xb1\xa8\xeb'+-\xdc\x1c\x7fo\x04\xad[[\x94\xc6\
+\x0ek+nI\xc1\x07\xfb\xe7\xe2T\xf5M\x18n\
_\x81\x1d\x9bT\xdc\xf8\xa6\xb2\xff\x07\xd8*\x14\x12\xdc\
\xb7:M\xe6\xd9^\xbdm\x1d\xfd\xe5#\x16'G\x99\
\x0f\xdb\xed{\x91\x19\xef7%\x18\xc6\xcd\x19\x01\xf8\x14\
=\x82\xe2D\xd2\x94\x84QLX^|\xaf@\x05\xc5\
\x85\xa9A\x1d\xd7\xdf\xa3\x86\xe6\xa6$\xc4J\xc5\x90%\
\x06'R\x5c\x98\xc6.\x85~C\x05\xd0dD\xc64\
%\x07gn\xd9\x8ei\xd1\x12\xf4:l\xe3\x9fiT\
\x01\xf8l+\xbf^\xcd\x83U\xe8/P\xfe\xe2|Y\
X\xce?\xb6\xdah\xb7\xfa\x89\xfb\xbdw\xdb,^\x1b\
\xed\xc2DvY\xe87\x94\x8fly\xf8\x0c\xa5r\xfc\
\xbc\xbc\x14\xf1\xe2\xb1-Z\x197\xc17K\x1e\x80\xbf\
(Vr\xdd\x04\xca\x1f\xc3Z\xe8/P\xba2-6\
,\xe7\xfd\xef\x5c\xe4\xae\xf7\xac\x94a\xeb\xc6L^\x1b\
U:\x87\x95\xee7\x94\x0eY\xf8\x1f\xf0\xa9v\x13f\
Ho\xf0\xdd'\xc5&\x8c7\x90K\x02\xf0\xd3)\x09\
\xbc^M1\x86\x95\xee/\xd00\xcb\x90\xc3\x89\x9e\xb7\
\x8f\xf4p\xbf\xf7\x94\xcc\xe5\xa6[\x98m\x18\xaeQ\xfe\
'4\x85\x90tM\xe8\xe53\x96\xe2\xee\x0c\xed\xb5\x9d\
\xb1\xe5C\xfc\xf5\xeb]!\xf1\x1d!\x0cF~l\x9d\
\x94X^\x81\xba\xcc\xdd\xf6\x90\xc6\xef}2\x96?=\
\xba>\x15\xf3\xe6N\x17\xb43_\xe6\xe8^\xf6\xdf\x1c\
p%\x10_\xab^\x0c\xe3\xaa\x03hZ\xfa\x04\xdb\xea\
\x88\x8d\x18\xef.\xfc\xbb\xef\xf9#\x8d\x07\xb1\xcf\xf01\
\xe0\x9e\xf0\xc7\xb3\xd8\x03\xf0/\xd3\xf1!Xs[\xfb\
\xc3\x16\xe5\xd2\xa8\xcb\x87\x1f\xed\x19km:w57\
;+!\xa8\xe3\x15\xab\x93\xbb\xae\xfaKZP\xbbS\
M\x1c\x19\xff\xbc\xa0\x15?\xf7\xe7Bym!\xdd\xb3\
\xe8!\x94\xcd\xbb\xd3w\x7f\xeb\xcceP\xc7%\x22w\
\xba\x92\xbb\x7f\xbc\xf90\x0e\xb6\xd6\xf0\xbf\xa0\xc3\x12\x80\
\x7f\xd69\x9c\x9b\x1d\xe4X1\xdaa\xc4\xf0g\x95p\
\xdbl!\x05:\xe3\xb0\xfb\xf0\xbd\x11t\xa2\xaa\xb6'\
\xa4c\xc5+\x0bp\xfe\xeb\xc5(*T\x04\xb5\xab\xaa\
\xedf\x97Z\xbf\xa1\x138\xdd9\xcef\xe7\x99\xc3\xd8\
\xdc\xf4\x1e\x9cc\x7f-\x1c\xc8[\x8b\x17\xe6\xdf\xc5\xfd\
>h\xac\xc3\xebg+\x85_\xc0\x0e\xb1\x13\xf0\xd9\xc1\
3\xe8\x143\x9c\x87(!\x01\x8e\xfa\x86\x90\xdf\xe9\xc1\
\xaa\xf5\x17\xe8\xe8\xc75\xdd\xd6\xae.\xe1i\xc6\xb2\xe9\
g\xca\xcfc\xfem?p\x89\xa3`xR\xa2\xc8\xb0\
\x18\xa6\xdf\xf0Q4\x98\xad\x5c\x92\xe7\x8by\x17*\xce\
\x1d\x83\xe2\x9b\xdd\xb08\x06\x90\x978\x03\xb3)\xdf\xf9\
\xdf\x95\x0e<\xf2\xc3\xdb\xc2\xec\x19FCg\x00\xfe1\
\xfb\x80\xd5\xecr\x0a\xbaM\xd3\xeb\x10[X\x80D\xfd\
>D\xe7\xcd\x0f\x9a(~NX^|N \x96\x91\
R\xe6\xab\xdb\xfa\xfc\x85\xa0\xca\xb6\x19\x07B\xaa\xff\xc4\
\xee\x0b\xb4b\xbau\xde,\x9a\xd3\x82\xfd\x1e\x19\xd5\xe1\
ps\xe0\xf7v\x9fC\x12-\xc2\x16\xe7 \x06]\x0e\
hN\xea\x01\xd7\xb0\xf0\x0b\xde'\x0c\xe7\xa8\xce\x9bE\
{\xf9S\xe6\xab\xdb\xd5'<\x0b\xecU\x9f\x03CC\
p\x9en\xe4\xa2I\xa8\x95\x11\xc6\xb0\xfb\x1a\x7f\xff\xb3\
\x98\xfe\xa3\xea\x9e\x96\xffT\xf0W\x13\xd8\x8e\xf5\xc9;\
\x1an\x8a\xb1\xcc\x9a\xaf\xed{\xcbH\xd1\xd3\xc3\xca\x06\
z\x9e\xc7z|\xdf\xd9\x82\x9a6\x9e\xc5\xed\x22\xf2\xbe\
\xdb\x8b\xa7\x0d\x1f\x02\xfd&aq\x98oC\xa7 ~\
\x95}\xa0\xe5\xcd\xfe>\xfe)Vw\x12\xfd\x0fl\x80\
m\xe3\x16A\xf87\xc8\xf7\xd8X\xd9C/T\xee\x98\
#\x16\x8b\xea\x0e<7G\xb5y\xc3\xcc\x88\xb6\xc3\x8a\
\xff\xfe\x82\xc7v\xb7u\xba\x5c\xee\x15\xa4~\xbb@\xb9\
c\x0e\xa2Dux\xf0\xcf*\xdc\x9e\x1d\xd9~\xfbU\
\x07m\xa3\xcd\x9d\x18u\xaf \xce\xed\x02\xe5\x8e9\x94\
x\xd4\xbd$OU\xfdc\xba<\x22\xf8wm\x16\xec\
\xb0\xf4t\xd2\x8a8\x8e\xbf\x7f\x04\xb1Pm\xa7\x0f\x5c\
\xbeeg\x9b\xe1\xde\x8dM\x5c1,Tc6k\xff\
\xd9\x84\xcde\x17\x0c\xccWH\x1c\xcfTk\xa7\x0f\x5c\
\x8eC\xcd\x06\xe8\x1b\xc6\x8aa\xa1\x1a\xb3\xd9O\xb6\x87\
\x9a\x0c\xccWH\x1c\x1f\x7fJ\xa5\xb6Yz\x0c\x0f\xf7\
\x98\xb9bXH\xfed\xb3\x81lK\xc9\x87\xf9N\xe4\
/Tr\x95zJ\xae%t\x88\x95\xafY\x99\x06\xcd\
\x82\xe9P{\x0e\xb3&Z\xccO7\xdbPy\xbc\x9b\
-\xc8\x93)\xb9J=%\xd7\x12:\xc4\xca\xa1\xa5s\
Z\xa6\x1c\xbe\xc3,[\x88/\xd2V~\x8av\xbe\x06\
\xf3dJ\xaeRO\xc9\xb5\x84\x0e\xb1\xf2Ut\xb6b\
\xc7\x07\xa58\xda\xb3\x10\x8fp[\xf9\x17\xb4[\xd1\x94\
\x8a\xac\xe4\xcaS\xf4^\xef9\xb8\xb1\xa2\xb7\xd2\x97\xf8\
\x01\xcd\x9e\xad\xf0\xc8\x14\x8b\xf6!\xf1\xa7X\xb4\x9f\x12\
\x7f\xd1\x1f\xff\xf6\x09\xce\xff7\x01\x06\x00\xb3\x1cq\x8d\
~\xb6\x00w\x00\x00\x00\x00IEND\xaeB`\x82\
\
\x00\x00+8\
\x89\
PNG\x0d\x0a\x1a\x0a\x00\x00\x00\x0dIHDR\x00\
\x00\x01\x00\x00\x00\x01\x00\x08\x06\x00\x00\x00\x5cr\xa8f\
\x00\x00\x00\x09pHYs\x00\x00\x07a\x00\x00\x07a\
\x01\x95\xc3\xb8\xb6\x00\x00\x00\x19tEXtSof\
tware\x00www.inksca\
pe.org\x9b\xee<\x1a\x00\x00 \x00ID\
ATx\x9c\xed\x9d{t\x14U\xf6\xef\xbf\xdd!o\
H\x08!\x81\x04\x82\x02J@  \xf22\x09/E\
\x10\xaf\x84W0\xf0S\x91Q\x1cd\x8d\xe2\xcc\xfd1\
\xba\xae\x88\x80\x02>\xef\x8c\xfe\x06Gd\x1c\x04\xd4Y\
<.j\xc2\x88\x81\x01\xd1\x81\xa0\x09\xf2\x14!\x09\x90\
\xe1a\x08\x84G\x12\x92\x10H\xba\xfb\xdc?*\x1d\x93\
\xaeS\xdd\xd5\x95ztW\xef\xcfZg\x11N\xd5\xa9\
\xda\xe7\xd4\xd9\xbbO\x9d:go\x80 \x08\x82 \x88\
\xc0\xc3b\xb4\x00\x84\xaa\xc4\x03\xe8\x05\xa0\x13\x00\xab\xca\
\xd7v\x00\xb8\x04\xa0\x18@\xb9\xca\xd7&\x08\xa2\x15\xdc\
\x07\xe0[\x00v\x00L\xe3d\x07\xb0\x1b\xc0h\x1d\xea\
E\x10\x84\x1b\xac\x00\xde\x82\xf6J/\x95\xde\x80\xfa#\
\x0d\x82 d\xb2\x02\xc6)\xbf3\xbd\xaay-\x09\x82\
\x101\x04\xc2{\xb9\xd1\x06\xc0\x01\xe0\x1e\x8d\xebJh\
D\x1b\xa3\x05 \x14\xf3\x7f\xc0\x99\xc4\xbd\xe3\x8e;\xd0\
\xbf\x7f\x7f\xb4i\xa3\xee\xa3\xb5\xd9l\xf8\xe9\xa7\x9fp\
\xea\xd4)\xd7C\x96FY2U\xbd!A\x10\x92\x84\
\x02\xa8\x85\xcb\xaf\xf1\x8b/\xbe\xc8\xecv;\xd3\x0a\xbb\
\xdd\xce^x\xe1\x05\xde(\xa0\x06@\x88AmA\x10\
\x01GO\xb8(aLL\x0c\xb3\xd9l\x9a)\xbf\x13\
\x9b\xcd\xc6bbbxF\xa0\x87a\xadA(\x86f\
p\xfd\x93\xf6\xae\x19\xdd\xbbwGPP\x90\xe67\x0e\
\x0a\x0aB\x8f\x1e\x5c]\x8f\xd1\xfc\xe6\x84\xea\x90\x01\xf0\
OD\xef\xfe\x16\x8b~k\xba$\xeeE\x8b\xca\xfc\x10\
2\x00\x04\x11\xc0\x90\x01 \x88\x00\x86\x0c\x00A\x040\
d\x00\x08\x22\x80!\x03@\x10\x01\x0c\x19\x00\x82\x08`\
\xc8\x00\x10D\x00C\x06\x80 \x02\x182\x00\x04\x11\xc0\
\x90\x01 \x88\x00\x86\x0c\x00A\x040d\x00\x08\x22\x80\
!\x03@\x10\x01\x8c\x96\x1e\x81R\x00$\x03\x88\x00p\
\x01\xc0>\x08N,\x08\x82pO;\x00\xa9\x00\x12\x01\
\xd4\x018\x0e\xe0\xa8\x167R\xdb\x00X\x01\xcc\x06\xb0\
\x10b\x07\x117\x01\xfc\x03\xc0+\x00JU\xbe/A\
\x98\x81$\x08NVgB\xf0\xfa\xd4\x9c\xff\x00x\x0d\
\xc0Z\x08\x0eXTA\xcdW\x80\x08\x00\xff\x0f\xc0\xdf\
\xc1\xf7\x0e\x13\x06\xe0I\x00\x87\x00\xa4\xabx_\x820\
\x03#\x00\x1c\x84\xf0\x03\xea\xaa\xfc\x00\xd0\x1d\xc0\x1a\x00\
\x9b!\xe8\x9a*\xa8e\x00\x22\x00l\x050E\xc6\xb9\
q\x00v\x00\x18\xab\xd2\xbd\x09\xc2\xdf\x19\x09`\x1b\x80\
\x8e2\xce\x9d\x06`;\x80\xb6j\xdcX\x0d\x03\xe0T\
\xfe\xfb\xbc(\x13\x0e \x07d\x04\x08b$\x80\xaf\xe0\
\x9dB\xa7\x03\xf8\xda\xcb2\x5cZk\x00\x22 \x08\xcf\
U\xfeQ\xa3F!++\x0b\xb1\xb1\xb1\xbc\xc3\xe1\x00\
\xb2\x01\xdc\xdfJ\x19\x08\xc2_\xb9\x1f\x12\x8a\x1c\x13\x13\
\x83)S\xa6 --M\xaal:\x84\x1f\xdeH\xed\
\xc4sO\x04\x84\x18q\x22\x0f\xb1!!!l\xd3\xa6\
MM\x9ed/]\xba\xc4\x86\x0e\x1d*\x15X\xa2\x16\
d\x04\xbce0\x5c\xda\xf1\x9e{\xee\xd1\xdc#\xb0\x93\
\xc1\x83\x07\xf3\x9e\xe3`\xc3Z\xc3?\xb9\x1f\xc0\x0dp\
t\xe2\xde{\xefe\x97.]jj\xef\xcd\x9b7\xb3\
\x90\x90\x10)\xfd\xd9\x0d\x03\x8c@\x04\x80]<\x81B\
BB\xd8\x97_~)\xea4\x95\x95\x95l\xd8\xb0a\
R\x95\xb8\x01z\x1d\xf0\x062\x00\xfe\xcdH\x08\xb1\x14\
\xb8\xca_UU%j\xf3m\xdb\xb6\xb1\xb0\xb00)\
\xfd\xd9\x03\x95\xe6\x04\xe4\xe0\xb5\xf2;!#\xa0\x1ad\
\x00\xfc\x17\xaf\x95\xdf\x89/\x18\x01\xc5\xca\xef\x84\x8c\x80\
*\x90\x01\xf0O\x14+\xbf\x13#\x8d@\xab\x95\xdf\x09\
\x19\x81VC\x06\xc0\xffx\x00n\xde\xf9\xe5(\xbf\x13\
#\x8c\x80j\xca\xef\x84\x8c@\xab \x03\xe0_\xa8\xa6\
\xfcN\xf44\x02\xaa+\xbf\x132\x02\x8a!\x03\xe0?\
\xf4\x86\x84\xf2\x0f\x1f>\x5c\x91\xf2;\xc9\xc9\xc9\xd1\xfc\
\xeb\x80f\xca\xef\x84\x8c\x80\x22\xc8\x00\xf8\x0f\xef@\x03\
\xe5w\xa2\xa5\x11\xd0\x5c\xf9\x9d\x90\x11\xf0\x1a2\x00\xfe\
\xc3rp\x94\xbf\xb2\xb2R\xb5\xe7\xa1\x85\x11\xd0M\xf9\
\x9d\x90\x11\xf0\x0a2\x00~BbbbR\x87\x0e\x1d\
\x9a^\x01F\x8c\x18\xa1\xaa\xf2;Q\xd3\x08\xe8\xae\xfc\
N\xc8\x08\xc8\x86\x0c\x80\x1f\xc0\x18\x0bb\x8c\xfd\xe3\xda\
\xb5k\xec\xd3O?e999\xccf\xb3i\xf6\x5c\
\xb2\xb3\xb3[m\x04\xdc.\xef\xcd\xce\xce\xd6Lx'\
\x95\x95\x95\xb4l\xd83d\x00|\x1c\xd6\xa8\xfc\xba=\
\x94FZc\x04\xac\x00>\xe7\x15\xd4K\xf9\x9d\x90\x11\
\xf0\x08\x19\x00\xdf\xa3+\x80\xb9\x00\xa6.Y\xb2$\x84\
\x19\xa0\xfcN\xb6m\xdb\xc6BCC\xa5\xf4\xe7KH\
l\x02|\x9aW@o\xe5wBF\xc0-d\x00|\
\x8b~\x00\xae\xa3\xb1-\x86\x0e\x1dZ\xe6p8t{\
\x1e<<\x8c\x04\x9er\xad\x80\x05\x82\xcb!\x9fP~\
'd\x04$!\x03\xe0[\xfc\x0d.\xedq\xe0\xc0\x01\
\xdd\x9e\x87\x14n\x8c@\x09\x04\x9do\x1a\x0a\x0c\x04p\
\xbbk\xad>\xfb\xec3dddh\xdezRDG\
Gc\xc7\x8e\x1d\x186l\x18\xefp\x04\x04\xa7\x22\x81\
j\x04\x08\xdf\x81\x892\x98(Kw222\xf0\xd9\
g\x9f\xf1\x0eu\x87\xe0\xb4\xb7\x89\x19p\xb1\x12\xf7\xdd\
w\x9f\xd1\x06\xac\x09\x0f_\x07\x02q$@#\x00\x1f\
\x22..n`XXX\x03\x1a\xdbb\xdc\xb8q\xcc\
\xe8W\x80\xe6\x8c\x1e=\x9a\xf7\xbc\xb2\x80_\xbd\x02\x8b\
\x9c\x0c&$$\xe8\xd3z2\x88\x8e\x8e\xc6\xf6\xed\xdb\
1~\xfcx\xe4\xe7\xe7\xbb\x1ev\x8e\x042 |\xbe\
$\x08\xdd`\x8c\x05\x03Xx\xe6\xcc\x996_~\xf9\
%\xe2\xe2\xe2\x90\x95\x95\x05\x8b\xc5b\xb4hM$&\
&\xf2\xb2[|\x0d\x98\x00\x17\x0b\x11\x1f\x1f\xcf\xae\x5c\
\xb9b\xb4\xf1j\x01\x8d\x04\x9a\xa0\x11\x80\x0f\xc0\x18\x0b\
f\x8cm\xd6\xad\xe1\x15p\xe5\xca\x15\x16\x17\x17\xc7{\
^\xe3\x81_\xe7\x00\xf2\x00\xd47\xaf\x5cyy92\
22P]]\xadc\x93\xba\xc79\x12\x18>|8\
\xef\xb0\xd39)-\x16\x22\xb4\xa23\x84\xd7\xe54&\
\xfc\xf2\xff\x03@\xa6\xb1\x22IS]]\x8dI\x93&\
\xe1\xf2\xe5\xcb\xae\x87\xea!\x04\xeai\xc1zp~Y\
\xd3\xd2\xd2\xd8\xf5\xeb\xd7\x8d6d-\xa0\x91\x00\x8d\x00\
\x0c`,\x80\x0a4\xd6w\xea\xd4\xa9\xa7tkp\x05\
\x5c\xbf~\x9d\xa5\xa5\xa5I\xe9\xc8Z^\x05o\x03p\
\x95W\x80\x8c\x80\xcfA\x06@_\xc6\x82\xb3\xa5\xf7\xfc\
\xf9\xf3\xba\xb5\xb97xP\xfe\xab\x00\xba9+\xd6|\
E\xd0Y\x00\xd3!\x84\xf0jA^^\x1e&L\x98\
\xe0\x93\xaf\x03\xf4\x89\x90\xd0\x98\xb1\x10\xfaR\xb8\xeb\x81\
\xba\xba:\xfd\xa5\xf1@uu5&L\x98\x80\xbc\xbc\
<\xde\xe1[\x10t\xfc\x9c\xbbk\x8c\x83\x10\x90Pd\
=RSS}r$0|\xf8p)kg\xd6\x0d\
D4\x02\xd0\x07\xee/?\x006~\xfcx\x9f\xfa\xd4\
\xc7\x98\xf0\xcb\x9f\x9e\x9e.\xa5\x0b7!L\xf6\xcb\x82\
\x8c\x80oC\x06@{$\x1dx\x0e\x1a4\x88]\xbd\
zU\xb7\xf6\x96CMM\x8d\xd4\xf7~\x06\xe1\x97\x7f\
\xa2\xb7\x0d@F\xc0w!\x03\xa0-\x01\xaf\xfcN\x1e\
\x84\x84\x11\x08\xd0\x89\xc1N\x10B2e@X>\x1d\
\xdc\xca\xeb)\x85\x0c\xc0\xaf\x84\x00\x18\x04`\x12\x84\x08\
\xbb\x9d[y=\xc9\x88=\xc3\x86\x0d\xd3\xc4\x99Gk\
Ps\xd8/\x05\x19\x01`\x0c\x84\x18\x886\x97\xeb\xdd\
\x00\xb0\x12\xcdfUu\x82\x0c\x80\xf0\xd5\xea}\x88\xfb\
\xa6\x0dB\xa4\xdd1\x0a\xaeI\xca/A\xa0\x1a\x01\x0b\
\x80e\x00\x1c\x12\xd7r\xa6k\xf0.:rk\x09t\
\x030\x16@%G\x86\xe6\xc9\x01\xe1\xd9\xc9]\x93{\
?\x84\xbeA\xca/\xc1\x04\x04\x96\x11\xb0\x00\xf8\x1f\x89\
\xf2R\xefZ\xa3\xd5kn\xb7\x04\xb2\x01\xb8\x0f\xc2J\
6\xb9\xcf\xe5/\xf0l\x04H\xf9e\x12(F\xc0[\
\xe5w\xa6\x12\x00a\xaa\xb7\xba\x98@5\x00a\x00\xce\
p\xee\xed)\xfd\x0f\xa4\x8d\x00)\xbf\x97\x98\xc9\x08\xdc\
\x80\xd8\x08\xb8U\xfe>}\xfa\xb0\xc9\x93'Km\xb0\
`\x00\x1eW\xa1\x8d-\x00b\xdc\xa41\xae\xf7\xf5\x01\
\x030\xc6\x83\xccjl\x8f\x9b\xc5\xb9/\x8b\x8b\x8bc\
\x93'Of\xbd{\xf7\xf6\xd6\x08\x90\xf2+\xc4\xacF\
\xc0\xad\xf2/Z\xb4\xa8i\xf1\xc7\xf5\xeb\xd7Yjj\
*\xef\xbc\x0d\x0a\xdb\xb4=\x80\x97\x01\x1c\x81x\xb2\xd1\
c\xf2\x01\x03\xe0)\xd9\x00\x1c\x06\xb0\x10@\xb4\xc26\
\xda\xe8z\xdd\xb4\xb44V]]\xcd\x18c\xcc\xe1p\
\xb0\x85\x0b\x17\xca5\x02\xa4\xfc\xad\xc4lF`,\xdc\
(\xff\xd2\xa5KE\xd7\xfc\xe6\x9box\xe7\x16+h\
\xcb\xe1\x00\xca\xa4\xee-'\xf9\x81\x01h\x9e.\x00\x18\
\xaa\xa0\x9d\x8a\x5c\xaf\xf5\xed\xb7\xdf\x8a\xe4[\xb2d\x89\
'#@\xca\xaf\x12f2\x02v\x89|\xae\xf23\xc6\
XUU\x15\xef\xfc\x06\x08\xdf\xa6\xe52\x0a\x12\x9f\x9e\
\xbcIiii\xba\xb5\xa3\x9b\xce\xe8M\xaa\x85\xb0\xa6\
B.\xc1\x8dm\xdbt\x0d\x8b\xc5\x22\xd9\xc7<\x18\x01\
\xee\xb3V;b\x8f\x1a\xf8\xb2\xf2;1\xd3\x8aA\xd9\
\xca\xef$!!\x81W\xae\xb7\xcc\xb6\x8b\x82\xb2I-\
QZ\xbcx\xb1>\x0d\xc8\x18[\xbcx\xb1\x1a\x06\x80\
A\x984m'\xb3\xadz\xbb\x96OLLt+\xa7\
\x07#@\xca\xaf\x22\xa64\x02K\x96,\xf1x-\x89\
%\x98\x93e\xb6\xdb\x0bR\xf7\x8e\x8a\x8ab111\
\x1eSRR\x12\x9b?\x7f>\xbby\xf3\xa6\x0e-'\
p\xf3\xe6M6\x7f\xfe|\x96\x94\x94$K\xc6\xa8\xa8\
(w\xed\xbc@f[Mr-+\xc7o\xa5\x1c#\
@\xca\xaf\x0e\xa62\x02r\x94\x9f1\xc6\xe6\xce\x9d\xcb\
+\xff\xa2\xcc6;\xecZ6--\x8d\x95\x94\x94h\
\x5c{\xfd9}\xfa4\xbb\xf7\xde{ymu@f\
[\xbd\xe8Zv\xde\xbcy\xb2\xee\xed\xce\x08\x90\xf2\xab\
\x8b)\x8c\x80\x5c\xe5g\x8c\xb1?\xfd\xe9O\xbc\x87\xb4\
FF[\x05\xc1\xe5]4((\x88\x9d;wN\xc3\
\x1a\x1b\xcb\xd9\xb3g\x99\xd5jum+\x1b$\x22\xd5\
\xb8\xb0\xc6\xb5\x9d\xdf}\xf7]\xd9\xf7\xe6\x19\x01\xb5B\
t\xab\x89?+\xbf\x13\xbf\x9b\x18\x9c4i\x12\x03\xc0\
\xc2\xc3\xc3\xbd\xeaT\x8c\x09a\x988u\x15\xf9[\xe3\
\xd0\xd1\xb5\x5c||\xbcF\xb5\xf4\x1dbccy\xed\
\x15+\xa3\xbd\xf2\x5c\xcb}\xfd\xf5\xd7^\xdd\xfb\xddw\
\xdfe\xe1\xe1\xe1\x0c\x00\x9b2e\x0a)\xbf\x86\xf8\x95\
\x11`\x8c\xb1k\xd7\xae\xb1[\xb7ny]\xee\xf4\xe9\
\xd3\xbc\x87uUF\x1bE\xc0e\x8f\x81\xc5ba?\
\xff\xfc\xb3\x06\xb5\xf3\x0d\x8e\x1d;\xc6k\xab\x1b\x90\xb7\
\xab\xf2\x8akY%\xafJ\xb7n\xdd\xf2\xb9\xed\xbc\x8c\
\x99K\xf9\x9d\xf8\xd5\xeb\x80R\xecv;\x0b\x0b\x0b\xe3\
=\xb4\x8e2\xda\xe8\x88k\xb9a\xc3\x86\xb1\xfa\xfaz\
\xa3\xab\xa5:\xf5\xf5\xf5R\x9f`\x15\x8d\x96\xc2\xc3\xc3\
\x99\xddn7\xbaZ\xaa`F\xe5w2\x1e\x01`\x04\
\xfa\xf5\xeb\xc7{pr\xbeq\xffo^\xdb\xbc\xf0\xc2\
\x0bFWIu^x\xe1\x05\xa9\x0e\xfe\xbc\x8cvJ\
w-\x97\x92\x92bt\x95T\xc1\xcc\xca\xef\xc4\xf4F\
`\xda\xb4i\xbc\x87'\x8a\xc0\xca!\x1c\xc0I\xd7\xb2\
V\xab\x95\xe5\xe6\xe6\x1a]-\xd5\xd8\xbe};o\xf2\
\x8fAX5)g\xf3\xd4S\xaee\xa7O\x9fnt\
\xb5Z\x8d/(\xbf\x9c\xd9\xd7\xd6\xb2\x1d\xc2wq\x91\
\xb7\xe1}\xfb\xf6\xe1\xc1\x07\x1f\xf4)o\xc3J\xe8\xdd\
\x9b\xbb\xee'YF\xd1:\x00\xff\x05\x97\xa0,\x0e\x87\
\x03\xb3f\xcdBYY\x99\x0a\xd2\x19Kyy9f\
\xcf\x9e\x0d\x87\xc3\xe1z\xc8\x06\xe0\x09p\xfa\x05\x07Q\
[J\xb4\xb9\xdfP[[\x8b\x8c\x8c\x0c\xec\xdd\xbb\x97\
w\xb8\x1e\x82\xf7\xde\xaf\xf5\x95J[L;\x12X\xbf\
~=\xcf\x82g{\xd16\xa2o\xdc\x00\xd8\xe8\xd1\xa3\
\x99\xcdf3\xbaz\x8a\xb1\xdb\xed\xec\x81\x07\x1e\x90\xfa\
\x85{\xc1\x8b\xf6\xc9q-\xff\xe9\xa7\x9f\x1a]=\xc5\
h\xe9\xc3\xcf\xd71\xa5\x11\xc8\xcf\xcf\xe7=\xc8\x22/\
\xda\xc5\x02\xe0\x9f\xbcvy\xfd\xf5\xd7\x8d\xae\x9ebV\
\xacX!\xd5\xc9\xb7\xc3\xbb\xd1\xa7h\x13\xd0\xfe\xfd\xfb\
\x8d\xae\x9e\x22\x02Y\xf9\x9d\x98\xce\x08\xb8\xd9\x14\xe4\x8d\
\xd3\xd0x\x08\xbb\xe4Z\x5c\xa7M\x9b6,//\xcf\
\xe8*zMAA\x01\x0b\x0e\x0e\xe6\xb5\xcb%\x00\xde\
\x84\x9e\x0e\x06\xc7\x03\x90\xaf}\xc3\x97\x03)\xff\xaf\x98\
\xce\x08t\xee\xdc\x99\xf7P\xbd}Q\x1d\x03\x8e/\x80\
\xa4\xa4$\x9f\xfcv-EEE\x05\xeb\xde\xbd;\xaf\
=\xec\x00\x1e\xf0\xb2M\xbc\xde\x04\xe4\x8b\x90\xf2\x8b1\
\x95\x11\x90x\xb8\x93\x14\xb4\xcb\xeb\xbc6\x996m\x9a\
\xd1U\x94\xcd\xcc\x993\xa5:\xfa\x0a\x05\xed1\xd9\xf5\
:c\xc6\x8c1\xba\x8a^A\xca/\x8di\x8c\x80\xc4\
\xa6 o&\xba\x9c\xb4\x01g\xd9+\x00\xb6j\xd5*\
\xa3\xab\xe9\x91\x0f>\xf8@\xaa\xa3\xe7CY\x1c\x05\xc5\
\x9b\x80|\x01R~\xcf\x98\xc2\x08Hl\x0a\xfa\xbb\xc2\
6I\x02'RsXX\x18;|\xf8\xb0\xd1U\x95\
\xe4\xd8\xb1c,\x22\x22\x82\xd7\x0e\x15\x00\xba+l\x8b\
Vm\x022\x12R~\xf9\xf8\xbd\x11\xf8\xea\xab\xafx\
\x0f\x99\x1b\xa2U&\xd3x\xedq\xd7]w\xb1\xda\xda\
Z\xa3\xab+\xa2\xae\xae\x8e\xa5\xa4\xa4Hu\xf6\x99\xad\
h\x87Vo\x022\x02R~\xef\xf1k#\xd0\x8aM\
A\xeeX\xc5k\x8f\xa7\x9f~\xda\xe8\xea\x8ax\xfa\xe9\
\xa7\xa5:\xfb\x07\xadl\x03U6\x01\xe9\x09)\xbfr\
\xfc\xd6\x08\xb4rS\x90\x14a\xe08\x0d\x01\xc0>\xfb\
\xec3\xa3\xab\xdc\xc4\xe6\xcd\x9b\xa5:\xfb1\x08\xbb\x1e\
\x95\x22\xda\x04\x14\x16\x16\xe6\xd3\x8b\xa3H\xf9[\x8f\xdf\
\x1a\x01\x89MAi\xadl\x8f\xbb\xc0\xf1`\xdb\xae]\
;V\x5c\x5clt\x95\xd9\xd9\xb3gYLL\x0c\xaf\
\xdeu\x00RZYw\xd1&\xa0\xfe\xfd\xfb\x1b]e\
IH\xf9\xd5\xc3/\x8d\x80\xc4\xa6\xa0'Uh\x8f\xa7\
ym1d\xc8\x10E>\x0c\xd4\xa2\xa1\xa1A\xca\xcd\
\x17\x030G\x85z\xfb\xcd& R~\xf5\xf1;#\
\xf0\xd2K/\xf1\x1e\xfe\x9b*\xb5\xc7g\xbc\xb60r\
\xeb\xf0\x1f\xff\xf8G\xa9\x0e\xbfY\xa5:\xbf\xe5z\xed\
\x97_~\xd9\xb0\xfaJA\xca\xaf\x1d\x13 \xec\x16\x13\
5lff\xa6\xd1\xcf]\x84\x0a\x9b\x82\xdc\x11\x0d\xe0\
\xb4\xeb\xf5-\x16\x8b![\x87sss\xa5\xb6\xf8\x9e\
\x86\xf2\xc8?\xaed\xbb^\x7f\xfd\xfa\xf5\xba\xd7\xd5\x13\
\x99\x99\x99R\xcao\x8a\xfd\xfcF\xf3\x108\x81\x1c\xdc\
\x05\x850\x0a\x89MA\x85*\xb6\xc50p\xd6\xc5\xc7\
\xc7\xc7\xb3\xb2\xb22\xdd\xeaYVV\xc6\xe2\xe3\xe3y\
u\xado\x94Q-\x0a]\xefQPP\xa0[=\xe5\
PUU\xc5,\x16\x0b\xaf-\xec\x10\xfa.\xd1\x0a,\
\x10\xc2;\x8b\x1a822\xd2\xe7\x5cgUVVJ\
)\x85\x92\x15pR\xfc\x91\xd7\x1ec\xc7\x8e\xd5\xc5E\
\x96\xddngc\xc7\x8e\x95\xfa\xc5\xfb\xa3\x8a\xf5\xe4n\
\x02\xf25\x17\xde\xb7n\xdd\x92Z\xfc\xc4 /49\
!\x81\xa4\xf2\x03`\xef\xbd\xf7\x9e\xd1\xcf\x9eK+#\
\x05\xc9\xc1\x0a \x97\xd7&+V\xac\xd0\xbc~n\xb6\
\xf8\xe6B]\x073\xc9\xae\xf7HHH\xd0\xbc~J\
x\xf7\xddw\xa5\xda\x84\x8c\x80B\xdcF\xe9\xf5\xc6o\
\xbf\xde\x8c\x1a5\x8a's\x86\xca\xed#\xb9ux\xef\
\xde\xbd\x9a\xd5-??\xdf\xdd\x16\xdf\xce*\xd7Q\x14\
\x09h\xf4\xe8\xd1\x9a\xd5\xad\xb5\xbc\xf1\xc6\x1b\xee\x8c\xc0\
\x87 # \x1b\xbfU~\xc6T\xdd\x14\xe4\x89\xd1\xd0\
q\xeb\xb0\xca[|\xe5 \x0a\x9b\xf6\xcc3\xcf\xa8^\
/5!#\xd0z\xfcZ\xf9\x19S}S\x90'V\
\xf0\xdaI\x8b\xad\xc33f\xcc\x90\xea\xd8\xcb5\xaa\xdb\
\xdf]\xef\xf5\xe7?\xffY\xf5z\xa9\x0d\x19\x81\xd6\xc1\
\xed\xd0\x80\xe7(\xbd\xbe\x82\xc4\xa6 \xae\xe7G\x15h\
\x03\xc1\xaf\xbe\xe8\x9e\x1f|\xf0\x81jur\xb3\xc5w\
_\xa3\x0cZ\xb0\xd7\xf5~\xdb\xb6mS\xadNZ\xe2\
! \xe92\x8d\xda\xcb\xef\xb9\x1f.\x91r\xe0g\xca\
\xcf\x98\xe4\xa6\xa0+\x1a\xb6\xdb\xed\x10\xb6\xdb\xb6\xb8g\
xx8;z\xf4h\xab\xebs\xf4\xe8\xd1\xa6pZ\
.\xa9\xa2\xf1\xdeZq\xd9\xf5\x9e\xa7O\x9fV\xe1\x09\
\xe9\x83\x1b#\xe0\x80\xe0\xf9\x89pa\x07\xfc\x5c\xf9\x19\
s\xbb)HN\xfc;\xa5h\xb2u\xd8\xc3\x16\xdf\x19\
\x1a\xd6'\xd6\xf5~\xa1\xa1\xa1>\xbd\x09\x88\x87\x9b\xd7\
\x81m\x1a\xb6\x9d_\x92\x00\xce\x84\xd6\xa2E\x8b\x8c~\
\x86\x8a\xd0hS\x90'>\xe0\xdc\x93\xcd\x993Gq\
=\xe6\xcc\x99#\xd5\x81[\xbb\xc5\xd7\x13i\xae\xf7\xec\
\xd7\xaf\x9f\x8aOH?^~\xf9e^\xfb\xd9\x00t\
\xd2\xb8\x0d\xfd\x8a\xd1\xe0<p\x87\xc3a\xf4\xf3S\x84\
\x86\x9b\x82\xdc\x11\x0e\xe0(\xe7\xbel\xc3\x86\x0d^\xd7\
a\xc3\x86\x0dR\xca\x7f\xb4\xf1^Z\xf2\xa4\xeb}\xfd\
\xc9'bs\x1c\x0e\x07\xeb\xd3\xa7\x0f\xaf\x1dGh\xdc\
\x86\xb2\xd0#2\x90\x1c:\xb8f$''\xc3b\xf1\
\xcf\x09\xd3\xe4dnP 9\x91\x82ZC\x1d\x84a\
\xf9\x0d\xd7\x03s\xe7\xceEII\x89\xec\x0b\x95\x94\x94\
`\xee\xdc\xb9\xbcC7\x1a\xefQ\xa7PF\xb9\x88\xda\
J\xa2M}\x1e\x8b\xc5\x22%\xbb\xa8\xcf\x1b\x81\xaf\x18\
\x80_\x5c3\xf6\xed\xdb\x87\xda\xdaZ#di5\xad\
\x08\x15\xd6Z\x8e\x83\x13l\xb3\xaa\xaa\x0a3g\xceD\
CC\x83\xc7\x0b444`\xe6\xcc\x99\xa8\xaa\xaa\xe2\
\x1d~\xbe\xf1\x1eZc\x9aP`555\xf8\xfe\xfb\
\xefy\x87D}>\x90\x09\x07g\xd7\xdf\xa8Q\xa3\xd8\
\x9e={|\xd2\x07\x9e;t\xd8\x14\xe4\x89\x0d\x9c\xfb\
\xb3\x05\x0b\x16x\x94\xdd\xcd\x16\xdf\x0d:\xca\x7f\xc2\xf5\
\xfe\xf9\xf9\xf9:<9\xf5\xa8\xad\xade{\xf6\xeca\
#G\x8e\xe4\xb5\xe5M\xc8\x0b\x8a\xaa9\xbe4\xc6\xfe\
\x1b\xdc8\x91\x88\x89\x89\xc1]w\xdd\x85\xbe}\xfb\xa2\
G\x8f\x1eM\x7f\xdf~\xfb\xed\xb0Z}e #P\
UU\x85\xf6\xed\xdb\xbbf7\x00\x88l\xfcWk\xda\
\x028\x00\xa0W\xf3L\x8b\xc5\x82\x9c\x9c\x1c<\xfc\xf0\
\xc3\xdcB\xdb\xb7o\xc7C\x0f=\xc4\x0b\xe4Y\x02`\
\x10\x00\xee\xb0@e\x82!x@j\xb1\x81\xaa\xa2\xa2\
\x82\xd7\xa6\x86SQQ\x81\x9f\x7f\xfe\x19\xc7\x8f\x1fG\
III\xd3\xdfg\xce\x9c\xe1\xb5\xa3\x93U\x00\xe6\xe9\
(\xa6$\xbed\x00z\x008\x04 \xca\x9bB\x91\x91\
\x91HNNF\xaf^\xbd\xd0\xbbwo$''7\
\xfd?22R\x1bIe\x90\x90\x90\x80\x8b\x17/\xba\
f\xf7\x86w1\x03[\xc3P\x08\x8biZ(R|\
|<\x0e\x1f>\x8c\x84\x84\x96\xd1\xb9\xca\xca\xca0p\
\xe0@\x94\x97\x97\xbb^\xa7\x01\x82k\xae\x02\x0dem\
N2\x5cFK\x9d;w64Rrmm-\x8a\
\x8b\x8bQTT\x84\xa2\xa2\x22\x14\x16\x166\xfd_\xc1\
kj\x15\x80\x81\x00\xce\xa8.\xa8\x02\xb4Z\xc5\xa5\x84\
\x12\x00Y\x00\xb6\xc2\x0b\xb9jkkq\xf0\xe0A\x1c\
<x\xb0E\xbe\xc5bARRR\x931\xe8\xd3\xa7\
\x0fz\xf5\xea\x85\xe4\xe4d$%%i>\xc1\x98\x9c\
\x9c\xcc3\x00\xc9\xd0\xcf\x00\x14\x00x\x09\xc0\xdb\xcd3\
\xcb\xcb\xcb1k\xd6,\xe4\xe6\xe6\x22((\x08\x00`\
\xb7\xdb1k\xd6,\x9e\xf2\xa3\xf1\x1az)?`\xd0\
\x04 c\x0c\xe7\xcf\x9fGQQ\x11\x8a\x8b\x8bq\xe2\
\xc4\x89&%?\x7f\xfe<\x18cj\xdc\xc6\x06\xe0\x11\
\xf8\x88\xf2\x03\xbee\x00\x00aK\xe9\xff\x82\xb0\x0e\xbc\
kk.\xc4\x18\xc3\xb9s\xe7p\xee\xdc9\xfc\xeb_\
\xffjq,22\xb2\xc9\x18$''7\x8d\x1c\xd4\
\x1c5\xf4\xe8\xd1\x03\xdf}\xf7\x9dk\xb6\xde3\xbf\xff\
\x17\xc2\x0a\xcb\x07\x9bg\xee\xdc\xb9\x13\xd3\xa6M\xc3\xb3\
\xcf>\x0b\xc6\x18V\xae\x5c\x89\x9d;w\xf2\xca\xe76\
^CODmt\xe7\x9dw\xaav\xf1\xe6\xbf\xe6\x85\
\x85\x85M\xbf\xea\xc5\xc5\xc5ZO:\x9f\x83\xe0\xe3\x90\
\xdb\xd0F\xe1k\x06\x00\x10V\x04&C\xf8\xdc\xf40\
\x84\xe1\xd2mP\xf1\x8bEmm-\x0e\x1d:\x84C\
\x87\x0e\x89\x8eu\xeb\xd6\xad\xc984\x7f\xa5\xf0v\xd4\
PYY\xc9\xcb\xd6\xbb\xbd\x19\x80' \xb8\x16o1\
\xe6\xcf\xce\xceFv\xb6[oee\x8deU\xf9\xe9\
\xf3\x82\x10\xd7\x8c\xba:\xef\xbe:6\xff5o\xae\xe8\
\xc5\xc5\xc58w\xee\x9cj\x82z\xc0\x01\xe0,\x84\xd7\
\xda\x7fB\x98D\xd5\xfa\xf3\xa9\xd7\xf8\xd2\x1c\x80;\xc2\
 Lh%7\xfe\xdb\xa7\xd9\xdf^\xcd\x19(%\x22\
\x22\xa2\xc5\x5cC\xef\xde\xbd\x9b\x0c\x85\xeb\xa8\xa1\xa0\xa0\
\x00\xe9\xe9\xe9\xbc\xcfn\xe9h]\xb4 \xa5\xdc\x0f`\
;\x80 \x99\xe7\xdb!8e\xdd\xa5\x99D\xd2\x8c\x00\
\xf0\xef\xe6\x19!!!\xc8\xcb\xcb\xc3\xe0\xc1\x83[\x9c\
X[[\xdb\xa4\xd8\x85\x85\x85-\xde\xcdo\xdc\x10-\
\x87\xd0\x8a\xeb\x00\x8a!\xbc\xda\x9dh\xfc\xdb\xf9\xff\x9b\
z\x09\xa1\x14\x7f1\x00\xeeH\x84`\x0c\x9c\xa9w\xe3\
\xbf\xaa\x8e\x1a\xdc\xe1\x9ck\xb8\xed\xb6\xdbPUU\x85\
\xec\xecl\x9e\xf2W\x00\xe8\x02\xe3~\x05\x9e\x04\xf0\x11\
<?s\xe7\xaa\xc5\xb5Z\x0b$A\x04\x80R\x00-\
\xa6\xfcCBB\x90\x91\x91\x81\xe8\xe8h\x9c={\xb6\
\xe9\xdd\x5c'\x9c\xbf\xe6E\x10&(\x8b\x9a\xa5\x0bz\
\x09AxG(\x84\xc0\x14\x99\x00\x16\x02\xf8\x04\xc2d\
V%\xf8\xdf\xb9\xb5NK\xb5\xad\xae,&AP.\
)\x19\x7f\x81o\xb8\xb0~\x0d\xc6<\xa3*\x08}\xe4\
\x13\x08}&\x13B\x1f\x0a\xd5\xb6\xba\xc6a\x86\x11\x80\
\x12b |v\xec\x0b!\xf2\x8e\xf3\xefd\xc8\x1f&\
{\xc3\x11\x00\xa9\xe0,\xd35\x80\xb6\x00\xa6B\x98_\
\xb9\xad1\xef\x0c\x84\xf7\xd4/\x00\xd4\x18#V\x0b\x22\
 \xf8\x1a\x18\xa0\xc1\xb5\xed\x10\xff\x9a\x177\xfem\xdc\
\xb7F\x83\x08T\x03 E(Z\xce58_'\x92\
\xa1\xdc\xd7\xfd\x11\x08\xbf\xaa\xba\x8dWMB7\x009\
Pn\x04\xaa\xf0\xeb0\xbd\x10\xbf\xbe\x97\x17C\x08\xd6\
A\x80\x0c\x807t\xc6\xaf\x06\xc19\x11\xd9\x0b\x82S\
\x0c\xde\xa8\xa1\x12\xc0J\x00\xaf\xc37~\xf9\xfd\x91\x08\
\x08\xeb\x10~\x07\x979\x81F\xec\x10F/\xc5\xf8u\
\x02\xce\xa9\xf0\xa2E\x18\x84\x182\x00\xad'\x14\xc0\x9d\
\x10\x0c\x83\xd3\x91E\x11\x80\x1fA\x8a\xaf\x16\x11\x00\x06\
Chc\x0b\x84\xb0\xebE\x00N\x82~\xcd\x09\x82 \
\x08\x82 \x08\x82 \x08\x82 \x08\x82 \xa4\xa1\xaf\x00\
\xbfb\x85zq\xed\xddQ!\xe3\x9c`\xc8s\x1c\x12\
\x0caa\x0f\xe1\x1dU\x10\x96\xf7\x12\x01LO\x00\x0b\
\x00|\x0bay\xac\xc8-\xb9F\xe9\x0a\x80\xa7%d\
\x0a\x06\xf01\x84O[\xe5\x00\xfeK\xe2\xbc\x08\x08\xbb\
\xcbn\xe9$\xb3\xd9R\x03\x84e\xcf\xdf\x00\xf8o\x08\
+A\x89\x00\xa1;\x80\xcf ,\x221\xb2\x03\xde\xce\
\x91\xedy\x97\xf3n\x81\xef\x17\xe1\x8f\x06\xcan\xc6d\
\x07\xf0\xa9\xc43!L\xc4,\x08\xbb\xf1\x8c\xeep\xec\
/\x7f\xf9\xcb&\xc6\xd8\x1b\xcd\xd3\xc8\x91#E~\xfd\
\xdf\x7f\xff\xfd\x8d\xae\xe7\xa5\xa7\xa7\xffd\xb4\xfc&M\
u\x00\x1e\x07aJ\x96\xc1\xf8\x0e\xc6\x00\xb0\x88\x88\x08\
VVV&\xf2$\xfb\xf1\xc7\x1f\xb78/**\x8a\
\x95\x97\x97\x8b\xces\x13\xac\x93\x92:\xe95\x04\x08\xbe\
\xe8\x11H\x0b\xe6A\xd8\xde)\x89\xd5jEt\xb4\xf6\
s\x80=z\xf4\xc0\xd2\xa5K\xd1\xb9sg\xd1\xb1'\
\x9ex\x02\xe7\xce\x9d\xc3\xda\xb5k\x11\x17\x17\x877\xdf\
|\x13qqq\xa2\xf3\xe6\xcc\x99\x833g\xce`\xd3\
\xa6MR\x9e\x87\x087TUU\xb9\xf3\xd8\x0b\x00/\
C\x98#\xf8P\x1f\x89\x08-\x19\x0a\xa0\x1e\x1cK\xdf\
\xa5K\x17\xf6\xf6\xdbo\xb3\xe2\xe2b\xbf\x0b<I(\
\xc7f\xb3\xb1\xa2\xa2\x22\xf6\xf6\xdbo\xb3.]\xbaH\
\x8d\x02\xea!\xec? \xfc\x9c=\xe0<\xe09s\xe6\
\xf8]\xc0\x11B}jkk\xd9\x93O>)e\x04\
D^]\x09\xffb\x028\x0fv\xfe\xfc\xf9F\xf7;\
\xc2\xc7x\xf6\xd9g\xa5\x8c\xc0x\x83\xfa\xae.\x98}\
!\xd0z\xb8\xcc\xea\x0e\x1a4\x08\xf9\xf9\xf9h\xd3&\
P\xa6?\x089\xd8l6\x0c\x192\x04\x87\x0f\x1fv\
=\xb4\x0e\xc0l\xfd%\xd2\x07\xdf\x8a\xa9\xa5.m \
\xc4\x18h\xc1\xd2\xa5KI\xf9\x09\x11m\xda\xb4\xc1\xab\
\xaf\xbe\xca;\xf40\xb4q\x13\xe7\x13\x98y\x04\xd0\x13\
\xc0\xa9\xe6\x19\xed\xdb\xb7Gyy9\x82\x83\x83%\x8a\
\x10\x81L}}=\xe2\xe3\xe3y\x91\x91{\x00\xf8\x8f\
\x01\x22i\x8e\x99G\x00\x89\xae\x19\xfd\xfb\xf7'\xe5'\
$\x09\x09\x09A\xbf~\xfdx\x87D}\xc9,\x98\xd9\
\x00t\x14et\x14e\xa9\xca\xe5\xcb\x97q\xed\xda5\
M\xefAhK||<7[o9\xf4\xc2\xcc\x06\
@\xf4\xde\xe6\x0c\x86\xa9\x16\xa7O\x9f\xc6\x92%Kp\
\xf7\xddw#44\x14\xf1\xf1\xf1\x88\x8d\x8dExx\
8\x86\x0f\x1f\x8e\xd7_\x7f\x1d\xa5\xa5\xa5\xaa\xde\x93\xd0\
\x16\x89>b\xda9\x003\x93\x09\x97O:\x99\x99\x99\
\xaa|2\xaa\xaa\xaab\xcf>\xfb,\x0b\x0e\x0e\xf6\xb8\
\xac4\x22\x22\x82\xbd\xf4\xd2K\xac\xae\xaeN\x95{\x13\
\xda\x92\x99\x99\xc9{\x8e\x99\xba\xf7^\x9d0\xf3\x08@\
\x13JJJ\x90\x9a\x9a\x8a\x95+W\xf2\xc2\x7f\x89\xb8\
q\xe3\x06V\xacX\x811c\xc6\xf0\xc2\x85\x13\x84\xa1\
\x90\x01\xf0\x82\x8b\x17/b\xf4\xe8\xd1\xf8\xf9\xe7\x9f\xbd\
.\xfb\xc3\x0f?`\xcc\x981\xbc\x19f\x820\x0c2\
\x002q8\x1c\x98:u\xaa\xdb\x80\x94qqq\xe8\
\xd0A\x14\xde\xbe\x89\xc2\xc2B<\xf1\xc4\x13Z\x88G\
\x10\x8a \x03 \x93O>\xf9\x04\xdf\x7f\xff\xbd(?\
::\x1ao\xbe\xf9&\xca\xca\xcaP^^\x8e\xabW\
\xaf\xe2\xec\xd9\xb3X\xb4h\x11\xc2\xc3\xc3E\xe7gg\
gc\xc7\x8e\x1dz\x88L\x10\x01\x8dj\x93\x80\x0e\x87\
\x83\xf5\xec\xd9\x93\xbb\x9b\xb0\xb0\xb0P\xb2\xdc\xfe\xfd\xfb\
Y\xfb\xf6\xedE\xe5RSS\x95\xceQ\x11\x1aC\x93\
\x80\x84\x88\xc3\x87\x0f\xe3\xf4\xe9\xd3-\xf2,\x16\x0b6\
m\xda\x84\xe4\xe4d\xc9r\x83\x07\x0f\xc6\x9a5kD\
\xf9\xdf\x7f\xff=.\x5c\xa0\xb0\xf2\x84\xf1\x90\x01\x90\xc1\
\xce\x9d;Ey\xe3\xc7\x8fGjj\xaa\xc7\xb2S\xa6\
L\xc1\xc0\x81\x03[\xe41\xc6\xb0k\xd7.E\xb2T\
UUa\xc6\x8c\x19\x88\x8a\x8a\x82\xc5b\xa1\xe4\x92:\
t\xe8\x80y\xf3\xe6\xa1\xbe\xbe^Q\xfb\x06\x1ad\x00\
d\xc0\x9b\xf8\x1b7n\x9c\xec\xf2\xe3\xc7\x8bw\x94\x9e\
;wN\x91,\xcb\x97/\xc7\xc6\x8d\x1bQ]]\xad\
\xa8\xbc\xd9\xa9\xa8\xa8\xc0\xaaU\xab\xb0z\xf5j\xa3E\
\xf1\x0b\xc8\x00\xc8\xe0\xea\xd5\xab\xa2\xbcN\x9d:\xc9.\
\xcfs\xffu\xe5\xca\x15E\xb2\x1c<xPQ\xb9@\
\xe3\xc0\x81\x03F\x8b\xe0\x17\x90\x01\x90All\xac(\
\xef\xd2\xa5K\xb2\xcb\x97\x95\x95\x89\xf2\x94\xeeK\x184\
h\x90\xa2r\x81\xc6=\xf7\xdcc\xb4\x08~\x01\x19\x00\
\x19t\xeb\xd6M\x94\xb7}\xfbv\xd9\xe5y\xe7\xf2\xae\
)\x87\x85\x0b\x17\x22++\x0b\xed\xda\xb5ST\xde\xec\
\xc4\xc4\xc4\xe0\x99g\x9e\xc1o\x7f\xfb[\xa3E\xf1\x0b\
\xc83\x86\x0c\xc6\x8e\x1d+\xca\xdb\xb1c\x07\xf2\xf2\xf2\
\x90\x96\x96\xe6\xb6\xec\x96-[p\xe4\xc8\x91\x16y\x16\
\x8b\x05\xf7\xdf\x7f\xbf\x22Y\xa2\xa3\xa3\xb1a\xc3\x06E\
e\x09\xc2\x15\x1a\x01\xc8`\xe0\xc0\x81\xe8\xd9\xb3g\x8b\
<\xc6\x18\x1ey\xe4\x11\x14\x15\x15I\x96\xfb\xf1\xc7\x1f\
1g\xce\x1cQ~jj*\x12\x13M\xbb\xc5\x9c\xf0\
#\xc8\x00\xc8d\xf1\xe2\xc5\xa2\xbc\x0b\x17.`\xd8\xb0\
ax\xf3\xcd7[l\xf4q\xae\x04\x1c1b\x04\xd7\
o?\xefZ\x04A\xa8\x8b\xaa\xdb\x81\xedv;KK\
Ks\xbb\xf57..\x8eu\xe8\xd0\xc1\xed9S\xa6\
LQm\xd5\x1a\xa1>\xb4\x12\x90\xe0b\xb5Z\xb1e\
\xcb\x16$%%I\x9e\xe3\xc9#P\x9f>}\xf0\xf1\
\xc7\x1fk!\x1eA(\x82\x0c\x80\x17t\xea\xd4\x09\xdf\
~\xfb\xad\x94\xdf8\xb7\xdc{\xef\xbd\xf8\xe6\x9bot\
\x09?F\x10r!\x03\xe0%=z\xf4\xc0\xbe}\xfb\
0\x7f\xfe|\x84\x84\x84x<?\x22\x22\x02\x0b\x17.\
\xc4\xee\xdd\xbb\xb9\x0b\x82\x08\xc2H\xc8\x00(\xa0]\xbb\
vx\xef\xbd\xf7p\xe2\xc4\x89\x16>\x01\x9d\x84\x85\x85\
5\xf9\x04<y\xf2$\x96-[\xd6\xe28A\xf8\x0a\
f^\x07 \x0a\xffj\xb7\xdbU\xbdA\x8f\x1e=\xb0\
x\xf1\xe2\xa6Y\xfd\xf2\xf2r\x04\x05\x05qW\x0e\x12\
\xfe\x81D\x1fq\x1bJ\xd8\x9f1\xb3\x01\xa8u\xcd\xb8\
|\xf9\xb2\xa67\x94p)M\xf8\x11\x12K\xbc\xaf\xeb\
-\x87^\x98\xf9\x15@\xb4\xdd\xee\xd8\xb1c\xb2\x1cy\
\x12\x81I}}\xbd\x94\xbf\xc7_\xf4\x96E/\xccl\
\x00\x8a\x01\xb4\xd83[YY\xe9\xd5\x1a~\x22\xb0\xc8\
\xcd\xcd\xe59m\xad\x06p\xd2\x00qt\xc1\xcc\x06\xc0\
\x0e@\xe4|o\xf1\xe2\xc5\xb0\xd9l\x06\x88C\xf82\
6\x9b\x0d\xaf\xbc\xf2\x0a\xefP.\x84\xbedJ\xcc\x1e\
\xf1\xa4\x1a\xc0\xa3\xcd3\xca\xca\xcaPUU\x85\x09\x13\
&\x18$\x12\xe1\x8b\xcc\x9f?\x1f[\xb7n\xe5\x1d\xfa\
o\x00\xa7y\x07\x08\xdf\xc7\x02`?8Kr\x9f|\
\xf2IV[[k\xf4\xcaS\xc2`jjj\xd8\xec\
\xd9\xb3\xa5\x96n\x17\xc0\xdc\x11\xb4M?\x02\x00\x80#\
\x00f\xc3\xa5\xae\x87\x0e\x1d\xc2\xda\xb5k\xe1p8\x10\
\x17\x17\x87\xf6\xed\xdb\xc3j5\xf3\x1b\x11\xe1\xc4f\xb3\
\xe1\xe4\xc9\x93X\xb3f\x0d\x1e}\xf4Q\xec\xdd\xbb\x97\
wZ\x03\x80\xa9\x00L\xed\xbd\xd5\xd4\xd6\xad\x19\xbf\x07\
\xf0gw'\x04\x05\x05!**J'q\x08#\xa9\
\xaa\xaa\x82\xc3\xe1\xf1\xd3\xfe\xef\x01\xbc\xa7\x838\x84N\
\xbc\x0a\x0f\x81<)QjLK@\x98\x92U0\xbe\
sQ\xf2\xed\xb4\x0a\x84)y\x1a\xc2{\x9d\xd1\x1d\x8c\
\x92o\xa7\x06\x00O\x810\x153 |\xcb5\xbas\
Q\xf2\x8fd\x07\x90\x85\x00 \x10&\x01{\x03\xf8\x11\
@\xa4\xeb\x81\xc8\xc8H\xcc\x9e=\x1b\x13'N\xc4\x9d\
w\xde\x89\x98\x98\x18\xfd\xa5#t\xa7\xa2\xa2\x02'O\
\x9eDvv6\xd6\xad[\x87\x1b7n\xf0N\xab\x01\
p\x0f\x84\x15\xa5\x84\x1f\xb3\x03\x1c+?~\xfcxv\
\xe1\xc2\x05\xa3?C\x13\x06SZZ\xca\x1ex\xe0\x01\
\xa9\x91\x00\xad\x1b\xf7s\xd2\xc0y\xb0\xd3\xa7Og6\
\x9b\xcd\xe8\xbeG\xf8\x08\x0d\x0d\x0dl\xea\xd4\xa9RF\
\xe0^\x83\xfa\xae.\x98\xfd\x15`\x1d\x80Y\xcd3\xee\
\xb8\xe3\x0e\x1c9r\x04\x11\x11\x11\x06\x89D\xf8\x22\xb5\
\xb5\xb5HIIAII\x89\xeb\xa1u\x10\x16\x92\x99\
\x123/}\xb3\x02x\xd85\xf3\xd5W_%\xe5'\
DDFFb\xe9\xd2\xa5\xbcC\x0f\xc3\xc4?\x94\xa6\
\xad\x18\x80;\xe12\x81\x13\x11\x11\x81\xcb\x97/\x93\x01\
 \xb8\xd4\xd5\xd5!..\x0e\xb5\xb5\x22_2=\x01\
\x88\x86\x06f\xc0\xcc#\x80\xdb\x5c3\x06\x0c\x18@\xca\
OH\x12\x1e\x1e\x8e\xfe\xfd\xfb\xf3\x0eu\xd7[\x16\xbd\
0\xb3\x01\x10E\xcf\xf4&\xa47\x11\x98H\xf4\x11\xd3\
n\x121\xb3O@\xd1N\xc76m\xd4\xadnee\
%\xbe\xf8\xe2\x0b\xe4\xe4\xe4\xe0\xf8\xf1\xe3(--\x85\
\xd5jE\xd7\xae]\x91\x92\x92\x82I\x93&!##\
\x03\x91\x91\xa2%\x08\x84\x8f\x12\x1c\x1c\xcc\xcb\x0e\x84]\
\xb3\xa6C\xd5\xd0`\xcd\xa9\xaf\xafg\xef\xbc\xf3\x8e\xc7\
0`\x00XBB\x02\xfb\xf0\xc3\x0f\x99\xc3\xe1P\xe5\
\xde\x84\xb6Ph0\xc2-\xd7\xae]\xc3\x84\x09\x13\xb0\
`\xc1\x02\xb7a\xc0\x9c\x94\x95\x95a\xee\xdc\xb9\x988\
q\x22\xae_7\xadsY\xc2O!\x03\xe0\x05\xd5\xd5\
\xd5\x18=z4v\xed\xda\xe5u\xd9\xaf\xbe\xfa\x0a\x13\
'ND}}\xbd\x06\x92\x11\x842\xc8\x00x\xc1c\
\x8f=\x86\x9f~\xfaIq\xf9\x7f\xff\xfb\xdf\x98?\x7f\
\xbe\x8a\x12\x11D\xeb \x03 \x93\xad[\xb7\x22''\
G\x94\x1f\x1c\x1c\x8cy\xf3\xe6\xe1\x87\x1f~@MM\
\x0d\xae_\xbf\x8e\xef\xbe\xfb\x0e\x8f?\xfe8\xd7\xc5\xd8\
\xea\xd5\xabQPP\xa0\x87\xc8\x04\x11\xd0\xa8:\x098\
`\xc0\x00\xd1\xe4Ptt4\xdb\xb3g\x8fd\x99\x9c\
\x9c\x1c\x16\x16\x16\xc6\xdd\x88D\xf8&4\x09H\x88(\
**\xc2\x91#GD\xf9\xeb\xd7\xafGzz\xbad\
\xb9\x89\x13'\xe2\xbd\xf7\xc4n\xe5v\xed\xda\x85\xabW\
\xaf\xaa*#A(\xc1\xcc\xeb\x00T#77W\x94\
\x97\x96\x96\x86\x8c\x8c\x0c\x8fe\xe7\xcc\x99\x83w\xdey\
\x07'O\xfe\x1a\x5c\xc6f\xb3a\xe7\xce\x9d\xc8\xca\xf2\
\xde\xe7\x84\xddn\xc7\xb2e\xcb\xf0\xf9\xe7\x9f\xa3\xa6\xa6\
\xc6\xeb\xf2\xad\xc5j\xb5\x2299\x19+V\xac@J\
J\x8a\xe8\xb8\xcdf\xc3\xf2\xe5\xcb\xf1\xe5\x97_\xa2[\
\xb7nx\xeb\xad\xb7\x90\x9c\x9c,:\xef\xd6\xad[X\
\xb2d\x09\xb6m\xdb\xa6j=\xda\xb7o\x8f\xac\xac,\
,X?\xbf\xedY\x00\x00\x0a\xb9IDAT\xb0\x80\
\xbc<\x078\xaa\xbd\x02\xfc\xe1\x0f\x7f\x10\x0d\x0b\xdfx\
\xe3\x0d\xd9\xe5\x7f\xff\xfb\xdf\xb7\xaa|s\xde~\xfbm\
\xa3\xbd\xe50\x00\xack\xd7\xae\xec\xe6\xcd\x9b\x1e\xe5\xeb\
\xde\xbd;\xab\xaf\xaf\x17\x9d\xf7\xdak\xafi*\xdf\xfa\
\xf5\xeb\x15\xb5/\xbd\x02\x10\x22\xca\xcb\xcbEyII\
I\xb2\xcbw\xeb\xd6M\x94'\x11\x85\xd6#;v\x88\
\xa2\x9d\x19\xc2/\xbf\xfc\xd2bT\xe3\xc4U\xbe\xff\xfc\
\xe7?\xdc\xf3\xbe\xfd\xf6[\xadD\x03\x00\xec\xde\xbd[\
\xd3\xeb\x9b\x052\x002\x88\x8e\x8e\x16\xe5\xc9Y\x04\xe4\
\xee\xdc\xf6\xed\xdb+\x92\xa5O\x9f>\x8a\xca\xa9Mx\
x8\xbav\xed*\xcaw\x95\xafm\xdb\xb6\x5c\x03x\
\xe7\x9dwj&\x9b\x1e\xd77\x0bd\x00d\xd0\xa5K\
\x17Q\x9e7\xbf`\xbc_#\x9e\xf2\xc8a\xf1\xe2\xc5\
\x18=z\xb4\xa2\xb2j\xd1\xb6m[|\xf8\xe1\x87\x5c\
#\xf6\xca+\xaf4\xc9\x17\x13\x13\x83u\xeb\xd6\xa1m\
\xdb\xb6\xa2\xf3\x16-Z\x84\xa1C\x87j\x22\xdf\xf8\xf1\
\xe3\xf1\xdcs\xcfirm\xb3A\x93\x802\xe0)\x5c\
vv6\x8e\x1f?\x8e\xbb\xee\xba\xcbm\xd9\xef\xbe\xfb\
\x0eyyy\xa2\xfcQ\xa3F)\x92\xa5C\x87\x0e\xd8\
\xbd{7\xae\x5c\xb9b\xc8\xd2b\xab\xd5\x8a\xa4\xa4$\
\x04\x05\xf1\xf7\xc7\xc4\xc6\xc6b\xf7\xee\xdd\xb8v\xed\x1a\
\xa2\xa3\xa3%\xcfKLLD~~\xbe\xea\xf5\x88\x89\
\x89!\xe7\xae^@\x06@\x06\xc3\x87\x0fGBB\x02\
\xca\xca\xca\x9a\xf2l6\x1b\xa6O\x9f\x8e\xdd\xbbw#\
>>\x9e[\xee\xcc\x993x\xec\xb1\xc7D\xf9))\
)\xe8\xd9\xb3g\xabd\xea\xd8\xb1#:v\xec\xd8\xaa\
khI\x87\x0e\x1dd\x9d\xe7\xeb\xf50;\xf4\x0a \
\x03\xab\xd5\x8a\x17_|Q\x94\x7f\xfc\xf8q\x0c\x1e<\
\x18\x1b7nl\xb1\xc6\xbf\xae\xae\x0e\x1f}\xf4\x11\x86\
\x0c\x19\x82_~\xf9ET\xee\xa5\x97^\xd2T^\x82\
\x90\x0b\x8d\x00d2o\xde<\xacZ\xb5\x0a\x85\x85\x85\
-\xf2\xcf\x9f?\x8f\x193f\xa0]\xbbv\xe8\xdd\xbb\
7\xecv;\x0a\x0b\x0b\xa5|\xcd#==\x1d\x8f<\
\xf2\x88\x1e\x22\x13\x84G\xc8\x00\xc8$$$\x04\xd9\xd9\
\xd9\x18>|8***D\xc7\xab\xab\xab\xb1\x7f\xff\
~\xb7\xd7HHH\xc0\x86\x0d\x1b`\xb1\x98\xd9\x15#\
\xe1O\xd0+\x80\x17\xf4\xea\xd5\x0b\xb9\xb9\xb9HHH\
\xf0\xba\xec\x1dw\xdc\x81]\xbbvq\xbf(\x10\x84Q\
\x90\x01\xf0\x92\xa1C\x87b\xff\xfe\xfd\xb2\x96\x01\x03\xc2\
\xfc\xc1c\x8f=\x86\xfc\xfc|\x9f\xf9\x86O\x10N\xc8\
\x00(\xa0K\x97.\xc8\xce\xce\xc6\x9e={0{\xf6\
l\xee,vbb\x22\xe6\xce\x9d\x8b\x1f\x7f\xfc\x11\x9f\
|\xf2\x89\xecYq\x82\xd0\x133\xcf\x010\xd7\x0c\x87\
\xc3\xa1\xea\x0d\xd2\xd3\xd3\x91\x9e\x9e\x0e\xbb\xdd\x8eK\x97\
.\xa1\xb4\xb4\x14AAAHLLD\xa7N\x9d\xe8\
]\xdf\x0f\x91\xe8#\xa2\xbed\x16\xccl\x00D\xd1\x1d\
\xb4\xda\x82\xebT\xfa\xc4\xc4DM\xaeO\xe8\xc7\xe5\xcb\
\x97y\xd9\xd5z\xcb\xa1\x17f~\x05(s\xcd(,\
,T}\x14@\x98\x07\xe7'\x5c\x0e\xa2\xbed\x16\xcc\
l\x00N\x00\xb8\xd9<\xe3\xd2\xa5K\xd8\xbbw\xafA\
\xe2\x10\xbe\xce\x9e={x#\x80\x9b\x00\xb8V\xc1\x0c\
\x98\xd9\x00\xd4\x03\xf8\xc65s\xc9\x92%\xfaKB\xf8\
<\x8c1,^\xbc\x98wh\x17\x80\x06\x9d\xc5\xd1\x0d\
\xb3G<\xb1\xc3\xc5\x99\xc3\x993g\x10\x11\x11\x81\xb4\
\xb44\x83D\x22|\x917\xdex\x03k\xd6\xac\xe1\x1d\
z\x19\xc0q\x9d\xc5!T\xa2\x0d\x84\x08\xc1-<\xbc\
X,\x16\xf6\xea\xab\xaf2\xbb\xdd\xae\xc8k\x0ca\x1e\
\xecv;[\xb2d\x09\xb3X,<O@E0\xf7\
Dy@\xf0 \x00\x078n\xa3\x06\x0d\x1a\xc46m\
\xda\xc4jjj\x8c\xee\x87\x84\xceTWW\xb3\x8d\x1b\
7\xb2\x81\x03\x07J\xb9\x15s\x00x\xc0\x90\x1e\xab#\
\x81\xf2\xa1\xfam\x00\x0b\xa4\x0e\x86\x84\x84\xa0s\xe7\xce\
\x88\x8b\x8b\xd3Q$\xc2(._\xbe\x8c\x8b\x17/z\
\x8a\xd2\xf4\x16\x00\xf1\x16P\xc2/\xb1\x02X\x07\x1fp\
\xa6I\xc9/\xd2Z\x98{\x82< \xb1\x80\x8c\x00%\
\xcfi\x1d\x02gd\x1cP<\x04aE\x97\xd1\x1d\x8c\
\x92o\xa7j\x00\x13@\x98\x8a1\x10\x16t\x18\xdd\xb9\
(\xf9G\xaa\x83\xd0gLO \x0cu\xba\x008\x04\
@4\xc3g\xb5Z1a\xc2\x04L\x9c8\x11\xbdz\
\xf5BTT\x94\xfe\xd2\x11\xbas\xfd\xfau\x14\x15\x15\
a\xeb\xd6\xad\xc8\xcd\xcd\x95Z\x1e^\x0e` L\xbc\
\x0c8P\xd8\x00\x8e\x95\x1f0`\x00;t\xe8\x90\xd1\
_\xa3\x08\x839p\xe0\x00KII\x91\x1a\x09\xfc\xc3\
\xa0>K\xa8D\x7fp\xd6\x00\x8c\x1c9\x92UWW\
\x1b\xdd\xf7\x08\x1f\xa1\xba\xba\x9a\x8d\x181\x82g\x00\x1c\
\x00\xfa\x19\xd4wu\xc1\xec\x9f:\xe6\xc1\xe55'!\
!\x01[\xb6l\xe1\x06\xab \x02\x93\xb6m\xdbb\xcb\
\x96-\xe8\xd4\xa9\x93\xeb!\x0b\x84>dZ\xccn\x00\
&\xb9f\xbc\xf2\xca+\xe4\x87\x9e\x10\x11\x17\x17\x87E\
\x8b\x16\xf1\x0e\x89\xfa\x90\x990\xf3$\xe0m\x00\xce4\
\xcf\x08\x0d\x0dEyy9M\xf6\x11\x5c\xaa\xaa\xaa\x10\
\x1f\x1f\xcf[!\x98\x04@\x1c\xe0\xc1\x04\x98y\x04 \
\x0a\xbd\x93\x92\x92B\xcaOH\x12\x1d\x1d\x8d\x94\x94\x14\
\xde\xa1;\xf4\x96E/\xccl\x00D\x9a\xae\xc4\x9d7\
\x11XH\xf4\x11e\xa1\x9c\xfd\x003ou\x14\xd5-\
$$D\xd5\x1b\xd8\xedv\xec\xd9\xb3\x079998\
~\xfc8JKKa\xb1X\x90\x94\x94\x84\x94\x94\x14\
L\x9a4\x09C\x87\x0e\x85\xd5jf;k.BC\
Cy\xd9f\xd6\x13\xd3\x92\x09\x97\xcf:\x99\x99\x99\xaa\
}:\xda\xb2e\x0bKNN\xf6\xb8\xaa\xec\xee\xbb\xef\
f;v\xecP\xed\xbe\x84\xb6dff\xf2\x9ec\xa6\
\xa8w\x99\x04\xfai\xf2\x92[\xb7n\xe17\xbf\xf9\x0d\
\xa6M\x9b\x86\xa2\xa2\x22\x8f\xe7\x1f:t\x08\xe3\xc6\x8d\
\xc3\xdc\xb9sa\xb3\xd9t\x90\x90 \xe4CC\x1b/\
hhh\xc0C\x0f=\x84o\xbe\x11\xb9\x1a\xf4\xc8\xea\
\xd5\xabQYYI\xb1\x01\x09\x9f\x82F\x00^\xf0\xdc\
s\xcf)R~'\x9b6m\xc2\xd2\xa5KU\x94\x88\
 Z\x07\x19\x00\x99\xec\xdd\xbb\x17\x1f~\xf8!\xf7\xd8\
C\x0f=\x84\x8d\x1b7\xe2\xd8\xb1c8z\xf4(\xd6\
\xad[\x87\x11#Fp\xcf]\xbe|\xb9\xacW\x07\x82\
 Z\x87\xaa\x93\x80\xbc\xb5\xe2\xa1\xa1\xa1l\xc3\x86\x0d\
\x92eV\xae\x5c\xc9\xacV\xab\xa8\xdc\xf4\xe9\xd3\x15\xcb\
Ah\x0bM\x02\x12\x22\xce\x9f?\xcf\x0d(\xb2r\xe5\
JdeeI\x96\xfb\xdd\xef~\xc7\x8dC\xb0u\xeb\
V\xd4\xd4\xd4\xa8)\x22A(\x82&\x01e\xf0\xd5W\
_\x811\xd6\x22o\xc0\x80\x01x\xea\xa9\xa7<\x96}\
\xf1\xc5\x17\xb1z\xf5j\xfc\xf2\xcb\xaf+Io\xde\xbc\
\x89\x9d;wb\xf2\xe4\xc9^\xcb\xc2\x18\xc3\xea\xd5\xab\
\xf1\xf5\xd7_\xa3\xb6V\x14\xfe0\xe0\x89\x8a\x8aBV\
V\x16\x1ey\xe4\x11\xa3E\xf1\x0b\xc8\x00\xc8\xe0\xf4\xe9\
\xd3\xa2\xbc\xa9S\xa7\xca\x9a\xcd\x0f\x09\x09AFF\x06\
\xfe\xfa\xd7\xbf\xb6\xc8?u\xea\x94\x22Y\xde\x7f\xff}\
<\xf7\xdcs\x8a\xca\x06\x0a\x9f\x7f\xfe9\xc2\xc2\xc2\x90\
\x91\x91a\xb4(>\x0f\xbd\x02\xc8\xe0\xe2\xc5\x8b\xa2\xbc\
\x1e=z\xc8.\xdf\xb3\xa7h[\x02\xca\xca\x949\x9a\
\xd9\xbau\xab\xa2r\x81FNN\x8e\xd1\x22\xf8\x05d\
\x00d\x10\x19\x19)\xca\xf3f\xf8]]-\x8e.\xcd\
\xbb\xa6\x1c:w\xee\xac\xa8\x5c\xa0A\xed$\x0f2\x00\
2HLL\x14\xe5\xed\xdb\xb7Ovy\xde\xb9]\xba\
tQ$\xcb\xc2\x85\x0b\xd1\xad[7Ee\x03\x85~\
\xfd\xfa\xe1\xf9\xe7\x9f7Z\x0c\xbf\x80\xe6\x00d\x90\x9a\
\x9a*\xca\xdb\xbcy3\x96/_\x8e\xae]\xbb\xba-\
{\xf4\xe8Q\xec\xda\xb5K\x94\xaf48i\xaf^\xbd\
PTT\x84\x9f~\xfa\x09UUU\x8a\xaeaf:\
v\xec\x88\xbe}\xfb\x2288\xd8hQ\xfc\x022\x00\
2\x185j\x14\xda\xb7o\x8f\xca\xca\xca\xa6\xbc\xba\xba\
:\xcc\x9c9\x13\xdb\xb7oGDD\x04\xb7\x5cEE\
\x05\x1e}\xf4Q\xd8\xed\xf6\x16\xf9={\xf6D\xbf~\
\xca]\xcd\x85\x85\x85a\xc8\x90!\x8a\xcb\x13\x84\x13z\
\x05\x90App0\xe6\xcf\x9f/\xca\xdf\xbbw/F\
\x8c\x18\x81\x82\x82\x02\xd1\xb1]\xbbva\xd8\xb0a8\
v\xec\x98\xe8\xd8\x82\x05\x92a\x0a\x09BWh\x04 \
\x93\x05\x0b\x16\xe0\xa3\x8f>\xc2\x85\x0b\x17Z\xe4\x1f<\
x\x10\xc3\x86\x0dC\x9f>}\xd0\xaf_?\xd8\xedv\
\x1c>|\x18%%%\xdc\xeb\xf4\xed\xdb\x17s\xe6\xcc\
\xd1Cd\x82\xf0\x08\x19\x00\x99\xb4k\xd7\x0e999\
\x181b\x04\xea\xea\xeaD\xc7O\x9c8\x81\x13'N\
\xb8\xbdFTT\x146n\xdc\x886m\xa8\xd9\x09\xdf\
\x80^\x01\xbc\xe0\x9e{\xee\xc1\xc6\x8d\x1b\x15\xb9\x14\x8f\
\x8d\x8d\xc5?\xff\xf9O\xf4\xed\xdbW\x03\xc9\x08B\x19\
d\x00\xbcd\xe2\xc4\x89\xc8\xcb\xcb\xc3\x80\x01\x03d\x97\
IKKCAA\x81\xe4\x0eA\x820\x0a2\x00\x0a\
HII\xc1\xc1\x83\x07\xb1~\xfdz\x8c\x1a5\x0aA\
AA\xa2sBBB0n\xdc8|\xf1\xc5\x17\xd8\
\xbbw\xafW+\x07\x09B/\xcc\xfc2\xcaD\x19L\
\x94\xa5\x18\xab\xd5\x8a\xc7\x1f\x7f\x1c\x8f?\xfe8\xae^\
\xbd\x8a\xc2\xc2B\x94\x96\x96\x22((\x08\x09\x09\x09\xe8\
\xd7\xaf\x1f\xb9 \xf7C$\xfa\x88z\x1d\xc7\xc70\xb3\
\x01\xa8\x10eT\x88\xb2T!66V\xf1\xc2\x1e\xc2\
\xb7\xb8v\xed\x1a7[o9\xf4\xc2\xcc\xaf\x00\xa2\xdd\
6'O\x9e4B\x0e\xc2O`\x8c\xa1\xb8\xb8\x98w\
\xc8\xb4!\xc2\xcdl\x00\xce\x02\xb8\xd5<\xe3\xfc\xf9\xf3\
8x\xf0\xa0A\xe2\x10\xbe\xce\x81\x03\x07PZZ\xea\
\x9a}\x13B_2%f6\x007\x00\x88<x\xae\
X\xb1\xc2\x00Q\x08\x7f`\xd9\xb2e\xbc\xec\x9d\x00\xc4\
\x0b?L\x82\x99\x0d\x00\x00l\x11el\xd9\x82O?\
\xfd\xd4\x08Y\x08\x1ff\xdd\xbau\xc8\xce\xce\xe6\x1d\xfa\
\x5coY\x08\xf5\x08\x05P\x02\x8e3\xcf\xf5\xeb\xd7\x1b\
\xea|\x92\xf0\x1d\xd6\xae]\xcbBCCy\xce@O\
\x03P7\x9e\x1c\xa1;3!\x11\xb6k\xf2\xe4\xc9\xac\
\xa0\xa0\x809\x1c\x0e\xa3\xfb \xa13\x0e\x87\x83\xe5\xe7\
\xe7\xb3\x8c\x8c\x0cw\xa1\xdd\xa4=\xbe\x9a\x84@\x09Q\
\xf3\x11\x00I\x0f\x9e]\xbatA\xcf\x9e=\xd1\xa9S\
'\x1dE\x22\x8c\xe2\xd2\xa5K8u\xea\x94hc\x97\
\x0b\x7f\x03\xf0[\x9dD\x224&\x04\xc0.x\x08\xe4\
I\x89Rc\xfa\x17h\xe8o:B\x00\xfc\x1d\xc6w\
.J\xbe\x9d\xfe\x06R~S3\x03\xc2\xe4\x8e\xd1\x1d\
\x8d\x92o\xa5S\x00(\x98@\x80\x10\x02\xe07\x00\xb6\
B\xf8\xc6kt\xe7\xa3dL\xba\x01 \x07\xc0\x13\x08\
\xd0_\xfd@\x99\x04tG(\x80\xdb\x00t\x06@\xb3\
\x80\x81\xc1%\x00\x17\xc1Y-J\x10\x04A\x10\x04a\
~\xfe?\xbc@\xe5$m\xf5\xb71\x00\x00\x00\x00I\
END\xaeB`\x82\
"

qt_resource_name = b"\
\x00\x05\
\x00o\xa6S\
\x00i\
\x00c\x00o\x00n\x00s\
\x00\x0a\
\x0f\xad6\xc7\
\x00d\
\x00i\x00v\x00i\x00d\x00e\x00.\x00p\x00n\x00g\
\x00\x08\
\x08\x97X\x07\
\x00s\
\x00q\x00r\x00t\x00.\x00p\x00n\x00g\
\x00\x07\
\x0bgW\x87\
\x00d\
\x00o\x00t\x00.\x00p\x00n\x00g\
\x00\x17\
\x0f\x14&'\
\x00f\
\x00i\x00l\x00e\x00_\x00i\x00n\x00p\x00u\x00t\x00-\x00(\x00C\x00u\x00s\x00t\x00o\
\x00m\x00)\x00.\x00p\x00n\x00g\
\x00\x17\
\x00\xdd\x99\xa7\
\x000\
\x000\x002\x00-\x00o\x00u\x00t\x00p\x00u\x00t\x00-\x00(\x00C\x00u\x00s\x00t\x00o\
\x00m\x00)\x00.\x00p\x00n\x00g\
\x00\x13\
\x08\xd5I\xc7\
\x00f\
\x00i\x00l\x00e\x00_\x00i\x00n\x00p\x00u\x00t\x00_\x00i\x00c\x00o\x00n\x00.\x00p\
\x00n\x00g\
\x00\x07\
\x04\xbfW\xa7\
\x00m\
\x00u\x00l\x00.\x00p\x00n\x00g\
\x00\x0e\
\x0dnk\xc7\
\x000\
\x000\x003\x00-\x00s\x00e\x00l\x00e\x00c\x00t\x00.\x00p\x00n\x00g\
\x00\x0e\
\x07\x91\xfc\xa7\
\x00f\
\x00i\x00l\x00e\x00_\x00i\x00n\x00p\x00u\x00t\x00.\x00p\x00n\x00g\
\x00\x07\
\x0a\xb5W\xa7\
\x00s\
\x00u\x00b\x00.\x00p\x00n\x00g\
\x00\x17\
\x0d\xfe\x99\xc7\
\x000\
\x000\x003\x00-\x00s\x00e\x00l\x00e\x00c\x00t\x00-\x00(\x00C\x00u\x00s\x00t\x00o\
\x00m\x00)\x00.\x00p\x00n\x00g\
\x00\x07\
\x06\xc7W\xa7\
\x00o\
\x00u\x00t\x00.\x00p\x00n\x00g\
\x00\x0e\
\x01o\x82\xe7\
\x000\
\x000\x002\x00-\x00o\x00u\x00t\x00p\x00u\x00t\x00.\x00p\x00n\x00g\
\x00\x07\
\x07\xa7W\x87\
\x00a\
\x00d\x00d\x00.\x00p\x00n\x00g\
\x00\x06\
\x07\x01WG\
\x00i\
\x00n\x00.\x00p\x00n\x00g\
\x00\x10\
\x05\xdaB'\
\x00s\
\x00t\x00a\x00t\x00u\x00s\x00_\x00i\x00c\x00o\x00n\x00s\x00.\x00p\x00n\x00g\
\x00\x0d\
\x01\xaf\xd7'\
\x000\
\x000\x001\x00-\x00i\x00n\x00p\x00u\x00t\x00.\x00p\x00n\x00g\
"

qt_resource_struct = b"\
\x00\x00\x00\x00\x00\x02\x00\x00\x00\x01\x00\x00\x00\x01\
\x00\x00\x00\x00\x00\x00\x00\x00\
\x00\x00\x00\x00\x00\x02\x00\x00\x00\x11\x00\x00\x00\x02\
\x00\x00\x00\x00\x00\x00\x00\x00\
\x00\x00\x00\x88\x00\x00\x00\x00\x00\x01\x00\x00\x13\x1d\
\x00\x00\x01\x94\xb2\x1f&\xc2\
\x00\x00\x01\x9c\x00\x00\x00\x00\x00\x01\x00\x00nV\
\x00\x00\x01\x94\xb2\x1d\xc1\x10\
\x00\x00\x02\x0a\x00\x00\x00\x00\x00\x01\x00\x00\xae\xd0\
\x00\x00\x01\x94\xb2\x1d\xc1\x10\
\x00\x00\x00\xe8\x00\x00\x00\x00\x00\x01\x00\x00 \xbb\
\x00\x00\x01\x94\x9e\x98g\x88\
\x00\x00\x01\xe4\x00\x00\x00\x00\x00\x01\x00\x00\xa3;\
\x00\x00\x01\x94\x9e\x98g\x89\
\x00\x00\x01\x88\x00\x00\x00\x00\x00\x01\x00\x00ic\
\x00\x00\x01\x94\x9e\x98g\x88\
\x00\x00\x01\xd2\x00\x00\x00\x00\x00\x01\x00\x00\x9e\xb4\
\x00\x00\x01\x94\x9e\x98g\x87\
\x00\x00\x01\x1e\x00\x00\x00\x00\x00\x01\x00\x00Qq\
\x00\x00\x01\x94\xa8\xdf\xc1\xf1\
\x00\x00\x01\xbe\x00\x00\x00\x00\x00\x01\x00\x00\x9aS\
\x00\x00\x01\x94\x9e\x98g\x85\
\x00\x00\x00*\x00\x00\x00\x00\x00\x01\x00\x00\x04\xed\
\x00\x00\x01\x94\x9e\xd1*\xef\
\x00\x00\x00\xbc\x00\x00\x00\x00\x00\x01\x00\x00\x1c\xf0\
\x00\x00\x01\x94\xb12\xc1\x0e\
\x00\x00\x01@\x00\x00\x00\x00\x00\x01\x00\x00\x5cx\
\x00\x00\x01\x94\x9e\x98g\x8a\
\x00\x00\x00@\x00\x00\x00\x00\x00\x01\x00\x00\x08\xb7\
\x00\x00\x01\x94\x9e\x98g\x86\
\x00\x00\x00\xfc\x00\x00\x00\x00\x00\x01\x00\x00%\x80\
\x00\x00\x01\x94\xb2\x1d\xc1\x10\
\x00\x00\x01T\x00\x00\x00\x00\x00\x01\x00\x00`\xa1\
\x00\x00\x01\x94\xb2\x1f&\xc1\
\x00\x00\x00T\x00\x00\x00\x00\x00\x01\x00\x00\x0dG\
\x00\x00\x01\x94\xb14\xe0$\
\x00\x00\x00\x10\x00\x00\x00\x00\x00\x01\x00\x00\x00\x00\
\x00\x00\x01\x94\x9e\x98g\x85\
"


def qInitResources() -> None:
    QtCore.qRegisterResourceData(
        0x03, qt_resource_struct, qt_resource_name, qt_resource_data
    )


def qCleanupResources() -> None:
    QtCore.qUnregisterResourceData(
        0x03, qt_resource_struct, qt_resource_name, qt_resource_data
    )


qInitResources()
