order_id,customer_id,product_id,order_date,order_value
,1089,548,14-08-2023,1516.32
e0d93e07-6195-4b2b-a154-6e0871af17c6,1039,550,22-11-2024,1709.77
ea457bbc-2604-4e13-888a-fd87a15c24a9,1068,547,10-03-2023,1481.7
679d99d9-bc12-4bea-8e60-64078a12f27a,1068,527,01-04-2023,476.41
4476d48a-05d8-4418-b11e-271b18a86218,1073,548,06-12-2023,173.01
b7a486c3-5c30-433d-80be-ff08b0887b17,1016,517,01-06-2023,1429.97
cfcf02ae-aeaf-4ec3-93d2-0a7fb2d995ea,1024,538,09-12-2024,505.28
af17a695-b46b-42e9-a9b5-a3b4be4b1495,1024,548,29-03-2023,1371.81
42c82b69-05ba-4dce-becb-c92f6330e786,1006,507,06-01-2024,1128.13
a7af6ff5-fe82-4e95-8c36-7d1480403c02,1064,518,09-08-2023,395.21
9034f8eb-1c42-4682-95f5-235b5bbbc20e,1045,517,10-11-2023,1661.08
b209ce53-8a78-46b2-957b-8ced57078316,1046,531,22-11-2024,741.63
2713e0c8-fbce-4dbc-8512-e8ebd08620ed,1004,545,01-06-2023,1135.85
9adea11a-a667-43e2-8dda-359c3697c1ca,1014,544,28-02-2024,131.28
b930ce7a-84fe-4a9a-ba38-b29c8bc9d5d0,1001,533,26-10-2024,542.76
f02fdaa0-9e3b-47c9-9ebc-04a2c81d472f,1094,549,26-02-2024,1901.29
386e6fb3-9eee-4682-acc7-c5c9e5ce0a2a,1024,513,31-10-2023,902.48
975a9ae3-a0ca-4bf9-b5b1-1cbb4da491ea,1028,516,20-10-2023,1743.15
51c67686-3800-42ce-8ac5-89e27780a3cf,1012,537,28-11-2023,1116.1
a547f6ab-530c-4057-88fd-17f32172ec42,1023,537,09-06-2023,1900.14
b7e1753e-fbb1-4f07-9765-d067fae329b4,1065,518,28-05-2023,599.47
ecc0ed95-73ec-4951-a672-1042bef700c8,1069,538,05-02-2023,1925.98
1cb6df97-3cc5-4dc6-a954-6b21e6350836,1028,527,26-07-2024,1783.81
3792d884-9be7-4cfd-9c66-a2944f813c1c,1003,508,14-07-2024,838.12
2532862c-a710-4420-b14f-499d4e1d068e,1047,506,17-04-2024,1922.69
3a383bb7-c12e-463f-9ab7-edea719fa715,1008,536,24-04-2024,530.24
55d50f3e-1eea-4400-a0f1-fd43c7f0b4b5,1056,523,07-09-2023,493.28
ce49d966-1252-494a-80a6-4bc5a732d73b,1098,544,14-01-2024,335.53
9cb4d9b8-8fe5-4b5a-9613-729405856e3c,1029,549,27-05-2024,1450.05
b9c5e232-3e34-43fd-9242-287f7f11c2d8,1010,528,02-09-2024,1135.28
f369accc-0e69-41ef-8a05-d4c389ce82fd,1074,539,21-10-2023,719.66
541349bd-2427-407c-9a5a-bf2ee3b63271,1049,513,09-10-2023,1342.78
5a920e84-400d-405d-8c56-ccbe74e14c6b,1073,532,06-02-2025,233.88
8439ff4e-a95e-4b3b-8ad4-8bb7bbce760b,1033,535,12-05-2023,1637.17
788524c4-efad-4017-9297-b2d6187b056e,1074,535,17-11-2023,1619.16
d132e0c4-c639-4d18-afe1-bcd0d271bfad,1055,516,24-10-2023,1444.68
3a3b95c3-1ea5-4247-ad29-0ae68b698412,1053,515,07-08-2024,1763.26
8e1168b8-b717-4108-92ae-27ca42d31f90,1050,545,03-02-2023,689.86
a7fe5af9-807e-4a9b-b909-6a7d72f587e0,1055,531,02-02-2024,88.73
cfed420c-0ebf-4b9d-b57d-dc669e354d41,1005,540,23-09-2023,772.85
f9f5c7ee-87a4-4106-87fc-bf3ee55c8894,1004,529,16-04-2023,380.56
77f367f8-2d27-481c-a66b-3e0311a8a9aa,1027,538,17-10-2023,1846.05
b4111e12-2de5-4425-a710-382beafe8d16,1086,550,04-05-2024,322.56
ec35a50a-6db8-42b6-8c28-885e5a8083e2,1098,547,22-10-2023,717.46
7b8f8a9d-cd6f-4db2-9907-9ebe74edb3e7,1054,511,10-12-2024,1354.88
9d4a7c41-055f-40ff-8746-b11445290543,1055,537,20-02-2024,688.88
a802a4b6-32ae-4bc2-91d9-551e8a4db062,1064,534,16-04-2024,26.85
8b15092e-fb86-461c-b297-17456ff82140,1031,539,12-12-2023,1152.96
7374c575-2167-40c5-9cfc-aa3326fb77cd,1095,546,25-03-2025,450.93
75299769-c9d3-428f-9b29-2317d99190fe,1070,516,14-01-2025,1134
1e26e599-a78b-4fbe-b320-6b8183405fad,1091,540,03-02-2023,332.87
f2e70442-9577-4fae-a9bb-41e8cd70145d,1065,523,02-11-2023,747.69
7c9f0bb7-c81a-4758-bf21-2cd36351280a,1060,507,23-11-2024,1875.52
7520afcf-8bfc-4362-ae4a-2db4404462a3,1012,520,27-09-2024,48.52
2d6ed5a9-18f0-4c8c-9b90-3ce78f11565f,1090,530,09-03-2023,318.39
f0d494d0-8675-4dc3-b675-742d6f839b44,1046,535,26-02-2025,696.68
2435e8b3-e048-4e9d-bdbb-559bbe1d7840,1018,537,13-04-2024,1374.38
cd89c7f8-1254-4fa3-9805-1215c6bc496b,1018,505,22-06-2023,636.85
fb32f4d7-69a5-480d-8e1c-125e0c0fc4b4,1040,511,16-08-2023,1474.88
87e801e4-c37c-4172-b4dc-cb7a7ef93b3d,1087,520,24-11-2023,532.46
ca4ceafb-b4d7-43fc-93a3-5270a17d2469,1080,528,29-06-2023,678.58
2aa24d21-b6c0-4aa1-b09e-c9933b53f049,1094,526,30-05-2024,823.39
d26548f5-5a9c-4770-be87-a70066cfd16e,1009,508,08-07-2023,132.79
8b06e3c1-e13b-43e7-9660-b03692bdd0a4,1035,518,06-10-2023,1343.39
ab07e7ea-2a87-495d-8ff8-448a20d74f21,1092,547,02-02-2024,1863.26
57fb910d-69a9-4223-9a8e-056027f456c6,1038,541,29-09-2023,1645.07
7bacd7f2-2bdd-4be0-b384-fd06ef36f04f,1085,534,13-02-2024,1645.56
ae149dd7-870a-4475-a819-5fa13aad0013,1074,503,07-04-2025,447.12
4b18dfa7-b139-4d08-b686-bb2dfc237de3,1086,539,16-06-2023,1980.55
688c7848-653b-4936-82ed-8d53a427688e,1037,519,08-11-2023,980.74
7f78be97-7dbc-4c4d-80d1-488f3b345535,1034,542,21-10-2024,632.39
947c6144-0b65-4bd4-b035-be20314b475d,1087,527,13-02-2024,341.76
d35df93b-e80d-42ed-95eb-2dbdf3f83c7d,1007,511,13-01-2023,895.65
97cc5bb5-c8b8-450b-80d4-e058d21fb1eb,1027,533,26-04-2023,820.45
9920db14-a684-4445-a128-6a3e5f3c3556,1022,520,31-07-2023,1083.36
55d16d58-e59c-409f-9896-b2121e9bee29,1068,536,23-04-2024,380.91
a11a7dce-6e5d-4433-b62f-e081817bc66f,1071,540,25-07-2024,188.39
bd0ef420-e50c-43cf-acef-6579c5f62437,1079,523,16-03-2025,1571.97
d1fd90a0-1eb5-4056-a660-38fc60c97cd0,1078,521,16-07-2023,1547.27
9c2df0d8-cec9-4361-98a5-92598175133f,1070,504,24-02-2025,1644.29
529aa10e-cb49-4432-bfe9-d4f424f23d74,1007,535,11-06-2023,1911.68
d11c4559-f36f-47e1-93fc-e37a32a053c9,1044,501,06-07-2023,346.25
77ab6d05-72ee-48f9-8898-70c41adefe7e,1011,523,30-01-2024,1266.31
cf0ef9d7-970c-468c-9b0d-602cefdfe94f,1008,514,11-10-2023,662.09
8574c7cb-fa73-428a-87dc-d05a2bb5096a,1084,547,21-05-2023,1430.08
3cfdf195-6c2b-47b0-9d56-a456a2786828,1054,520,28-07-2023,541.84
1ed75f22-3cf3-48b9-b164-b85deea8e638,1013,540,02-08-2024,1027.06
e3a3f831-b41a-4ec4-be46-60219e99502a,1006,512,17-05-2024,1180.4
aeaf1bf8-14c0-4eeb-be9f-b9d328771ab9,1050,523,30-01-2025,1372.18
5fc04cb5-ef49-410e-a3b9-fb93ab0c50c5,1036,518,29-11-2024,1111.37
1d522c2c-40c4-4720-9a2e-9ec9871499f6,1079,508,24-01-2024,611.13
ff886dc9-64d1-41f6-ab18-e269a024a4ce,1059,540,30-07-2024,1119.72
27901ee3-7693-4a2c-96ed-9b6302ccecb5,1050,522,09-08-2023,1600.68
e48af99f-89a7-4702-b8c2-d3bfa8eb3e0f,1052,524,28-06-2024,584.82
101982d2-9c49-436f-958f-9b4cf3bab00a,1008,539,09-01-2024,1805.07
cd217151-026b-4719-a80e-45dc3f0b26c3,1036,505,25-04-2023,1878.22
f88f61ac-7592-4554-8fcc-6300adc985b0,1033,504,06-01-2023,510.24
6ff35dc8-bb23-4685-85c1-a7fc3d0c0330,1047,520,07-03-2024,1987.96
c2580d83-419a-4e5c-9ea8-3785e7604145,1098,523,02-01-2025,1198.72
018e18d9-19e8-4eea-a355-283040ef813b,1036,519,01-12-2024,1702.53
3c750046-0b5e-4730-8143-41b264b3c036,1011,533,02-10-2024,413.52
06867c30-97b7-4625-9865-337eec6a03a8,1085,505,16-11-2024,1734.36
2553220a-6743-4b34-b597-797e9ace3b66,1024,527,10-01-2024,543.96
4182e659-c0d8-433b-904e-6c803b2b5554,1058,528,24-08-2024,1048.57
3919b0dc-b920-4ecd-b55f-d250658308df,1008,548,22-06-2023,1874.11
6febe0f6-64fd-4c54-8585-3736d502f1e6,1040,518,20-05-2023,1281.54
1b2b87be-1bc8-49e1-aad7-2d8deec1c788,1018,543,03-11-2023,1695.32
13cc5cab-0e39-443c-92f4-46e83db8b52b,1041,531,24-11-2024,1320.78
de7282d2-fc2d-49cd-8afc-ef8cfbb876b1,1046,504,19-10-2024,1763.45
7b36e776-e849-4545-8541-273d1b630678,1097,547,24-04-2024,688.93
bc2410a7-310f-4ad3-b07c-893f61f02666,1005,513,16-12-2024,1096.03
6578614b-5a6e-422d-9339-2804442a87f2,1084,540,15-04-2024,385.12
ce2964c1-75cd-4fc5-ae8e-90ea111bee83,1069,507,23-11-2023,166.3
c8fd81ad-c0ab-45e8-906b-0f567f9d9455,1076,542,05-08-2023,746.65
ff1d9c9a-35d2-4355-82c1-816023023c89,1004,531,29-05-2023,313.39
8ae46de5-2bed-4d94-8681-3abac0507d52,1073,539,19-10-2024,1354.27
75141cef-67c3-4b9d-b198-4891d899fe89,1037,507,06-11-2023,925.22
601fe982-3102-4753-9472-eef18c3780eb,1040,503,09-05-2024,166.75
e65c4770-1f56-401f-bc8f-515bec74f846,1044,513,08-11-2024,628.94
c72cc904-c128-421c-a8fd-ff084b7d2127,1083,519,16-10-2023,957.3
bce9c34a-7200-4c16-9319-b916b46f0820,1091,550,19-05-2024,678.09
f23b4b87-cfb0-4fa6-81f4-0f280665af58,1045,508,19-12-2024,1807.75
b0d28df9-4606-42c1-8341-cd96f603d459,1062,516,17-10-2023,113.57
0a6e1dc0-93d4-4911-8b7d-a527b64d1415,1030,501,01-05-2023,576.24
df98bd8b-4a32-40d7-aafd-ad9a022914b6,1004,504,14-06-2024,1781.36
5d28b209-8792-4d1a-a929-3e2a660294c4,1037,504,22-12-2023,759.94
b3297abd-b826-48da-888c-2d11b5fdd5b8,1003,520,20-02-2024,998.39
d124c1de-a8b2-4d25-ad38-974d52544313,1027,513,18-10-2023,672.76
5bb3dc57-3e61-4fab-b129-6e4c3b91b119,1060,547,29-07-2023,187.15
6dc9f28a-965d-4e0f-9ae1-8596a09943a8,1051,535,30-08-2023,1032.85
31a97ca4-3d57-45a7-8854-462409032d82,1088,524,22-04-2024,1835.28
c4d9e061-54e0-4105-88ad-156e68b4087b,1092,501,14-07-2024,1763.77
d3feb7b5-3ea8-4d8c-991d-b8f34856d5fb,1015,506,03-07-2023,1415.05
904ae400-f37b-4b15-9df8-952d0280fd67,1084,520,04-03-2025,157.37
c896e4ac-0848-4202-b647-237c12f5bdf3,1084,550,17-12-2023,1106.12
b6332e6b-f3dc-432c-be52-ee36bab9b66e,1090,501,14-01-2025,230.97
3fa4361e-6b0f-4034-9d34-00033cfe682c,1001,525,22-06-2024,486.45
09baabf8-5357-431b-a407-94d9e3a5ae2b,1071,543,08-04-2023,493.16
cf7107b3-b055-40f1-be39-6bbb39e1a6b2,1035,509,15-07-2023,1076.54
d3636f8a-289d-4bcc-9480-6dd8f50e19f7,1016,533,23-01-2023,720.01
b5b2dd90-ba9c-4ae2-b98a-22c86a8b4482,1011,521,29-10-2024,505.81
af079cc5-539b-4f63-b464-3891f2c5aaeb,1002,540,17-10-2023,316.38
25e0ed0d-7297-4105-869e-088af96c32ff,1066,519,23-05-2023,1089.54
d96ef620-bcdf-4de7-8d04-0091b14ced14,1083,515,19-01-2025,1079.33
50fc7079-459f-4fab-9cc6-4cf62c13cad8,1045,550,03-11-2024,679.8
0956c8df-42dd-4cfd-bdef-f2421d71688c,1093,513,01-03-2025,1268.08
d650ffc8-7833-4dfe-9f87-99c6f65a618a,1015,515,08-12-2023,184.69
bf1a5c55-0c57-4cac-ba9e-7f966e111a78,1098,546,27-03-2025,952.7
b5ed17cf-0669-4dd6-8012-d87a9e1e9313,1092,505,23-11-2023,1683.31
7e59354f-3b53-4337-85b3-4b50a2cf216d,1022,528,06-04-2025,1574.04
4c2707c8-8004-4187-8425-40264f7129c8,1023,549,27-06-2023,1558.35
37ee6b55-7284-48b4-a669-6df80b8caa42,1094,533,21-09-2024,891.17
2de10e0b-4fff-4e6f-aaa5-36a29ded91cf,1087,543,07-12-2024,1965.35
d6444551-206e-4f39-8cdc-be895480ea1b,1019,522,10-12-2024,241.75
f61ebc5e-b8c8-4837-b4e6-4d74c0b12862,1025,545,27-09-2023,90.34
e3f09a25-0e96-4da7-b158-5a0b1f845c90,1097,509,01-12-2024,1472.26
933a3fc2-f6d4-4fac-9b11-5bb1574a2a62,1075,508,12-03-2024,362.81
7c075a92-96bf-4788-9380-16de3ac6f18b,1041,541,12-12-2023,1867.75
6e4d1ff6-5660-4012-9130-be0d769ddc41,1087,548,24-08-2024,534.85
da7189d5-2b92-414e-8d4e-961c55e9e558,1038,549,23-08-2023,1646.21
59e273b0-9ac6-4d00-9ccf-be376bf28107,1013,531,11-05-2023,1844.25
ed823efd-3fe6-4830-8caf-dadcb0d23255,1019,508,24-12-2023,1119.04
2e74af50-4f4e-44e5-b007-6e684da1f523,1083,547,21-02-2024,1328.77
1eac546c-6e35-44be-95e3-de8a9827a8c9,1091,501,10-06-2023,900.87
bcfa2466-490a-4c33-be3e-306b4157ad0a,1016,543,17-02-2024,1822.7
cbf6a938-313b-4927-bf0e-1763e7f36703,1013,532,01-09-2023,1422.12
2d152919-4ed0-4cc2-8c9c-74e89e18775a,1002,504,09-01-2023,888.32
b4866c79-998d-425f-907d-a018e4c8b410,1035,520,25-12-2023,1384.13
9324f590-10a5-4a19-9f08-f6c9dbdf6fd7,1091,550,01-11-2024,1129.64
46661824-e4e8-48e4-a4ff-58a8d3af4f37,1050,526,06-03-2025,1482.65
a1068271-b0ea-4ded-ba50-427484cc1d21,1083,504,02-04-2023,1287.63
e4dcf682-92d8-4973-bb7c-0e3e1117b21c,1031,536,15-05-2023,109.64
9609962a-31f5-481f-acdd-a70c79064076,1097,544,04-02-2023,962.99
22af5380-0466-475c-a4db-1c6dc6dc1e69,1021,504,16-02-2025,1494.11
db91f021-ad82-47bb-a055-645b90a4bce9,1010,524,22-10-2024,1312.26
b481785d-b65b-4748-9d49-bf86be4aa26a,1066,543,11-02-2025,565.2
6fa578a6-b683-400a-85ac-ad1857e56922,1010,537,03-12-2024,790.46
b16da475-09b2-4f31-81f7-137515e56bbf,1092,544,20-10-2023,1913.2
37743f84-f011-4658-a5c5-380174a430c3,1025,513,17-12-2023,1748.25
9e94a6ac-2f80-4008-b2f7-52d22e6c137e,1006,513,14-03-2023,1166.24
f3633134-6674-434f-a387-930bdb808ca3,1085,548,09-08-2024,1262.33
12353fdb-8f38-45a4-9cc6-42de0f4d302d,1087,550,26-02-2025,20.78
53b760bc-5eb8-47f9-86da-ae633ae98a81,1014,511,02-06-2023,59.23
31776e2c-c999-42e3-9f65-43781b02fa64,1005,536,27-05-2024,1916.25
c868cc7b-18f8-4471-8a25-d3c87d4c6f0f,1009,547,05-02-2023,1261.36
03872f1b-cb19-4034-a2b8-e1955452ec6b,1076,542,16-05-2023,741.11
ed4d4858-4074-48a7-8125-5486a82938d6,1016,514,07-01-2023,1519.01
5e50db2e-53e0-42a1-bde0-9871a17c3ddb,1013,540,06-11-2023,474.15
13e69cb2-7f74-48ce-abee-6a8babf5e13e,1037,550,27-06-2024,1475.88
1a0b7bab-6f8b-408a-8fff-2639e6fa1c6f,1067,522,06-08-2024,1142.61
b3a825fc-0331-46d1-8b27-89d510d27cd1,1002,530,03-05-2024,1750.64
3d1c577f-270a-408a-80ad-0bb1c8597a15,1022,522,21-03-2024,269.79
454ef2e8-4d77-4aad-80a2-9de13fac7e83,1068,548,08-09-2023,1592.94
cb454000-fe62-450b-87bf-d2eb9515585e,1034,547,09-12-2024,1635.37
26fb56fe-d5a5-4e10-b7d2-e3f5e604b211,1062,544,04-10-2023,1351.89
9e46d6f3-4d21-4001-adaa-5d9b7d8cd7f0,1012,540,26-02-2025,140.72
594559d9-911d-40c9-adf0-2c6786be8e3b,1056,504,26-07-2023,477.03
30d40952-cce9-4b77-bbd8-1ef6c8613e3c,1080,534,26-05-2023,228.72
992c31cd-6730-4a52-b96e-fa413e052a78,1088,527,16-06-2024,1684.65
f0af1ef5-0fec-4d1a-a2d2-a3c0fb882947,1018,502,10-08-2023,564.77
27a402ac-4e39-4e1a-93da-ea71e48ba45b,1028,514,23-03-2024,1005.32
dc5a5f95-a952-4aa1-801d-def77032a537,1031,522,02-08-2023,748.36
c0fab7d0-5657-4ddd-9b3b-ba7069ef8342,1063,518,23-08-2023,1487.19
d1a737ab-7d77-4e26-9a84-6a35e830400c,1022,533,31-05-2024,815.34
262b2553-94a5-4119-8aee-d3afff87a849,1029,507,24-08-2024,647.21
e6075802-e1eb-47ea-88d8-6c6cb6656012,1098,539,24-05-2024,1260.28
91e92d1c-0292-4bf6-bc04-4db2101cd920,1005,513,27-07-2023,559.67
b50a1f44-9bc6-4a60-abce-722cb0d106b0,1093,539,27-11-2024,629.21
905aff13-e0a0-4fbc-9495-32254e31e25a,1092,506,16-04-2023,1412.85
a8ddedb1-4584-4124-a07d-6535bb0c6970,1040,504,31-03-2024,1898.89
c17fa20a-2e18-46b7-8994-9fb06f3ae8ef,1086,531,17-01-2023,1759.93
e67b176f-e8fe-4650-af12-ed4d0470bcf0,1048,509,24-10-2024,1844.56
1a7d0843-277f-46da-932d-427ce3185fdb,1025,529,06-04-2023,964.36
51837887-a972-49e4-b2cc-ccee704bd229,1053,510,01-02-2024,1568.8
9ce1cf25-6688-4652-b6c4-28c6556b223e,1032,534,04-07-2023,170.6
f3aa8c42-bc54-41de-b22a-80d5d3185883,1082,536,25-05-2024,896.25
47159e59-3b47-4b12-9fbf-1e4e7bc3fef5,1074,542,27-03-2023,831.46
6800bdad-0a6b-45f4-b819-cfd81cc3d838,1053,547,13-01-2024,1674.51
fce1f32c-be75-4c2e-8d1d-6d97c33ea0aa,1064,527,20-12-2024,1796.66
51ec9433-2796-4c41-85a3-f2ad8fc9e1e9,1038,533,01-09-2024,1868.4
6806cef0-4f42-455c-a805-966afc4e69ab,1017,515,14-05-2023,67.7
d20bf21b-a517-46ed-9978-0197aaa10c7d,1022,533,17-04-2023,1786.52
afc4e2bf-fe3f-445e-a873-081ad1f1d659,1064,502,19-07-2024,893.91
cb29974a-9c85-4725-9a44-a951aa1e241c,1072,537,06-02-2025,978.14
c4ae3907-a5b6-4b09-b196-88ec188fbd10,1036,516,19-05-2024,1079.3
422321a2-ab07-4621-a06f-b0532e64be15,1045,548,08-05-2024,1393.89
8fc9ee59-7f11-4644-ab14-d15ec0971c08,1100,515,23-11-2023,198.3
bb19986c-0ebb-4395-9e9a-b79de722fd37,1079,537,12-10-2023,1582.76
f870e37d-397b-486b-a439-2af628079225,1061,527,11-09-2024,1006.26
04a8379e-c96f-41cb-a35e-4ae9b3afd890,1092,532,13-01-2024,1487.76
2bf19547-eaa9-4001-ae28-37574d24781d,1074,547,06-01-2025,1938.87
d487f45e-e426-4a1d-9d9d-818259c54dd1,1087,517,18-05-2023,166.06
5e8a2f12-2318-4737-a3d6-84a472f4e143,1069,539,10-08-2023,732.36
0da09ccb-d76a-4cd0-b428-71f406ca8a93,1071,535,28-08-2023,1336.54
413dbfd7-93ee-4c98-b261-f48de299c4e6,1092,542,02-01-2023,229.22
7756708b-3246-44f2-94ad-98428ad551e9,1034,511,10-06-2024,692.16
4412be34-5584-4dcb-9d2b-04eb62973f2e,1028,542,16-07-2023,272.92
ac7535cc-97d2-4874-9834-f7475fcd902c,1055,518,10-03-2023,1835.72
ce302d2a-b946-4f63-a20c-b7b8ed82b5f9,1093,534,05-07-2024,1949.43
8cda365c-f1d6-46ea-b075-cf4d9dba5a39,1030,548,01-03-2023,546
b2723d44-2c46-4e7e-82c4-844b5ba13e11,1093,549,17-02-2025,1201.76
da4e3500-b939-4355-a8ba-669dcae323bc,1036,513,09-07-2024,235.54
08f86cc0-a316-4bbc-96a9-ea445a7f5904,1065,540,03-08-2023,1592.35
5cbaf9a8-25c4-4879-b90b-8e0052a511cc,1005,532,25-11-2023,348.01
ce439753-6d1e-472b-8c89-a2ca8894084f,1089,545,19-07-2024,256.16
8dfb7a0d-157b-4db5-852e-1b7eba03f4fb,1061,542,15-06-2024,1924.81
c0ce27db-cb30-4fdf-89ca-5e0dc45b46c0,1099,505,19-01-2025,380.84
f4a3c4ed-a25c-4eab-a3f4-7a664b1e4576,1060,526,11-07-2023,446.81
ca4ef940-c44f-4c0d-b95d-36800ce937c0,1092,530,17-03-2024,789.47
fe23fc9d-faf3-4ee5-a6a4-e99384b7445a,1065,547,29-05-2024,1322.28
ae9409c8-7a04-4097-90df-7249a8f92085,1063,519,27-07-2023,925.37
719c2e2a-8c78-43ee-a548-ce3c90b92fe9,1035,520,01-10-2023,382.51
a4cc3692-3f97-45a7-8abc-9e8271cdca8f,1031,501,31-07-2023,1316.53
fdfea74c-0ac2-4d70-bdf4-ccd968d9065c,1003,527,12-05-2023,74.36
287637d3-67b2-4d1e-8297-75bdefba6c45,1048,532,03-04-2025,126.91
35ba9ecc-ef0d-4e49-92ce-dae082d3ed15,1092,514,28-07-2023,1822.84
8c733280-aaba-4097-be1e-ea7f04c53a1b,1022,528,21-10-2023,692.88
b4b15281-f7a2-4b32-9598-1175abd906ca,1019,546,11-02-2024,974.34
7f66c87e-0258-44ab-a892-61666765caf3,1024,519,26-04-2023,212.14
17b3d38b-cb96-43ad-9026-e1dd501728db,1031,527,17-05-2024,845.36
4a0bf7ed-bc28-48a6-8eb7-c3c9c9b57454,1062,545,18-05-2023,388.42
efd0013f-aaf1-4543-b593-fa222c2364a3,1011,550,17-10-2023,1338.61
4ffbc9d7-537d-4d8c-8109-dc8bd60fbf7f,1063,508,10-05-2023,1791.89
7a4fae5f-220a-4b7c-a2c8-01e36491354d,1040,531,19-08-2023,1957.7
f4ec44ed-e08f-4d95-813b-8eb5030b9756,1068,523,30-01-2023,816.37
413047de-363f-4782-a9c6-c29dbf88bac0,1096,542,01-11-2023,1100.18
3597fba9-e50a-451a-b4d8-b079cdc2a5bf,1066,530,29-07-2024,935.68
e0269f9e-f1d7-4533-b8b4-c5b706b7bfff,1061,537,25-11-2023,488.19
d4dac497-ec4f-4d5d-bd68-7e460fc2ca4c,1022,542,15-10-2024,1876.53
336dd0f4-f2fe-4a36-8803-761e36aaa979,1069,501,27-04-2023,1577.66
de65cb12-c635-48e5-8705-9d0558c5a1be,1097,517,17-12-2024,30.6
bf4c908a-72b3-4c31-b19e-38c57fe23c7b,1013,509,02-06-2023,1660.97
d0b9d8ed-d058-4d49-852d-ecb61be7c87f,1014,520,03-04-2023,1335.73
f71e6a43-fad9-414c-bb50-5e888b78ce42,1092,521,08-01-2023,536.31
863b8007-e0d3-46ab-a6e6-45827ab6b0d6,1012,545,14-06-2023,1770.24
3c2b86c4-c5d7-4221-b47a-c4db8e3687cf,1085,545,07-06-2023,1675.53
f107b333-dbf4-46b9-a2d7-2402401254ef,1086,522,06-02-2025,871.82
401cdbc4-6535-44ff-98ed-25cf2fb3aa23,1068,510,22-03-2023,764.67
034c047e-cf99-4109-ade2-6a237c42f9a3,1009,538,05-04-2024,734.05
07a91110-9dcb-40bf-a88d-97e1a831e9d3,1009,505,29-04-2023,791.96
0c47e376-6a84-4da0-944d-2f9762960f14,1057,527,29-08-2024,1977.53
ce2faa6d-4779-4ab8-ad8b-50cccafc9441,1047,547,09-10-2023,1706.04
fe013f8a-4306-48fd-8dd9-13f305f59ff6,1077,518,11-02-2023,503.31
73c82c31-3a7c-4442-a02c-68e4b5dc9034,1003,513,22-08-2024,577.1
b610ad43-db5f-4bc0-8d8b-675690af706a,1037,512,08-11-2023,1706.68
e30da3c6-85c2-4788-9a05-9f50c6cd616b,1083,544,26-01-2023,1436.57
cb5213cc-5322-42ef-9eac-09e3b48d21a8,1082,502,27-01-2024,1481.76
5528399e-854a-4a07-bab2-1880007687ac,1054,536,22-04-2024,1148.72
0bedc515-e1ac-423b-b375-97a3dfafb999,1011,510,27-06-2023,713.42
a7945084-0250-4819-a126-df3c27665d37,1032,516,01-03-2024,1377.81
f42310c0-7335-42b4-98ac-183d53756cc8,1067,541,27-05-2023,395.04
aa965f9a-2ca6-4996-961f-38d8756ff742,1009,549,23-01-2025,1251.91
ce54ab02-baf1-4dd3-8d8e-95dcccb0e866,1079,514,07-07-2024,1530.97
fce56722-859a-42ab-b0a9-19ee05393c21,1036,538,05-04-2025,1842.79
4b71640b-701d-41a0-8429-256dc84ab891,1031,527,06-08-2024,1016.65
eb3530f6-efbe-45e5-963d-2abf943ffd0f,1071,522,07-03-2024,473.38
f3c85a8e-f746-4f02-82a5-900270991154,1087,549,16-01-2024,959.01
ecbcfa75-d750-43cd-a9e4-26b6bcfb6cd4,1026,545,29-10-2023,724.7
702848d4-3cba-4bcc-994b-64d4c3c4ef59,1071,509,25-03-2023,1723.51
6a9ec5a7-076f-41f6-9fa7-fd84f1171f27,1013,519,03-03-2025,389.08
c3061c58-c9ee-4f2d-b377-ce720ceb9e23,1013,514,27-03-2023,1185.27
8af32935-6473-4f91-a264-7ba9e6b41a9f,1014,520,28-09-2024,757.52
9d7c9190-b04d-433a-a16f-cca37c38eada,1100,540,12-07-2023,1613.05
ffee1c92-c7d3-4af4-a57f-25091ef73322,1015,518,27-08-2023,1461.94
b28cd08a-c19e-48a3-a13c-a75332905980,1046,529,22-05-2024,80.74
87a3ce0b-847d-415c-a3f9-d597070ca06a,1054,535,08-05-2024,665.2
4efda020-a960-4f55-9993-18c683d7d631,1075,522,04-10-2023,1812.32
d026f7b9-be72-4bc2-93c7-470ab3a02ead,1046,513,22-05-2023,1797.95
42229de1-fed5-4ade-85bd-35742a81909c,1018,543,03-03-2025,620.3
e3b86b9f-0ba0-4b9e-9576-fc0c29817619,1006,506,10-04-2024,55.96
7c8cc1c3-0aa9-4419-aa4c-69380672dd2a,1076,536,05-04-2024,823.54
ccbd2920-1056-43be-a879-faf3218b430c,1037,523,15-02-2023,1324.67
5e4fea73-26cb-4051-827a-e1d4af117c5e,1089,541,26-11-2023,1891.67
288c803e-837a-4958-af3d-cf571343250e,1007,543,04-08-2023,876.17
f0fefc64-0fc0-4812-bf27-031d320c8f00,1062,531,10-05-2023,1283.77
393ffd82-2e26-4e64-b4ca-5fad5de12bc3,1016,533,14-10-2023,1665.46
d303a9a0-a514-4b5f-bf08-9ac163d7e913,1023,524,15-11-2023,92.59
bfc2be47-7af7-4b59-ad02-cdcf8bf5c296,1077,513,25-08-2023,799.6
b49333a1-51f8-4ffd-9410-0554feed059b,1010,528,02-09-2024,1066.68
d9b85590-057f-442d-be63-d1a5d8e26149,1066,519,28-01-2023,206.5
eca46dd5-589a-42a0-9d82-7e3ad20da80a,1083,547,30-10-2023,1938.31
8c641e0e-8d7a-4822-8e1d-fc8c590968c0,1038,546,23-02-2024,1653.54
a471eea5-e1fa-4cf9-af42-7eb4c75ad77e,1024,545,18-03-2025,1739.69
88e56d80-80e6-4db7-9163-236043f7ac4a,1097,548,02-12-2023,1223.83
20323557-b02b-4d03-91eb-0b0635f61217,1034,549,17-03-2024,1587.72
524d5ed4-cee4-4d54-86d7-0d790fb53c90,1063,514,04-03-2023,213.95
d20d9c4c-2140-4009-a389-a67e0c7ac290,1096,506,04-08-2024,422.78
2bacb9c5-3307-49db-9a2f-baae93dd337b,1087,535,03-02-2025,1628.15
ab667d0e-e1e6-495a-830e-5015d106c3cc,1054,545,24-09-2023,1658.82
244a573e-0223-4a1b-878d-97f70b45fc3e,1059,508,22-07-2024,389.62
47d7cd56-4af0-4e9d-b034-203a6d53c069,1016,526,29-10-2024,1021.31
690f4928-e117-49f6-aba9-46740b30b959,1034,513,10-05-2024,886.72
77fd0bf8-9270-490a-b461-e3c108ee1422,1046,531,12-01-2023,87.31
f98e53b2-cb40-4b7d-b9fb-1830843c8e37,1078,501,11-07-2024,563.31
c8086c04-f239-48c7-9106-4e6fc142dd35,1074,537,15-11-2023,1841.09
33fb11ad-7276-4ef9-b8cc-600b567e68ab,1077,514,26-08-2024,1116.78
f022aff7-edbd-4409-945d-b74f0a6d4b8e,1048,526,13-10-2024,1103.52
b47a5ca3-ed31-4eed-84f7-14237c88e66d,1047,531,28-10-2024,380.53
b184c889-2a4a-422e-a606-c4cb46f6aae0,1087,505,07-06-2023,136.03
ad2aaaee-ea9e-43fd-b6d0-8d2cb190d652,1015,503,27-02-2025,1174.64
8c76d5ce-ea43-4c23-aad0-51020805d350,1092,538,23-05-2024,262.71
fa18c058-86ff-41b1-b324-05c999526501,1048,513,24-06-2023,875.79
b796ee9b-b36e-47cf-a4bb-5dd3561ada36,1067,503,31-07-2024,1069.82
82ee72b0-63f3-4564-ba11-d2a511d5ee15,1029,509,18-01-2025,46.69
99edbcbb-bf22-4a30-bb81-009198e94afb,1013,521,26-08-2024,1187.02
3dc48ae0-6f26-4738-9e23-5ba735f7fc86,1063,516,03-09-2023,585.15
21475266-a2cb-43c4-92f7-cbd441e76df4,1085,517,07-07-2024,472.95
8a35023b-98b0-4734-916c-20827c430ecf,1027,516,14-08-2023,985.4
dcfa2c12-9307-47af-9ba1-89db34453ca4,1084,506,18-08-2024,1100.59
4bd2e63b-ed14-43fa-bee6-c85ab105386e,1068,504,10-03-2023,1211.67
629f10ae-4651-4d55-ba24-f4d682be3873,1042,523,17-05-2024,1722.82
220ed96e-9bbe-43e2-9ad9-4ec2a202bf6b,1044,544,18-02-2023,1624.03
6f9f1482-172d-4a2d-b33a-074aca4f74c6,1098,548,27-10-2023,1035.23
de002c0c-0a6c-4d93-8d1a-ef98433fec84,1029,547,20-08-2024,883.81
57e11919-5683-47f1-877e-639056be99a5,1030,542,12-02-2025,1533.55
59623108-fb8d-4e5f-94cf-d6f3d3ea15bf,1073,546,26-07-2023,1011.81
624801f9-f1d9-415c-ae37-ef75afcb5a1c,1063,510,17-07-2024,648.1
5b7d63d4-9810-4d2f-bff9-e9d1dc262c5a,1090,532,30-06-2023,1596.93
28af6add-0452-4e3a-92f0-89c26f752045,1062,520,30-01-2025,463.82
f55df2c5-a451-48fb-b762-c9d70e621f9a,1049,522,27-12-2024,697.49
bd46ce6f-2eb7-4cdd-8f98-f321b188aa46,1008,534,28-04-2024,42
4b5722a0-54a1-4ac0-a5f8-253f85663499,1021,532,11-12-2023,1389.09
4bc7dda0-459f-4ab6-8fa9-a0f0aecfdba5,1093,526,27-10-2023,273.14
da819bb0-651d-4c1b-bf45-8e5cd320a28a,1043,510,22-09-2024,732.7
2590ff8f-45fc-4efa-81c6-4c1803efacd8,1008,509,13-01-2023,1065.27
a1244502-fbfa-4eb3-b424-9f55f600f596,1056,535,06-12-2023,952.17
cdc6a2e2-4c5c-48fb-98a9-7da36acd3add,1091,506,08-01-2024,1734.92
a358b827-7d85-48df-a428-4eaf1c368b9f,1073,527,21-06-2023,1458.75
f2ea0df1-2e53-4f1e-8bd2-e22c4a09c535,1028,506,13-12-2024,1158.89
5a8c5214-b2b1-49ac-a467-9d9a7e58a6da,1052,530,21-07-2024,1280.64
acd6ee30-2712-48ec-b545-e054cde56aef,1027,531,29-08-2023,145.33
0838d982-4f99-455b-8944-b398818a9c24,1027,548,05-03-2024,433.38
528a3f85-e079-4ee5-80f1-369be05515aa,1093,545,17-04-2024,867.82
e26d0622-2cb8-4866-8f35-5f9e4908cfc9,1011,527,04-12-2024,1522.46
0d5be320-5008-44ce-9bf9-2049f45eb999,1079,507,26-02-2024,1766.09
d2e14aa6-fb92-4fce-9e2c-68f4abb1ab5a,1040,509,06-11-2024,1355.51
5d5dbe3b-d2af-4a39-b39d-06231077cb2d,1007,549,30-12-2023,1661.78
5e2116ab-7e52-4d77-a462-bc87d51ac941,1071,537,07-03-2025,298.55
95d94ba8-499a-484f-88a0-663eff75ff98,1030,510,19-03-2023,1464.3
e7782183-6df4-48b1-b297-922ec983529d,1028,510,08-05-2023,1084.49
b67ad474-5b47-49b7-a599-34bd119a6a7c,1030,530,19-01-2023,893
8e51fbbc-a71c-4581-977f-443c49370bf3,1045,548,06-11-2024,481.02
0f5b2528-2148-496f-9a6c-7f601f38b634,1100,510,23-08-2023,722.64
cb704443-9d90-4d32-bb37-e9fd63838d92,1092,518,21-07-2023,861.5
70dcfae0-3fa7-4c1b-b489-d89c6fe26173,1034,501,29-04-2024,203.11
33ea0e4e-f5f2-4107-b242-c3f81f08d770,1032,535,03-05-2024,226.83
c7cb1411-2970-48f5-95fa-345135e65ff6,1021,548,20-08-2023,318.88
24a7e7ac-f4ee-4c97-bc81-f054ba67dd02,1042,529,05-12-2023,372.29
b809ae79-12d6-4e81-8216-52a1bf71622e,1094,526,06-03-2023,913.34
2c70ff26-7a77-460b-9d0f-b3e3557a4d9f,1064,549,03-12-2023,145.57
9b15379f-c083-4c1f-a3ba-50808d09e901,1029,548,01-09-2024,283.93
2c8cd9ae-0b1c-4d0f-af5d-19e49e4c9aee,1031,527,30-11-2024,1266.95
e0c42fc6-a260-4e27-9941-6c7fb593f46e,1002,543,14-04-2023,164.4
e50813aa-16b4-4e30-bb18-2976be3cc1ac,1096,515,03-07-2024,1448.69
bdd889e3-3042-4b36-a604-382ce4594b9f,1060,501,10-12-2024,1648
823c7657-1deb-4d7b-b87c-e6963ee7f957,1090,539,09-03-2024,294.16
b711f081-25af-4837-b7be-07a1fef3b4d0,1088,515,15-07-2023,1411.71
12cd8f87-cb67-46df-9769-f7f2e9595c9b,1098,547,19-10-2024,127.47
8e194f93-7d18-46ba-8df1-079232df1a9a,1071,542,01-03-2024,156.39
98fffd43-dabd-40a5-adc0-bed1606f7c04,1042,547,08-03-2024,648.46
bf02f043-fa07-400e-b146-b453e4a3085f,1094,536,18-06-2024,814.41
15e222e6-8034-4658-a0dd-d38b5635c330,1080,530,02-04-2025,528.2
0453dabe-c6f2-4161-b911-524acace06fa,1001,508,23-02-2023,1126.83
4b70a03c-fa1f-46bd-a1c6-5ebd1ad28a69,1001,535,11-02-2023,694.43
099e9ba2-3436-40d3-966f-faa63da35c27,1063,542,05-04-2025,1731.69
60f8449e-af30-4fe2-8d58-ca4d07e1b0a8,1085,541,11-03-2025,1736.45
8822ea15-0a7a-4ecf-9719-d5982f78265a,1087,541,06-12-2023,1210.16
bf5dea0b-33aa-4044-954a-2bd4e9f577db,1020,507,13-07-2024,1345.45
1a3e857d-3699-4b8d-9d92-be39b004eac8,1045,523,07-12-2024,1296.36
c90d32c2-2215-4ee2-9ff4-422953f31073,1067,535,18-05-2023,1652.4
fbf167af-8cdf-4063-a1b9-5254c12ba233,1013,516,21-05-2023,1874.36
4482ca07-442d-471f-bbba-9aa0046b1f39,1097,539,29-11-2024,318.78
3ba0e82f-4976-406c-90fb-4dd9fcb8d52b,1038,541,02-04-2024,312.61
76946a46-092c-474f-9336-af11d2df6a70,1042,505,05-01-2025,1658.52
f28a1ac5-1717-4ed6-8640-ed663be2c8c6,1017,544,05-10-2023,1471.14
e232e12d-d24a-4f87-8c92-f0ee08368a61,1043,531,20-03-2024,601.78
26e4fdcd-f81d-4cb7-bf21-15d32f5ed79b,1028,502,31-10-2024,186.95
79601ece-1a7f-4884-b8ea-e76a1f8b166e,1032,524,17-02-2023,1971.52
6575456a-dbc2-4f2c-a631-d544bf5c1dbe,1021,502,17-05-2023,634.88
7dcf28fe-1bdb-4558-bcaa-24d20f910c51,1088,532,15-10-2024,936.65
8f1df9cd-ade2-4ca7-af26-1b9af21e1325,1042,545,08-08-2023,702.43
94804502-2011-4f47-b92b-8ac668947afa,1036,532,21-02-2023,1448.52
f940ccc1-b176-4ca6-872b-96877a927a07,1096,548,13-12-2024,1352.33
908c4897-8220-4ebe-bdc2-7cd2bfc05de3,1093,504,26-02-2025,539.99
6f698da5-f1e2-46ce-abc0-d108feec6dfa,1027,516,29-03-2023,1607.21
08aa74d6-f1d0-4be9-950b-44f2fca29e24,1065,503,26-10-2023,183.67
880c75ba-46b1-42ad-8b3b-f07653cbba7b,1036,535,15-10-2024,967.72
6652a0e9-a54b-4afb-b7a8-7b2289128a94,1031,531,09-12-2024,1809.55
971e4117-7a92-4592-a05f-f4e77338c7dc,1098,518,13-03-2025,815.16
ef0bd13f-011f-46cf-8d96-589e293fea62,1005,506,14-08-2023,1104.47
765c14f8-83ff-4757-b0c2-4f685de1e0eb,1006,514,30-08-2024,1427.13
6627e694-1d3b-4fb0-b189-db26a726f191,1014,534,08-01-2023,26.25
5ef91b63-dfb0-47d1-9003-599aa35afbe4,1017,539,12-12-2023,280.79
05be170e-3443-4b7e-8217-973da9482b6a,1020,535,29-12-2024,1816.32
ca2e0fb5-3ccc-4300-b039-97df11cea6aa,1088,527,19-03-2025,1971.52
9d2a981e-3103-4b83-b608-83b5333d9eac,1067,518,19-01-2025,841.23
5f44c630-863c-4c0c-91be-df6f18f393d6,1035,508,08-07-2023,748.06
39d4c31b-fcf6-40df-9aff-100082edfa7b,1083,528,03-02-2023,490.27
54d51d8a-9c37-456f-ade9-cbb52a266437,1035,505,27-03-2024,1011.02
dd556e8a-b42b-49cc-824d-e9d834acbcca,1078,501,19-08-2024,103.95
d51a4251-c20e-486f-b8e8-381d7dce1e62,1009,511,18-03-2024,1323.05
9238a9c8-4d3a-44ee-8260-0524611f6428,1097,507,18-03-2023,1487.24
eadf6b70-f55c-4fdb-8e84-ce85bffba5d4,1050,540,27-03-2023,1926.3
42fce184-e805-4475-a079-0da4a19283ec,1051,546,28-03-2024,57.18
077c9eb3-80ad-453e-a79e-57010921bbd8,1071,537,15-05-2023,1318.63
08b97c71-e0e7-4f47-998f-fc30a40af169,1091,520,22-09-2023,312.26
2c11f569-445c-499b-bcca-d9427a60c60e,1088,510,10-04-2024,1032.74
a2e05afa-9cf6-47b7-a2a8-1ddd0ef54899,1076,540,05-12-2024,452.74
a0e668de-b613-4904-8594-631c8f8029f6,1081,508,30-04-2023,818.4
602c1e9c-dcee-460a-ad4d-b8a68a65d7eb,1090,532,21-08-2024,92.36
6dcac293-7042-41bd-926d-53de7c9b0ad9,1084,524,02-05-2023,1985.59
4f69c21d-1b31-4e21-a461-9f40ae9c6bf0,1067,541,08-05-2024,166.25
edc72255-e8bf-48df-99d1-44fd062ad14a,1016,519,05-02-2023,1338.62
cd74481c-d222-4c29-b6d1-68f6777af45d,1008,518,30-12-2023,948.13
5f3e8aff-2122-4fe4-a3b1-34b83da5ced7,1048,515,23-06-2024,651.56
de4359c0-9e2d-4515-9e36-8a7bbded5f1b,1040,517,28-07-2023,570.05
d7f13c91-a9ce-4a5d-83fd-c15253ae3faa,1024,547,30-03-2025,767.15
c182521c-1274-42f4-b0df-d2ebf86db883,1070,510,13-09-2024,149.63
5a9e5d80-e0cf-4828-a4f5-a7fae7a558f6,1094,526,08-06-2023,1295.66
58be6cdb-6347-4a18-9242-9d94a5666b3d,1042,545,29-03-2024,1445.2
3db04d3a-542a-4f17-bafa-8dac32e98512,1032,521,26-04-2024,1676.14
26144e9c-6768-47c1-8f65-64d1656af580,1037,515,14-06-2023,504.09
6b698d37-e756-458b-b7f5-9dd2e2d22910,1032,507,20-01-2023,342.36
39d0a8b3-b0b3-4511-89d4-273b8da04574,1045,550,30-03-2025,1879.87
034f8dc1-6353-4228-8ee0-7d68b2a19b54,1046,501,16-04-2024,1632.68
40a750f0-5feb-4c8e-908b-29516677c8b9,1075,530,01-12-2024,861.88
f3291f38-03ec-4cf4-9a4e-0597a93e25ea,1073,544,19-12-2024,1240.79
141c02be-bb51-4c4a-873d-6303b8be1472,1084,531,16-02-2024,1060.19
dc0ab747-e1ca-474d-bf3a-7f2448128693,1081,521,15-02-2024,756.68
1ea14b65-7768-4c6b-8c11-8b1b284b0670,1054,549,07-04-2025,1025.6
eefa47a8-9a06-4c1e-bb58-ae55c3acd346,1097,533,02-11-2023,888.31
e8f98830-adee-42ad-8e6e-d212cd8151f1,1100,545,14-03-2024,373.16
6f6ea874-f759-45fa-ba12-bbcde6732396,1089,543,18-02-2023,370.82
f6d2e97c-57f4-4db1-8c91-7a8fed895b39,1099,507,24-08-2023,236.36
4b9e4eeb-e3a0-4c17-8783-4a578a630ea1,1055,543,05-07-2023,1215.77
cacae9e0-fd54-4f7f-87b4-3d115385d261,1092,520,21-06-2023,1675.36
f0ac17fb-c5fd-4885-a2b7-3a749dcbe6da,1087,512,02-11-2024,421.13
21e5cd66-dcc5-4c2a-8eec-0e970f223983,1039,501,01-11-2024,316.13
459436e6-6a1a-417e-9813-d900f29f2a93,1004,503,25-10-2023,1260.58
3e91cf33-b216-40c7-8fb2-663fccb9e35c,1041,502,26-10-2024,1759.67
ab402eb0-12f8-4669-a900-319c8c60d632,1091,520,04-02-2025,292.78
5cce7150-2597-4a18-9b63-e76feb01c5ad,1031,508,07-08-2023,436.61
35ef4375-4400-4b6b-9bdd-0f02929a7990,1015,515,01-01-2023,1350.47
222720c9-6bfa-42f4-bd9b-9293126d99a4,1040,534,21-11-2024,1134.07
f6beae79-96b0-44dc-abf6-10aaf293fcd4,1052,523,30-03-2023,1213.11
bdf0d2e0-999d-4c7f-91a8-b65db9681322,1060,542,27-07-2023,602.16
e3193e4d-1e8b-49cf-8892-ec26056140f0,1044,543,26-05-2023,1274.78
c38bcecf-98b6-49e3-94cc-931858259b46,1012,511,08-01-2024,201.79
6b020881-3af0-453d-b11c-095332104aef,1091,520,24-12-2023,1484.1
d7b1d298-6469-4f5a-89b4-cec1cc95282a,1061,502,12-11-2023,512.86
8a45774f-1acd-4a42-8803-3e91518926eb,1004,540,26-04-2024,766.22
256ba932-8639-457b-960c-068685606ff1,1052,515,11-03-2025,125.19
95181fbb-3cc6-4305-8377-b2dd0363173d,1055,514,24-05-2024,830.18
91452ae7-f4aa-4aa6-8de6-080d537aa8f2,1028,521,29-01-2023,1278.31
f2901acb-bdcb-43e1-a4eb-d5f18a15b17f,1009,519,18-05-2024,41.94
e6f934b8-0dfe-474a-8858-b182511936b7,1017,531,06-01-2023,1397.56
3bb5f452-04ab-4359-b028-2e72b1dde53f,1036,535,07-04-2024,518.43
9cca8188-73d2-4682-878c-e8512a64b88c,1019,536,10-07-2024,1129.88
f0c0ca22-6808-4057-ac18-5ec743b799ff,1078,533,30-11-2023,1889.87
777c27c1-e7ad-4a86-a31c-d29d6bcfcfff,1038,506,29-09-2023,1003.27
dbcb7b76-ee81-4297-891a-8ac321303b51,1061,504,01-11-2023,1238
6ca2bb4f-e3ec-4e5d-9d1b-0505c1d59dc5,1079,534,03-10-2024,725.62
909240ed-b84b-47f0-9868-6eaa61cb92e8,1023,543,11-08-2024,231.12
bc7c6d71-df14-440e-82ce-365668a5c283,1046,527,10-10-2024,1564.95
edffa742-b7c5-45a3-88f6-9d2608623f4a,1084,547,18-11-2024,728.65
ee3abf5c-65eb-4a00-b0a2-7c100fcf0d0b,1001,505,12-06-2024,133.57
e951fad9-fc56-414c-b227-111f9702f8e6,1004,532,17-08-2023,1637.07
d9f50d86-35d5-42a3-9123-3cca5c7e0918,1034,528,09-03-2025,1932.27
4ebd83ae-74ee-4373-aca6-2873e8e726a6,1035,528,25-09-2024,516.67
8876711f-6622-4446-af9d-fb98683b458f,1016,504,30-03-2025,1052.65
a690ea02-c214-4fd6-8188-ddfe5096dbf2,1087,535,28-07-2023,273.57
c7e6da91-cf6d-4737-8c03-561aa450b36b,1026,525,25-01-2023,342.96
d15c300a-1cec-4dcc-b4d4-c85d3d231902,1053,517,23-01-2025,1398.84
0b49262c-9402-49c9-9fd7-1ab85b697ca6,1023,516,02-08-2024,426.76
bfc1d5ad-cdcf-4332-b311-4f4d7606815d,1055,510,13-12-2023,1403.01
809ab17b-8121-40bf-81b4-d142795e0a5b,1056,524,13-10-2023,1578.48
85913916-9598-4a0b-9b86-23ba14e2da13,1036,518,07-09-2023,1161.3
2f85e822-1e71-4588-87dc-1029d2e64649,1063,545,30-09-2024,1260.7
66a96c25-667c-4d6c-8b7b-8b0dd0bf8ba7,1045,536,24-02-2023,1254.35
8793372d-c56f-4068-9db8-7c091a86b30c,1075,534,04-06-2024,1038.68
5b2c6a89-ff06-4b69-aab9-991da6036a28,1036,523,17-01-2023,571.58
84a66723-d6a7-49e8-bb8d-367f71e162b4,1060,540,09-06-2023,92.14
5b680a2f-c1e4-4084-8443-86215346984b,1034,521,13-01-2024,520.15
3f5d2311-cdf0-479c-b5dc-2c4985223180,1096,515,22-05-2023,128.74
7dcb9589-f6eb-43a4-aa49-f8bf7743f157,1016,519,03-05-2024,1799.36
1882d0b3-11be-4bef-97ab-6cdf39ad1a11,1044,531,12-04-2023,956.18
5f6b5833-c20e-458d-b705-4da661dc3f05,1019,550,25-04-2024,829.63
3ba97b4e-bfc9-4213-b3d6-09da2182a71c,1048,542,04-11-2023,1260.4
e09bc7f5-6381-47d4-8362-2cacc1c596a4,1021,506,03-07-2023,136.99
2a832c60-be06-418b-b0eb-708918df51e6,1006,506,19-01-2024,1033.54
c5134229-c46b-4f7b-ba46-808e2a7738df,1077,525,27-01-2023,1259.66
94cac9ba-62f9-4d59-bcef-f49332e9880f,1069,504,17-03-2024,1479.63
23f6bda6-67ce-46fe-b433-818a0d2e2687,1064,531,29-12-2023,553.54
b2464d75-8863-48de-b7b7-1263f6078cb1,1029,530,08-09-2023,605.01
b80b9e48-178e-4331-8494-55f56063c1cc,1015,542,27-07-2024,881.62
deea2cc4-3dc7-4431-ac56-53c40092bf39,1031,541,27-08-2024,405.95
10a82a87-1735-45f6-884a-3bf003e4a7ad,1017,520,06-10-2023,326.18
d0e168cf-9c1f-4432-9246-88e48471b4d6,1015,501,29-03-2023,1155.55
c14532fa-4713-4cb6-9c59-c630d3778196,1039,545,25-12-2023,391.67
1a9a86df-0062-48f7-8ab9-b6a2d35640ba,1097,538,17-10-2023,235.55
fc940d17-86cd-4dc4-86fc-550fbcb7ae1d,1007,513,16-02-2023,1018.97
6f812e9b-246e-4c53-a867-866569d5aaca,1012,534,22-01-2025,529.04
573301eb-06db-4813-9a6e-859147cb5b98,1100,508,04-10-2023,816.46
dae2ba92-6653-4be2-8137-0d00a41023cf,1020,524,30-04-2024,520.6
b16f33bb-0472-4372-a5fa-ddc7f761be54,1049,546,22-08-2024,1383.17
13583810-bff4-4c7d-befa-64cf27b1dd8f,1017,546,05-12-2023,1685.92
6eab6f2e-4bab-4982-b5f8-de551ffc5b13,1002,533,08-06-2024,1423.38
d88c19e4-6bb5-47ad-bd0c-3bb4b260ab0e,1097,518,29-06-2023,1988.6
609670ce-f6a0-41d5-bf3c-a70edc491469,1004,521,01-07-2024,829.27
4eceddf8-c19c-42b9-8c9a-eae7de2ce72f,1045,529,15-06-2023,1577.26
3b7bf300-5491-434b-912f-47a2d9de14c0,1048,524,23-01-2025,1170.9
0afff2a7-cefd-4da1-8d0a-f4e18f1896ac,1055,524,14-11-2023,1890.22
42eaa0f1-4d72-4a3b-8909-482bcc77a8ad,1002,507,03-05-2023,1392.92
2f2b1fdc-5cf7-463b-9c31-fa61742547a3,1001,534,29-05-2023,1592.49
3e824b3f-a045-488e-ac0b-36c5a1ed74b2,1065,548,02-01-2025,894.97
835766fe-c3d2-464c-9e03-bfedfab4db11,1001,536,16-03-2023,728.96
aa891398-8553-4397-ad46-9dd4c1c9cc97,1087,522,27-11-2024,414.67
ddb2dae2-846a-4592-9706-8365957e3b17,1090,540,30-03-2025,1090.02
14f4766b-f9c9-4f92-bdee-3fa3d9258167,1009,501,06-03-2025,1671.05
f6762f0c-a6cf-4cad-9f73-3f6dbeaef144,1099,536,01-11-2023,51.36
42878153-5b24-429d-9781-0d4b54963e3f,1084,539,08-12-2023,1796.94
b9280dca-db22-4538-8067-9282ce23fcc5,1012,547,05-03-2023,252.08
7569da14-c4b8-4110-ad5b-a883b3afe25c,1042,501,20-04-2024,1272.53
56c5601b-9fba-4658-a68c-f5fc456dc4bb,1018,541,22-02-2023,688.16
e543e0da-4608-47ae-b19c-1e53c624f824,1005,506,22-04-2024,1776.89
94b08830-781d-4939-8924-420016598fcc,1020,527,23-04-2023,196.72
9ac5a754-bc3f-403b-a3e2-6a859cd76cb1,1098,508,01-01-2024,1127.52
d4217fb9-07ef-4924-b777-cb46a5b7d3bb,1079,538,02-01-2024,1452.75
7b2f005c-c5dd-4ed8-990e-6d962f0d1599,1081,531,18-10-2023,114.12
cc0296da-f8a7-4d52-8092-ee060b08ddd5,1029,524,05-12-2023,1842.64
f0c1481c-232d-4c4c-b4a5-4a967c72376d,1098,545,05-03-2024,1974.54
f9fa8c03-8953-4beb-8238-4b48e83d9210,1058,524,13-07-2024,1015.33
59f23f84-37bd-4bc8-ab9c-7706405d8563,1050,510,13-08-2023,90.74
19c7288e-b91c-4cb1-97a5-b8e9f6361976,1073,512,18-07-2023,1695.59
1513a99c-9c49-442c-9637-e6d2f8be2563,1047,527,14-02-2023,1075.05
148a5751-c73e-4f04-a545-4af644c9ae67,1002,513,05-12-2024,1473.21
a6f0c807-cb75-4858-92e6-4b7d1d47b74d,1030,532,10-12-2024,1441.24
ec7cfdec-113d-45f2-89be-8f3348b5bc56,1001,545,23-01-2023,341.89
0fdbcf1e-0bd8-439f-8f55-7d64ce05e076,1020,523,14-07-2023,219.4
86cfc43d-ed82-4dc5-929b-618efc9e0ea8,1074,544,04-03-2023,800.9
8c7ecaf4-ba73-4481-b0bb-69e7921cb1d7,1097,503,27-02-2025,1698.26
703b4e8f-8635-46ed-a5fd-2a1de66461ab,1085,502,19-11-2024,1568.01
ae044a92-6124-44c0-a503-229e8bde082a,1098,545,17-08-2024,1401.14
6771d9f2-9826-4be9-847c-31b70cd3526a,1043,510,31-01-2025,244.92
d64a59b9-38b8-4a5a-8534-b60b9d6ff2c0,1053,507,01-10-2024,211.39
80cc2a8f-eecb-415d-a157-2adcbc13a866,1073,510,15-04-2024,353.54
026afe00-16b6-4b4e-8496-69e694d907f3,1060,523,20-06-2023,384.71
3a628484-8d25-4d96-8f97-48a102ba21e5,1049,530,03-07-2023,203.44
bcc3b2ed-4ee6-460a-a97e-e65dbe2a427d,1074,549,01-06-2024,1110.72
ae3be2a1-4253-48e2-b7df-9d019fe8d507,1010,546,30-01-2023,805.18
38e305a2-f2e6-46ea-9bd3-82118c892c36,1041,520,24-05-2023,774.48
12f6ecdf-30b0-4d4f-b3ce-43360c906188,1077,506,17-09-2024,597.41
9bcdd251-4e30-4004-b141-025698b45d00,1078,514,07-05-2024,1089.69
b3dabf65-5081-4543-84ed-94654b811fed,1004,503,22-07-2023,1778.85
c636c0c1-83eb-4f02-b79e-d5ed9858402f,1005,523,11-10-2023,1141.93
64eb1464-0858-48ad-bea7-051aa1f27ab1,1017,523,21-02-2024,1190.12
3e38e686-ea85-4b8f-a9a9-ca9e19b1aba4,1023,522,13-07-2024,202.86
dd96ee22-a6d7-467a-ab66-773203eb836a,1026,526,11-09-2024,875.8
7b9e8749-f6e3-401d-a45a-60dc1dd9a801,1091,526,17-06-2023,441.05
1488dab3-e41e-4f96-a295-fd40db059dcd,1074,518,30-07-2023,240.24
5ebbce2f-22af-4baf-abc1-dc58c63c077b,1023,543,16-12-2023,776.13
fe6737b2-72f2-4310-9428-0950c1d3b679,1034,544,21-02-2024,1871.43
96cdc51b-124b-4e86-92a9-ff95682308f2,1065,513,24-03-2024,1509.61
31dc7eff-6ae3-49b6-861b-1f2887cdd06c,1097,541,05-12-2024,320.05
329e0508-9966-4200-bea2-179f3130a909,1077,511,02-02-2024,791.32
a8ff87cf-72db-4a4f-b082-af3242f1e3f9,1085,524,30-04-2024,1611.15
9e1e9766-fcb6-49f1-86c7-d7996153b1be,1076,506,17-11-2024,781.8
f9858697-70ad-4322-a465-26cab6f98c0d,1086,508,30-11-2023,459.25
5580a451-3f4c-4eee-a981-ca63a7bc30b0,1082,541,27-08-2024,1260.27
2cd57100-376b-404a-b0d6-099617092038,1060,530,04-12-2024,379.18
8a7a9989-65a2-453a-a613-5ea82c0d68d2,1073,543,13-10-2023,645.18
80f64bab-c733-447c-8c04-45d55ac6ea85,1049,547,16-07-2024,179.27
257b9a59-bb92-4fc6-b344-7a6274ff4aac,1094,515,29-08-2023,63.88
3fb7983c-90a8-497b-9855-041f6136a060,1015,536,02-05-2024,1348.23
11188345-3c6f-438d-bee1-aeb23c7c3aa2,1021,533,26-05-2024,1267.59
03735d69-0506-45f6-af59-4313e0fa9ca7,1023,549,15-03-2025,1180.08
b556bfb0-4959-4ac2-aef6-6e7196507372,1030,501,24-05-2023,1265.41
8bcbab5f-50c9-4475-b4f2-45413d932142,1081,507,22-01-2025,77.73
fd86c322-59dd-4f37-991d-c56db2861caf,1007,517,17-05-2024,743.28
a94a7be1-b8be-4f9a-ab35-6d953ebf12f4,1047,505,10-03-2023,761.34
9602cc7e-56c5-4b56-bb82-d78bc9f9852d,1052,536,15-09-2024,1959.5
564642e8-98cc-47a7-9ade-af844246aea6,1015,528,28-11-2024,1225.28
7e41622b-d962-42df-8e30-cb3293896a34,1068,543,24-06-2024,942.23
5a5af216-2735-4259-aa80-c87fa7e8ce23,1060,532,16-05-2023,1435.6
893d4f1f-37b0-4468-9179-ed9e18b4f9b9,1096,505,21-03-2024,1907.28
91058c48-e9e9-4649-a40d-dcb18e91016e,1027,518,01-03-2024,1190.79
f56c3bf2-af10-4edb-ba50-edb1df4dd72a,1076,540,05-02-2023,1051.43
22ca7086-530e-488d-8c12-d15fe80b4b94,1004,504,07-02-2025,1191.46
e5365574-d7d7-44c0-89c8-068668425e1b,1035,510,07-09-2024,925.49
e4d590c8-4d53-475a-953b-ac90bfa8c061,1062,534,10-01-2024,719.25
f45ec853-e021-474f-b9b5-e4928df88135,1068,520,23-03-2023,1113.23
b4d1eea3-1b96-4be6-89c2-5922182dcde5,1007,544,27-01-2023,1056
c88b33f8-c0e3-433b-919a-b27df130438b,1063,505,05-05-2024,671.2
699ed10d-5f34-482e-a39f-5d5c6780151b,1050,550,05-08-2023,862.2
4d89904c-2385-473d-a746-155ba7e44f60,1077,524,20-01-2023,1808.7
3a635223-ccd7-433c-8063-88cad15e523e,1081,517,26-10-2023,1340.03
49ae55e7-9149-49cd-a0d4-b0559b6f5da3,1076,531,08-02-2024,1276.78
518c0765-f8aa-48b6-bc23-8dc5c7463281,1076,542,16-04-2023,424.7
f70e4668-2e97-47ab-b63c-1731fad1d3b7,1007,511,26-01-2025,1760.66
a29dad08-2a54-4c28-9cd0-d772440d761d,1050,513,02-01-2024,371.1
3d35286e-738e-43e5-91cb-0dd12c781f63,1006,530,22-02-2025,54.44
059f16f2-90d3-44ee-937d-f83ea8f538db,1089,545,24-08-2024,828.33
776a60f9-1c34-4e08-b949-63bc712b6bc9,1034,543,05-06-2023,1876.3
5885e365-135a-4559-a2c6-8720e87cd099,1086,507,28-12-2023,275.22
5f83b133-8aa5-449d-8c16-3f0f2ef91821,1041,506,23-03-2024,793.61
5a33102f-8216-4c61-872a-29c26d5bcee2,1028,523,18-05-2023,409.6
874188db-3753-4092-b128-c80054068ead,1050,505,06-03-2023,533.04
4569f685-fad6-48e5-a08b-f976473a6e95,1037,531,04-01-2025,1100.91
c550f6d4-69a5-4d7d-8995-30012e3bd9d8,1092,549,01-03-2024,941.75
b57f736d-7300-4f5b-8433-aa41eb09d604,1011,544,13-01-2024,1085.15
fc3cf024-b90c-4cde-8b01-c33723e03410,1016,516,03-08-2024,657.71
a470bc92-e7c1-472f-ba59-99c8ceba44d0,1016,505,10-01-2025,947.16
e71886c9-521d-4671-b074-ca8dd94f1159,1090,529,15-06-2023,618.59
fc054699-99bb-441c-b405-dc69feb10cce,1058,507,21-04-2023,1037.64
caa83836-4ca8-4e6a-96f2-e785ab2fa153,1083,531,07-08-2023,419.01
2e7fae40-4e32-4632-a538-19aea1084975,1088,542,04-10-2024,1622.36
1a0cf53c-2966-42fa-af80-764c9232f0ea,1095,504,23-04-2023,611.77
c5441402-ed7b-40ca-9b09-66016a69c714,1082,511,31-03-2025,1986.98
d7f9c6a5-d9bd-4489-b62b-cce1a57c27d6,1061,502,12-05-2023,1475.55
9af7d76e-38ee-4a6d-b43c-fc924105ec62,1086,531,27-03-2023,1940.05
5ec5f887-a127-449a-a725-a952496d5a99,1093,522,16-11-2024,1367.24
18506170-c219-43a5-84e5-17004c01b7a9,1071,519,18-09-2024,1238.42
c70bd001-4e91-492f-8c70-39aabace4d27,1013,504,01-11-2023,95.34
346f859c-f31c-4836-9360-40041c86b683,1002,550,24-10-2023,900.29
8953c310-54fb-4c45-a744-d637e6637e34,1011,503,07-01-2023,1847.43
3dc65a9d-ff7c-451b-837b-7a12e3409de5,1074,536,05-10-2023,596.72
74fcb324-fa55-4995-af3a-ec76c19ca149,1052,545,05-04-2024,61.19
8c108acc-5b74-4d98-b22e-f1431a1a1777,1015,532,30-09-2023,1653.54
79eac50e-641c-4743-a75f-1c5280d8ec53,1001,545,22-04-2023,1172.11
7d6bbb1d-25c9-4720-919e-c170fe51c503,1049,531,22-03-2024,639.86
15532621-91e1-4ef2-96ab-7611ad29c219,1016,521,03-12-2024,641.45
1f7b1a31-8135-4c29-991e-c18a744443f1,1066,541,27-08-2023,1434.07
c8edbee3-c072-478d-80b2-419ea9d73fdd,1045,507,25-11-2024,347.62
028582d6-5cf7-4b9f-934e-547e33a2052b,1041,504,02-09-2023,1674.1
902d578c-5323-4c0d-a6b1-f8baa214d434,1064,519,20-03-2023,1399.09
3f7ef5e6-a361-42dd-a5bf-22f638f337b7,1029,521,19-11-2024,1242.43
f127343b-ec12-49e6-b3eb-2ca058aed74e,1093,534,03-09-2024,585.58
9885c61c-f2d8-464b-8bf6-f7d5197fb50e,1031,534,08-01-2024,412.23
fdd18781-c598-4878-929e-af4ae0f9b99f,1097,541,14-11-2024,1720.15
f67a9916-db17-4184-98ec-48a7446ec5d6,1038,539,09-12-2023,1949.41
62dec5c4-999a-4b1c-9e78-d6ec71f7b75a,1057,547,17-01-2025,1985.42
5dfa9459-8d84-42da-bd60-3be1994b7d57,1069,515,05-06-2024,689.98
50b3a943-135f-440f-81ea-7216c6582646,1087,524,31-07-2024,263.33
e02b3d05-52b6-43bd-abe3-de0987589069,1085,532,16-12-2024,1336.36
7ebfbc80-16dc-4a17-bc8c-a64fb8eecdd7,1018,538,29-04-2024,857.67
26af34dd-7dc2-46e8-b1e3-cd097ed3c0c5,1093,509,18-09-2024,1286.51
eddab528-0fd6-4735-a80f-8d5325b41374,1073,508,18-02-2024,1100.9
80f19ada-46ff-4fed-a7f3-3236b13c58db,1026,516,01-11-2024,810.75
1711f2b9-81c6-40a0-a65a-905b900156f9,1029,548,04-04-2024,850.29
dc604b01-be3f-4c80-b9ce-db7308f0d77d,1023,541,27-08-2023,1693.05
35cfea23-25d0-49ec-bc58-a42f6930ade7,1098,522,26-07-2024,514.2
c8fd88b3-f50a-4582-94c2-325c220d237f,1047,550,16-03-2023,473.79
1f1c5efa-43ce-4647-8827-8504900253e7,1073,522,02-10-2024,614.24
bc156299-48a9-44f8-abfa-fded236d2c7a,1024,509,21-07-2023,1961.06
ca0af706-bbaa-4d32-b9e2-7c17618936ea,1071,516,28-12-2024,42.82
eeb177fd-3787-49ee-8cbb-985dd94452b4,1045,504,26-03-2024,1841.19
f50ca077-0720-4c36-bd2e-a036b0a514c2,1054,504,29-03-2025,1640.59
f71f4068-644f-4dec-accd-38e7618e7d98,1017,542,24-01-2024,641.93
dfeb7b8d-081f-4947-add7-acab5dd6b030,1024,517,02-09-2024,1403.6
3c54fad5-f89c-4f71-8256-e1400c5e178c,1095,512,20-01-2025,533.21
ce6d6240-94c5-4e6b-ba89-6c2cd0b94d3b,1041,525,27-08-2023,736.51
b3786ba1-7b50-4ca5-b0a7-876d44aa3ae4,1098,538,11-04-2024,956.79
8437d043-13fa-488d-bd80-90e81432479d,1099,516,16-09-2023,1536.1
f5961bc5-a5a3-4255-854a-6a465269a3ca,1072,549,19-11-2023,854.11
bf6a2610-68b4-4f75-94a8-154ddc1a106a,1046,514,20-05-2023,1340.15
3c20c557-b7d8-4bab-b2b1-037c0c29e82b,1100,542,13-09-2023,144.06
af5c102b-c490-4fbe-b809-1bd572e8e836,1023,530,06-05-2024,62.05
25c5fc69-f09a-43b9-a561-ca7623e9116c,1016,517,27-01-2023,602.98
7915a077-d36c-4f80-96c7-5844f613b260,1061,525,23-03-2025,163.26
bdf73ba5-2ef6-4e14-b724-517aeef99c46,1008,504,28-08-2023,1007.56
07fc5c20-d96c-4118-ac5a-fa861ca020f4,1056,520,17-06-2023,170.62
592d820f-4591-4278-bc2e-3bb3cb150a27,1094,513,15-10-2024,780.81
fce65cdf-7f6c-46a7-8f71-7ef90f237364,1063,508,17-02-2023,624.43
ebe87965-1242-4c23-a1b6-32e2fe4e18b0,1063,527,05-02-2025,1693.31
1bf3b025-4844-4d80-ab43-a5c6c34d7e59,1015,501,15-11-2024,326.58
218c8cf5-e449-438a-a0d6-d330d46ac8a7,1091,534,27-10-2024,1066.79
30d20f9a-d7d0-4c44-a30e-69a06f99c19b,1096,541,08-11-2023,1157.82
7abbff9a-e92c-4c6e-b465-83aec4f9fc9d,1043,505,29-11-2024,127.84
2815c13f-d239-41be-b415-9e953ef629e2,1090,518,10-03-2023,903.98
2664ef90-42c1-4427-934f-aaea4ccbed2b,1071,540,23-02-2023,94.05
425bfc4d-8c30-4a86-9519-10655dabedd4,1016,524,05-06-2023,1175.51
1816aae9-fed7-4492-8476-8e365d4c6bc6,1005,515,09-07-2024,1116.15
190b9eef-fa55-4d2c-a93d-80e77599a223,1081,505,11-06-2024,1603.34
f0069a63-4521-4b92-8d43-d0a52540ed85,1028,542,24-09-2023,1670.89
e2f9ba95-d956-4dfc-a7b2-8da64b9a3782,1081,506,30-07-2024,104.43
6497438a-f8cf-4c36-b730-17df9e004bc0,1050,520,23-02-2024,42.36
04613635-1539-4149-9d07-98a8ef3bd45b,1002,525,02-08-2024,532.42
2796fe2c-3c98-483b-8407-7a8a2ae8aaa8,1032,547,25-01-2023,1044.76
2f339ce6-8ff5-4a84-84bd-164e71563ee7,1078,504,25-07-2024,511.52
0420fb34-fafe-48d7-825c-a30fb60ed2cd,1004,540,06-11-2024,1049.17
fdb5beb8-22d5-4850-b46c-4ca656c91f9f,1020,549,27-10-2024,1992.3
7ac745ab-f7e9-46da-b204-affdcff3db7a,1068,531,29-01-2024,473.57
364370db-ed7c-45be-8fc1-0827793b72a9,1032,547,27-12-2023,1910.85
ddf79f7a-c544-4b7f-a4a8-81a1263abd84,1099,510,12-09-2023,298.58
ab5edc64-fd92-489d-84c1-07ed3c6b5ec7,1074,540,01-10-2024,541.08
bf230968-b0f1-4dbd-9993-6cc140f43ec2,1098,524,28-01-2025,603.05
1af46364-8f9c-4670-8739-32d91309dfcc,1034,512,06-05-2023,313.8
1820ee5c-8e02-43fa-9d28-69e0cf63c86a,1040,543,29-06-2023,756.04
33fe7f09-4c67-4552-9f5c-89f8c0651b10,1010,519,31-05-2024,1833.07
70ddd35f-8b9d-4a78-b869-76d2f3f3f577,1003,515,18-01-2024,265.46
b71169f3-66f0-4b94-b815-47e040a594ae,1012,532,14-03-2023,488.66
c7eba6f7-ad63-41f0-abc1-8b34eec2e16f,1083,534,09-10-2023,1465.51
f8fae7d2-ca0c-473a-9296-51cb252f6882,1097,550,22-02-2023,1740.21
84f7ddde-dc17-4f94-b5b1-dbee5c2c7bd3,1026,542,30-07-2023,1660.5
fe925a91-95d2-4262-9ac3-ce25d66bd771,1003,544,18-08-2024,316.85
0f3b2eb1-da6e-48c9-b39d-b7692a40fec0,1004,512,07-04-2023,1320.03
349e69f4-ea98-4079-80c8-bd594fccdef5,1058,538,23-01-2024,1773.06
09699ade-15f6-4c67-b0a6-53be2341af62,1088,538,06-01-2023,1097.21
81620a06-fac7-4661-b6a0-105645090c1f,1077,505,17-09-2023,1193.14
09da6e13-1f08-418b-bb84-dc2eee2e055f,1036,530,06-02-2023,1407.46
a4f2079f-79e9-4780-8208-1f041e0ddeaa,1019,508,23-05-2024,85.9
8728b675-9fbd-4b44-a6e5-bf8cef2dbc7d,1052,526,21-06-2023,1381.2
fd9efb75-6d15-4072-9982-07766d112f2d,1028,523,10-05-2023,906.45
6ab3ba9b-191c-4afa-8dac-c6eedd5e2ac9,1014,509,07-05-2024,990.75
0cf856a5-399f-4a36-97c0-5622f2701f38,1017,522,24-09-2023,308.97
a369ecb5-44a2-4816-91c0-3adb95abf008,1011,541,29-04-2023,1395.4
7e2ddd5b-4fd7-44d9-8146-f9dfcf8d2d84,1051,535,31-01-2025,1375.49
85579259-c383-4fe5-8a94-c2e01100d8c6,1015,546,12-08-2024,1306.09
d55dcc7b-3fa2-4633-a616-f0a013503913,1035,544,13-06-2024,395.05
bd4de83e-f09c-40ac-b92c-85e67e138e07,1059,532,05-02-2025,965.27
fe6a0d9f-bdde-44b3-88b8-5fab44f28e37,1074,520,04-03-2024,748.79
6337529a-c84c-4aaf-bb20-6f2bb97b37b2,1078,510,05-04-2025,1527.06
38f0b22c-9d11-4f61-8b6b-89ac06e9b1ef,1095,503,08-04-2023,1582.49
9576f611-a841-447e-ae5c-55b214c06965,1085,550,27-06-2023,1973.66
1d819a4d-1c94-4697-99a1-1f025a37f4de,1068,522,24-05-2024,332.86
8454ee41-8f31-4318-8e51-ae90823f2264,1088,540,18-03-2024,1773.73
dca79be3-48da-4ff6-86aa-2051e249e828,1023,545,30-08-2024,809.42
5e34752f-3408-404d-b044-4b95202371b0,1042,510,24-07-2024,131.66
71453857-3e55-429a-9794-afe938ec04ef,1081,512,02-01-2024,1510.55
ab15e466-ccb6-4e69-bb6e-f93360bde265,1086,501,07-04-2025,705.09
8efd1471-c654-4598-a530-73efde43eb80,1012,526,26-09-2024,1889.98
2dcb859f-d771-474e-83eb-3bc341876eab,1043,519,02-04-2025,485.73
54ac5b79-de5c-47ae-89ca-0717d14d55cd,1064,507,30-09-2024,1890.12
c06d102f-9a8f-4660-972c-75c3a876e4e5,1012,508,15-04-2023,1956.82
7906fbf1-784a-4c38-af7d-fb2bc6bb4109,1037,547,31-10-2023,764.66
00b72a40-aab3-4b69-a714-9b952546f26f,1080,543,01-01-2024,491.7
f8e91350-43a5-41cb-b6b6-4be93e024698,1066,505,03-10-2024,1491.99
11315dbb-4119-49da-815e-aec302d447fe,1020,542,03-06-2023,1607.65
837b35a7-6340-462f-b60d-90b6aac73b4a,1061,520,02-04-2024,678.85
de0db44b-1ff8-4153-8e71-1cb20fad2137,1008,538,13-08-2024,1270.08
0e303f06-ca4e-4fe1-9919-07412230e480,1016,539,27-02-2024,643.4
0eba58c4-de92-40f6-abe8-bdf249b6d512,1091,515,08-04-2024,667.49
c2ae81d8-d389-4a0b-b028-b946620a6370,1069,513,15-03-2023,1112.58
bada6e4d-be5b-4b1f-aa79-50a1b78c954a,1081,533,15-09-2024,609.28
0f498e71-120f-4746-a23d-f7fd17be0cf9,1055,532,03-01-2023,747.49
72d7ffac-3952-4315-99d1-99d4f21d5c5c,1088,536,21-01-2024,1019.89
7665623e-f79b-4474-92f2-d49e4dc58e3a,1075,534,10-02-2024,221.09
a3902511-8bb7-44d2-8d8e-b614ec8c6cdb,1014,526,02-03-2024,840.53
9aa92fd0-7631-46db-a247-50c78ddccd5c,1098,510,14-11-2023,1380.7
394e98ba-29f5-42ac-9d21-5337545dae69,1046,520,13-03-2025,276.98
7cbc6c83-6af2-4551-869d-0d581802e23e,1017,529,08-09-2024,1599.13
a7bf51c8-11fa-441b-9fb8-e52b8082960d,1006,546,21-03-2025,1857.14
b1496e73-5c0b-4139-9491-0681746b3fb1,1048,512,31-01-2025,1579.55
572212a1-0082-4b4f-9659-0fbdc91bbc44,1031,543,18-06-2024,1762.74
d30122f9-46fa-4437-9067-b788824ab0c2,1057,515,07-11-2024,1550.2
97705b04-5bab-4942-baac-03959362f05b,1034,503,12-03-2025,863.51
f6f81cc2-2e77-4fb4-97ca-ee7e88bbc4bc,1074,541,08-09-2024,1224.8
38d25b8b-d1c3-42ec-b97e-3e2f835b66ff,1079,540,04-06-2024,1918.88
25ec4c4a-17e3-4731-9525-becdbd19384a,1067,543,15-07-2023,1432.07
e2d75e33-761c-4f0d-ad37-d5b53654ff43,1057,501,07-11-2024,1590.99
4fab5b35-7a0c-4a01-aac3-c89d4fe6a161,1005,534,29-04-2023,981.5
47046619-4e25-4133-a16f-349d4e2ce225,1007,507,29-02-2024,199.14
fc78c823-64c7-4c3d-aa03-e309965e7c03,1036,545,21-11-2023,580.97
7e59440b-135d-46b6-999b-8572ae7d1c28,1042,517,17-11-2024,1381.2
57d0be02-bb7a-4b70-b3f6-3810ae105ff1,1019,501,20-11-2023,1519.16
dc83641f-4956-419c-8407-96eb589c079d,1006,543,10-02-2025,266.61
b43a1ffa-b5bc-4d43-ac18-f44455f61bc2,1037,530,19-12-2023,382.17
05a73360-a82f-47d8-b60c-f9b129b41150,1048,523,28-08-2024,1998.49
a7586c33-4d40-4a8c-9bfb-2e2405797c26,1024,523,31-08-2024,1096.68
553a243f-514f-43d1-83a5-7dece847d553,1018,503,14-08-2023,648.64
a546f20c-6f72-4246-94c5-8c487a2945f5,1052,546,26-04-2023,1427.83
e7341f45-8f33-4ea6-969b-a96764839eb9,1076,519,25-03-2025,1190.66
a30eeee7-b4dc-49b4-a896-7b22bbc32691,1087,542,01-10-2024,440.15
cb40dbdb-f553-4168-b012-50e791642b4b,1050,530,11-12-2024,1704.5
7ef4ca5f-2ee5-4c86-8283-0297afa569fa,1030,527,21-03-2023,1988.49
e8724179-20e1-4d8e-8711-a201d596e9da,1062,526,17-08-2023,131.99
bd0b9ded-ff97-4aa3-a656-21d02b782b72,1058,508,30-10-2023,1258.65
b06f8273-537a-4e9b-b6f2-efca30cb965f,1058,520,11-06-2023,1805.3
eff3009e-e634-4e09-8b27-0c661656d4d1,1060,528,12-06-2023,1098.1
ea5aeff7-a743-4f1b-ba6c-1ca1b5f8dcbf,1018,540,07-01-2024,1724.21
092df3b8-30cf-41fd-8437-06625ecdf96a,1012,522,28-08-2024,986.94
4f806ecd-e819-4cb8-8649-414fb4d2dbfe,1080,544,08-01-2025,1580.45
0e9eac29-9932-43a8-b630-545807368d3a,1085,543,02-02-2025,1518.8
e5852c97-3660-444a-8e98-6797add728db,1095,533,03-02-2025,925.34
830e7fa2-3c51-4a18-af06-c885e020b6a3,1072,532,06-11-2024,801.39
42602ba7-a290-44c3-b986-ac325982928b,1023,511,08-12-2024,1767.67
542f3c42-2491-4d49-85d2-a49076569e00,1056,510,02-01-2023,1002.89
2a7a41f4-b918-4fe9-9db5-e96efdb8f9da,1094,545,29-12-2023,193.07
46a5ccf1-472b-40f6-b18a-01eeee7f3282,1081,512,21-09-2023,1094.29
11434550-0eb2-491e-8d35-ed1855828c27,1014,512,26-08-2023,288.11
d45b0020-b88f-4974-9bb2-c1ed4842ec9f,1051,532,31-07-2024,1420.76
e8197df0-756d-46af-bf3e-12dcb19b2e14,1087,525,12-12-2023,1232.53
ba355b70-8002-45e4-a1fe-05ade0911837,1085,545,16-08-2024,1216.47
d350ef63-085f-446f-8016-7ffdc79fada2,1074,542,15-07-2023,822.97
4cf66c3e-84fe-47f8-92ca-eadc63175ad4,1055,546,06-12-2024,1823.47
b5d25ca0-7a1b-45cd-be3b-3c7b92912a43,1082,506,23-03-2025,252.35
6ed29f17-f2cb-495e-8d64-606172fb8eb9,1045,512,26-06-2023,184.37
5cd55250-3d13-4a2c-99b7-79e9d71128b5,1044,514,19-01-2024,1781.25
9b2817c0-9651-453c-9995-36591b465d86,1096,509,29-03-2025,1893.16
2551f26a-9d11-460e-90f9-ae41e10c39ad,1078,511,14-12-2023,1882.96
0dae9ef0-5c3f-4577-924a-e850fe1472a7,1040,521,05-02-2025,974.73
492ec474-a7af-45a9-8787-59f711c0aba1,1074,521,10-10-2024,109.92
d9ab2bde-bb7b-49da-a352-8905b0b444d8,1083,531,16-09-2023,967.53
bd30197c-d041-4070-bcbc-574614aab839,1059,548,29-11-2024,1185.75
7b4b208f-a43e-4ec0-a3bd-f31c12ab7567,1022,521,03-01-2023,1529.36
b401bb34-5df0-4bb8-983e-95bd44020312,1071,527,12-08-2023,1095.31
9ae8e95e-c168-483c-a173-6c2da0b6df94,1016,519,05-02-2025,1085.6
809e05ca-f556-404b-be63-488d94b8d901,1084,534,04-05-2023,1300.41
57560235-93e6-4b01-97dd-e37e1b318396,1033,530,11-02-2025,1294.38
d4bf90aa-39d7-461c-b381-99e2433814fe,1076,530,08-01-2023,1829.51
160324d7-a5a1-4ba7-a0b0-ee27ec1f3688,1052,517,24-03-2024,988.36
8caa138c-38ba-4dec-b055-3baaad037d44,1100,532,19-12-2023,1701.83
8510967b-d1af-4121-b478-ec1e567671ac,1074,514,12-08-2024,243.55
186b88fe-1eb1-406c-818a-62179b59dfec,1029,524,26-11-2024,1349.87
3a280297-9b8f-4ff0-8b06-c0649b8f24eb,1041,517,28-09-2023,1036.81
52e118e3-0150-4a9e-9076-e5399fba9899,1043,537,03-09-2023,489.32
f90265db-cc29-440d-a6b8-bd1ba6b80a92,1009,534,12-07-2024,1944.31
174ef44e-a355-4a89-aa78-662fc8b52608,1099,527,21-09-2024,511.15
eb2234e4-a55f-4fdd-bf15-e28d107a76dc,1010,521,03-06-2023,1362.22
76247fde-5295-42a0-b47d-3a448c3c4142,1055,545,10-01-2023,1268
a1034091-babf-4d77-b3b8-269f861dea62,1006,532,08-01-2025,866.29
ce13a3c8-4e7a-4666-9bfd-d9de4cae7391,1080,534,23-06-2024,358.41
3d1a1ae6-52fe-4904-88cd-32910c6a3ce7,1069,532,16-04-2023,143.99
6958663a-ee1d-4119-b3c3-1af3b704f7d5,1082,501,14-08-2023,1282.29
13a43851-ff32-4c53-a6d7-b307da124fde,1069,515,30-12-2023,1239.87
0a625725-66ee-4019-a89c-f536c9de415f,1094,526,27-07-2024,41.81
c8e2cc9e-e47c-4bdb-8afb-00b5a9f167cf,1040,508,19-06-2023,799.49
27029bbc-cd14-47c2-bcbc-756ee319f1fd,1085,522,03-05-2024,624.75
e5abc996-bfd0-4331-9aae-6a1f63a3fbfd,1025,539,28-12-2024,1115.77
0f05b9c5-6b38-4bcd-aef5-b26628795d48,1089,521,18-10-2023,743.88
c2f0489e-05a6-4fc7-8f1e-3340eb6a3316,1051,514,25-05-2023,428.37
7bba1329-71a6-4a45-8040-4df367e76e36,1085,535,08-01-2023,1516.71
64fe3eec-525c-4005-9992-6241cefa3d4e,1002,510,18-08-2024,1454.58
6d78f65e-4613-4d3f-a98f-eeaed90ad243,1032,522,26-03-2025,1492.09
fe92e5ff-a075-400c-9a5e-e90a587c1236,1063,541,22-09-2024,1880.66
0a41c044-db91-492e-8e49-7e02fc2b59b8,1090,524,23-04-2023,645.73
6c85faac-31c7-48d0-8b12-634909f37a9b,1092,524,30-08-2024,986.09
e1685aad-a249-4f0c-9884-80c529c617af,1013,540,14-06-2023,1357.67
8b02f0d9-8451-4211-8e1b-0d0085d66f5f,1091,506,25-11-2023,1203.59
5f2cb4af-3589-4bda-a195-03204a0baf53,1055,534,25-03-2025,1983.78
bc7db6f0-536a-45bf-835c-ce556d0543dd,1058,515,06-10-2024,420.61
aa195a1c-ab83-4f26-9211-d55831c15e41,1006,516,22-04-2023,1311.92
53927532-0146-4791-9899-85fa10d26cfb,1034,523,17-11-2024,452.25
e44b6cea-5952-44d9-9779-e0d8b1dc5a91,1053,540,03-01-2025,685.41
3e62b09d-d5e2-46c0-baea-35ca893e5687,1034,533,21-08-2024,245.91
28d6bdd0-810c-4a17-976a-e313fb0b6bea,1021,545,20-07-2023,256.76
a69d865a-aa4a-40be-b652-cf02fc58e660,1071,510,14-03-2025,697.29
261ff74a-5474-4bf7-babc-64cd84b92218,1019,516,06-09-2023,1513.47
9e04c4e1-01aa-49a5-b88c-ec65fe919796,1029,548,25-12-2024,129.17
8660a11e-37ec-4f52-8913-14ecc35367d8,1060,528,05-01-2023,1233.6
b85ebc01-e8ed-44c2-8fdb-0128f57d4402,1088,509,05-03-2024,727.25
ebfb4aee-3127-47ce-8a5f-eb4ddb2a4e3d,1011,543,15-01-2025,1641.77
04a6f519-b6a4-46c8-a565-62e13d18515b,1035,550,17-11-2024,1124.94
34401c3d-1760-42e0-a51f-d3779ed1111b,1077,515,04-03-2024,960.02
e52b84a4-af11-4fa3-b0eb-8fd127b3512a,1017,529,22-08-2024,271.17
7af020c5-3839-4516-9b8d-22117aaaeb5c,1092,541,11-11-2024,959.37
05a23848-1677-4d85-a4d5-458b3a92f9f9,1082,513,08-10-2023,1982.57
55cff533-df81-4436-a619-0fafabf13093,1089,518,16-08-2024,1808.58
b9afcfea-31e9-4536-a1d1-d297cf57b4ec,1061,550,13-12-2023,1175.87
f48503d0-2ac0-4b3f-b21c-ab3ad15e4625,1044,511,14-12-2023,567.47
bee95956-7768-4b61-86f5-2e13e8b7c542,1057,521,01-09-2023,1848.26
d23adb02-410a-48d6-97f8-45f609aaa853,1030,533,15-10-2024,1669.7
e2a855fc-09f9-4c1a-ae6a-dd389bbec274,1067,535,18-01-2024,808.86
e08c02fc-6ef0-49ee-8731-bb4a0e08f64b,1030,536,05-08-2024,980.4
337139c7-910b-4668-9f61-9e6004945fc5,1064,546,12-03-2024,839.27
41c89bde-e5d3-4480-b9dc-7aa6d7db02fb,1001,522,22-03-2024,461.28
13cc178d-79b8-41ac-b31c-908d5263207a,1027,545,06-04-2024,1352.53
b14eb0c3-dc0f-415a-8d07-0442e4d016d0,1049,518,24-02-2025,936.21
be77fc25-0e34-4792-add4-cb676afc85fe,1059,536,15-08-2023,1370.02
e90fcc67-daa1-498e-ac48-aaabcb95e2ee,1064,513,03-01-2024,819.64
410f04a0-a031-416f-af87-15fb4902f401,1074,523,20-01-2024,1546.05
004cc857-2aa8-428e-843f-21859ff9f71a,1093,531,13-07-2024,1610.68
95f9727a-5b4b-45b9-9c3b-cd1bdc4f2c2f,1034,530,22-09-2024,1439.73
41517544-9e55-4d59-9422-9a2d46a5c533,1046,504,02-05-2024,1761.09
63d242cd-6d6c-40bb-8205-48ea21706535,1045,548,08-07-2024,575.45
5de0c1c2-2cc4-4d82-9f26-df42800a4d54,1007,520,08-02-2023,1829.09
61c3c146-65a3-483f-b1a2-1671e7214c83,1089,532,19-08-2023,1272.11
b409028c-c12b-4bc8-ad4b-1fb1066f3fa2,1027,536,11-08-2024,116.19
98ee8255-7f3b-4da9-be3e-7a1f1e4708d5,1015,504,25-07-2023,1584.5
77bc2f88-38c7-49a5-ade0-e6e2f992f828,1092,520,26-09-2023,296.01
523d311e-bfee-4a3e-a236-77e66b1702c5,1064,513,06-10-2024,658.9
c4a38ad4-3467-4b21-a9f4-68fe5c0a63c5,1071,536,10-03-2025,1769.64
c7113ae4-1889-4b7d-9676-cc6def91acff,1094,506,25-07-2024,350.22
e205dec9-1b68-4db6-b969-b0bc2aca6c8c,1062,512,06-01-2025,786.26
64377a5c-cdfd-4c66-9b4c-6e4c8f887df7,1032,543,02-03-2025,1395.6
0fce45a2-1694-486e-91cf-107c1477e11f,1009,542,13-06-2024,895.31
ee1e30b0-b837-4298-8010-d405ba263800,1078,520,29-08-2023,1535.81
55de8903-d36a-48df-847f-33a7a1c0c1a6,1074,536,17-02-2024,1409.78
dbecc2b7-d705-422e-80f6-79a8bfae547c,1058,521,21-08-2024,1661.09
171e0f83-2c80-4c0b-a2ce-40b6a742b34f,1100,513,05-04-2023,141.51
37ae9f9d-6af3-4fc1-9824-b5663fd422eb,1034,510,17-11-2023,1671.16
1aeff123-e336-4357-8af3-9ea1d61e1676,1032,503,15-10-2023,1980.95
42d507d1-e651-4ba4-b35b-8175b43e43e4,1035,538,12-11-2024,858.61
33f519a6-3bd7-4364-a17f-722acfdf6548,1098,509,15-11-2023,533.99
c28799a8-6b7a-4131-b102-aae4a15c1a45,1048,535,12-10-2024,1098.81
8b0a2fd3-da02-44fd-9e9d-c189fe313c66,1050,542,29-04-2024,291.84
3c874cff-4f45-40c5-8403-95954057993f,1017,519,25-04-2024,1421.21
20a87738-94de-494d-b733-558d7e749756,1052,527,31-10-2024,202.1
0b6b2ce1-0c1e-4978-84d8-a2a20d67efc5,1070,526,27-04-2024,1547.13
765f70a3-15d6-45fc-bf77-882014f2f18c,1032,525,15-07-2024,1464.71
c25437dd-2df5-43b4-99ae-e63e01c8f15b,1021,520,14-12-2024,263.67
ec1bb124-5d0c-4aa8-983c-fafb994f34e8,1085,517,29-12-2023,1655.64
0abda199-dded-4cdd-b302-bf9dcc489611,1098,521,22-05-2024,534.22
5c169fd7-78ce-4855-80fc-6463dc8a1afb,1089,544,07-09-2024,1032.37
1ba4c3ad-2ab2-403a-938f-888ef2c8a073,1038,538,20-06-2023,495.31
aec903a9-c38f-4424-ace0-06b07517238d,1052,526,05-09-2024,1430.13
73376cf4-065e-4163-9e4a-7a288684289d,1098,543,01-04-2025,1639.66
e7ec52d0-358b-4b22-8fc6-b4c2fca13933,1075,536,14-12-2024,772.07
32906ded-3db7-4a2b-bd8c-b2d69b40d15a,1091,528,01-12-2023,1681.82
26c962ba-49ab-44a3-9766-7508c4b69647,1005,518,09-11-2024,1280.15
836ddf2d-619c-43cf-97db-fe1f0a862ef5,1040,549,22-01-2025,1785.57
96b72581-f3a5-4733-a402-4d1d80b4353c,1090,545,19-01-2025,1958.26
937a2591-6739-4687-90af-7e4e41df1f58,1100,547,21-01-2024,164.43
984b8361-8fc8-4067-a169-b10a83f01d50,1089,516,27-08-2024,1943.41
d118148d-cd25-4f1b-a51e-bb2b1092d663,1078,516,27-09-2024,1329.38
7a45a674-af0d-4a72-b5f1-4ecc29a3677e,1045,534,17-05-2024,805.07
523e8cc6-c421-402e-bcf3-bc5f0793b5f5,1024,541,22-12-2023,1899.89
604d2d34-b27f-48f4-9557-4f24381f09ed,1049,514,23-01-2024,71.49
f46d6584-3915-461c-a776-b08eb8f2c95e,1017,516,28-11-2024,1902.68
6141cf3e-054f-4e9f-b1eb-d2968e2ad945,1043,541,02-10-2023,650.63
138f2107-36c4-4b90-97da-42af3e3ab49f,1047,504,17-07-2023,1945.55
51dad882-8791-409a-996c-966fdaff57fc,1077,522,13-09-2024,1323.73
b81d2568-ecf5-4d19-b611-6be522dfd21c,1052,542,19-03-2024,987.12
24e436c8-c6b0-43d9-a81c-f0ee84548d7c,1062,535,21-01-2023,1004.94
5a8bb5ed-31b7-485f-84c5-5040959ffc93,1087,509,22-06-2024,1258.5
a17c9ca8-8af8-44dc-94d2-5e857bca8bd1,1082,509,27-02-2024,528.98
0e862630-7634-4d59-b2ce-807cf84bb285,1030,509,03-03-2023,1994
0d630970-2dfa-4053-902f-858ed9a2ec00,1075,518,15-11-2023,546
97d6cab2-b330-449a-8781-493c620efaad,1094,545,31-12-2023,55.74
14c68bdb-7678-433f-87df-19de6d5350a2,1029,543,18-04-2024,672.84
e3fb1151-5ab4-4f5b-af8b-683db3acea84,1025,535,16-02-2025,595.3
25aa101a-639b-4f74-945b-33d62c681edc,1016,506,08-09-2023,881.66
8f79848f-77f1-428c-b5b1-ad2e06098f65,1032,544,29-04-2024,1026.81
275a85b1-c104-4d91-961b-22fdfc11c635,1013,548,06-12-2024,1758.44
2aa6a7cf-2fb2-41c0-880a-b99a01a225b2,1028,501,06-06-2024,655.58
0f6af5dd-d183-45de-af17-ee18a4d443bb,1024,530,22-06-2023,1618.49
e07b678b-c222-4365-8383-4f176ee8b69c,1014,516,22-03-2023,710.18
12fab0f1-e5e0-43ff-9f57-26fb3b2fc7b2,1043,535,13-07-2023,589.68
5bd4e409-284a-4c2c-b35f-a61c7337e183,1042,511,27-11-2023,356.9
52042bb1-875d-4f7f-9216-2fc027872ad0,1040,534,22-12-2024,1468.2
c2678be9-7fc6-4975-bacb-5e03c981957c,1072,548,19-01-2023,179.91
8dc652b6-6bd7-47ec-9e8f-046e3b59bc60,1026,544,15-05-2024,365.13
39845095-d5a0-49d9-8f84-8f421cb0d3de,1075,520,12-03-2024,1981.21
6a337ba1-c691-4aae-8a6b-455caf8c6d4d,1006,526,22-10-2024,833.31
afbb2a72-39ae-4209-9dbc-74e2963500e6,1081,518,26-03-2024,330.26
1c9e87f0-f353-4e9d-941d-785b1b5bad7f,1020,550,12-11-2024,479.12
1431c158-78f0-4019-937c-5b87cd36aeae,1054,511,04-05-2024,1046.07
ec88ce54-3f04-417f-95c5-6a38142c9797,1026,542,13-01-2023,698.26
a57854b4-39f9-4ede-bec6-b42daf35fd46,1030,539,25-06-2023,620.95
1f99e7c3-fd3e-4c97-9155-014b39554aa7,1038,503,09-01-2025,423.95
9ef8f04c-be7f-4e27-9f86-fc149d512d19,1020,516,09-04-2023,258.56
77e83438-f0f6-4b33-8585-b6d243f8b469,1060,522,27-09-2024,1467.1
5448aa5b-ad39-446a-a49d-3b3affeddc46,1086,504,06-04-2023,717.4
fa970df5-011f-43a5-bc91-6013c3abd425,1100,503,11-08-2024,671.75
0ca34089-667f-4a30-b1d3-126eee3a8049,1078,521,20-02-2025,114.71
5b2d24e3-105a-4731-80a4-fa5b9adb809c,1036,521,26-01-2023,560.02
58b9fbb7-01df-4810-bc2c-e522afe5c2cc,1063,501,28-11-2023,596.78
5327ad52-265c-4773-b09c-0183d990b818,1096,538,08-01-2025,284.57
b5362fc1-13d8-49f4-8464-81a58c398bc5,1079,530,01-08-2024,658.42
246532a9-29d1-497b-ae67-37b5dafa1a83,1007,535,07-04-2024,1335.45
bce91aab-74dd-485c-b934-e461ed7bf0b2,1004,540,22-08-2024,1344.54
3ee52721-8e48-49f0-95e2-afa1291d8bc0,1063,518,29-11-2024,1366.94
ee0121a6-549e-4055-9bc9-1168eef114cf,1033,512,18-04-2023,755.64
925efe1d-26d8-40c2-ad83-1a62255ed317,1041,546,19-08-2024,362.48
de616fca-2931-491e-8a60-ca92f18891b3,1076,532,24-03-2024,1510.17
97d00f56-8ee9-432c-bd08-42731346cab8,1031,523,19-10-2023,1822.68
30623a82-c4ed-4df6-ac9d-0593835854cb,1010,530,02-04-2023,331.56
001ac88c-90bc-4f1a-8018-2882d24c5ab8,1037,535,03-08-2023,1720.35
b1ad0ee7-899f-49e1-ba41-b2448cd00723,1064,511,06-04-2024,1068.13
fdff8666-4884-4185-a915-f7d31dcc6b71,1025,509,26-03-2023,555.82
6d57596a-6d02-4bea-82d1-7b5582322790,1069,520,08-08-2023,767.56
e60aae7d-f41c-4b16-89e8-8e04fd9abb57,1051,525,22-10-2023,345.16
93c7ab80-5eb5-46f4-9c35-93c68f599117,1045,535,24-06-2023,79.21
a5f920d7-2b6a-4a62-bd20-7906be6718b7,1085,538,10-09-2024,1755.36
b442b1b3-3230-49e6-a498-2cba02054f71,1067,533,07-11-2023,1470.97
27d5b95f-7635-424c-91ee-7c4b8e2b8b03,1070,550,16-03-2023,1453.68
f5996236-fc18-4e48-8b45-af56a29e2010,1044,541,02-10-2024,409.98
418f72f3-7747-4d13-8e0c-cbb9695b2c2d,1095,539,28-10-2023,97.82
c2763066-8110-4f99-85a4-fa663c27eca6,1033,545,30-04-2024,55.19
693d5638-f644-4520-8568-fef17b6950b9,1062,549,25-12-2024,1112.76
75351b91-4036-45df-95dc-88d7eecfac8b,1001,548,14-12-2023,1681.61
ba63630f-5a35-4aa9-a37e-5da200c93af3,1097,522,05-10-2024,667.7
3bfd9553-90b0-4523-9ed6-15f3b02c74e1,1067,538,12-10-2023,124.84
937fe517-a3bd-4311-b9d1-39b96e3372db,1094,535,23-03-2023,387.25
d980ca63-9f71-4045-88be-175a5657f4a5,1004,504,08-08-2023,270.6
9909ecbb-a952-4435-8651-014e018ca686,1072,544,22-03-2023,632.58
4317ab2d-6b15-4433-a5e0-7e926b3e92f9,1067,550,23-08-2024,691.81
36eb6bb7-e140-45ec-a411-f1a216c77c79,1086,532,09-02-2024,1741.13
c7230ac9-615e-4e26-b477-b45ef0fe2307,1016,545,09-07-2023,1804
9bf0abf2-fef6-47f2-bd76-fec6b0cfb645,1076,514,12-08-2024,1556.52
be8da8b1-62af-4ab9-a689-438e249469ec,1013,502,26-03-2023,847.54
9eaba670-06b1-45d9-93f9-abc54f0f6ed6,1079,510,20-01-2025,470.44
c0b110cf-57a5-4958-972a-c690de239fa9,1021,532,03-12-2024,68.85
5a148889-582f-41cb-82b7-a0c952739808,1072,530,15-07-2024,402.63
ecfa76d8-071c-4f24-812c-b880a5ec16a4,1009,539,25-06-2024,899.14
884b58b5-a1e0-4ef0-a1a6-dec089833a25,1051,524,04-04-2023,579.65
fc1c8191-69f8-4768-87bf-2aadfc725835,1047,505,08-08-2024,389.21
3d3d1724-b69c-49a8-a2a6-61b6856470db,1050,539,13-08-2023,1661.96
f8eb2de0-e02b-4ac4-9619-c4776b609c14,1036,542,14-09-2024,303.68
5ffae06c-6400-40bd-8b2d-663f6fe40f84,1073,547,10-03-2025,557.4
d4265723-7877-45b4-b046-64b3f950e8e9,1097,503,14-03-2025,1670.15
c666a22b-3126-438d-93e7-a8200604272a,1072,510,29-05-2023,1098.84
c97ca985-f4a7-478c-8f95-f49a9a6d234b,1030,512,12-07-2023,952.13
02181079-3245-44d3-b4fb-dd7d54bcd6ba,1058,547,20-12-2024,1437.44
0cde5518-3889-4baf-a3f4-ab45d811f749,1046,545,18-02-2025,691.54
0c98048d-1de1-4cfc-b4e9-5c6fa784abda,1100,546,29-07-2024,1185.04
9800a3fe-b6bb-42ec-8212-52bba332bdfe,1005,550,01-04-2025,1245.2
9764be13-4869-4654-b1e7-5455fb6920ad,1075,523,17-08-2024,1675.74
579ab3f0-69c1-4b26-b266-0a77692c8692,1043,550,05-05-2024,1600.57
ac424682-f7d8-4003-b040-b6bfe65362c6,1025,522,15-04-2024,1653.68
a569fd3a-45e8-4897-8b2b-cb0732fb914e,1003,544,21-02-2023,1260.43
d520b565-56f8-4b5f-a3db-189391b0e947,1044,525,11-08-2024,654.52
1c8eb48b-49ec-4364-ad8b-208e4c475bc9,1017,527,08-06-2023,398.38
45ca7c10-5124-4d09-a66b-6ed865dcb55e,1074,537,25-11-2024,1349.64
3c5e12e8-44a9-4e2b-aaae-b70ac6e4d353,1033,548,30-05-2023,732.97
5270c1b2-4c33-4f6e-b73b-ce73a3122f29,1088,539,12-01-2025,1025.21
a34ae3e5-6811-4441-ba8a-aa964e112917,1098,507,17-05-2024,1856.44
3f3a7c2c-9813-4167-aac8-4e4d980d4888,1027,544,17-08-2023,1111.97
0ec7fb5b-52ee-4605-8a4d-3703f84d753f,1003,547,12-05-2024,232.17
14bbb283-7caf-40db-94a1-b07e2212947a,1020,527,03-04-2023,1554.92
8230c8f8-b1b8-46e2-8e2f-dce39ffae183,1005,544,26-04-2024,205.01
da558d39-0257-4989-8c28-b9106bd39017,1025,512,29-07-2024,42.29
28a93319-7513-4734-a8b2-590dbb92e9ea,1002,501,11-08-2024,465.91
0bff6d04-c20c-447e-8bf5-6d04a1ad5d88,1028,503,23-01-2023,1637.53
a7f714f4-e4a1-4019-b7fb-c6ff806ac0b7,1036,511,21-10-2023,1977.67
7b604c63-f9a4-48f4-a52b-3e38acd08a9f,1027,539,19-06-2023,554.12
48605aa3-f6c2-49b3-b752-3e0ff15e9a5d,1013,527,13-12-2024,547.25
dba2f96a-b6fc-406f-bdcb-2af492d1a304,1090,509,10-10-2024,954.67
f5179332-846c-42a5-be33-f064206d5464,1079,502,18-07-2024,213.04
1614aa96-0b98-427c-abab-c85de8a0a747,1058,513,15-10-2023,809.36
560dede3-9a90-4d88-8b5b-9db73a292d9b,1046,502,07-09-2023,1139.03
a3f927f7-ced8-49df-91a0-043450195b73,1093,507,08-06-2023,728.77
2c0c79ed-1388-4a1f-9115-5429118822fa,1065,530,20-01-2024,87.46
1ea00021-2e40-41a9-967f-94b8eda5a20c,1014,514,12-11-2023,1694.7
74a43106-6348-4e79-9102-8d4e7461c6d6,1075,504,14-07-2023,1631.93
2c2f3889-af39-4747-9621-a748f68efaf7,1035,523,04-01-2025,1361.75
20ee87d2-94cb-45ce-a22b-7da96fb72c01,1012,547,22-01-2023,1261.95
d7449acf-4994-4787-978e-f2aa104139bf,1005,526,18-01-2024,1584.27
bce55132-7858-4f0c-857e-808fdb2e95ca,1020,549,14-02-2023,147.24
705f9b1c-6b1b-4c53-a561-7fe62f6b0203,1098,520,30-12-2024,688.88
dc45ac7d-87a2-47ab-8288-1d66fb720165,1019,511,11-02-2023,1199.62
885a2914-b2fd-45b0-bc1d-5f90da9be0ce,1028,506,24-09-2023,1292.7
404957ae-44f3-4b61-803a-4af79a10b7f9,1003,539,14-09-2024,1657.2
a8d16a4c-841f-4491-b5a6-c29e5c090de5,1094,505,31-08-2023,1191.16
d0f167db-56fb-41fc-87cc-4c9ba87a518c,1096,545,01-02-2025,440.76
d3c66ccc-3851-475e-b139-e98646ba1327,1023,503,19-03-2023,475.54
d519e936-609e-4749-8b8a-b0c7e9633993,1021,524,20-01-2024,830.96
5da0e074-6599-4ac2-9226-21a19d21b270,1038,533,19-02-2024,991.75
6d8d6978-e7a7-42f5-8ffe-789bcdd30f0a,1057,505,19-10-2023,46.02
728f1065-5011-4932-9e07-17db65660511,1008,527,07-07-2023,308.19
48c4b98c-ef3b-4555-bf5f-da1a0f2994c5,1044,533,22-03-2024,103.79
3393965f-0dca-457a-8268-35b7c3cda2a4,1050,550,02-07-2023,1011.47
cb33f663-89c6-4d86-a31c-2bf43deb42fa,1012,522,17-04-2024,1267.22
404a98a6-0821-444d-90ca-311810ce62d9,1034,515,04-01-2025,1729.86
30b0c7b7-834a-43f1-b33f-cc08cd797d4b,1022,506,06-01-2025,386.59
e6678f72-7166-4c67-98d0-3b53d6054332,1042,548,07-10-2023,418.43
e42409a4-e257-48c6-af57-f3dfe19374b9,1009,529,20-07-2024,418.44
9320488f-94a9-4a6d-a20c-f0937d401d8c,1056,549,06-09-2024,182.01
07784380-1483-4bff-a50b-6bcd8b68b23f,1027,532,31-07-2024,1583.3
397d6bf1-77b6-4280-a296-90eb40e04b08,1029,542,01-03-2023,1621.6
73bceb5f-9e91-4d0f-b923-de83c527f4a5,1024,539,15-01-2025,543.01
571f1c10-d3eb-470b-ba43-c6eb93717e8e,1076,544,12-03-2023,1312.87
f3b4aa7e-ea5b-4a62-bc3b-26fdf61dd75d,1050,522,03-11-2023,605.51
69dcd3d9-97a9-4a79-8e94-00b7492757c7,1073,530,10-02-2024,772.94
f124fd3e-1a2a-4b23-873f-b9ea0f2fe099,1007,534,13-03-2024,226.43
5c005e47-88c8-42d2-992b-ff92c27a1523,1014,529,25-06-2023,963.56
76cfa26b-f985-484e-8241-d84f414d2bd4,1015,528,19-07-2024,901.81
d3522635-ce92-45f3-9f6c-2b07e856cb5a,1089,547,18-01-2024,1147.91
8cbb0878-9b13-4448-b797-33c9aa5bea48,1043,547,08-05-2023,1956.88
a87f7424-789d-490a-a229-1d96f79b86f7,1100,510,27-08-2023,422.2
800b8bb2-79e4-4c50-8f3e-727b3cf4bd2f,1062,513,26-07-2023,419.6
45b2ecc7-5b51-43db-bc49-db0ef76fe53b,1084,524,18-04-2023,297.48
d5227019-52de-44b3-bd6a-1dc04fcb323e,1094,537,27-03-2023,41.1
4fe180f1-4131-44bd-9fab-b1aac85723a2,1001,528,15-12-2024,1926.76
712818da-82be-4b26-8316-f42d6fbaddab,1067,516,05-06-2024,1689.98
35265d8b-7605-4b03-8a3b-783234273c66,1024,520,20-03-2024,399.84
a7a9d7dd-8e8e-45a6-9f7e-2fb0b1684707,1016,522,26-02-2025,762.64
f8c0d762-3cb6-403a-8f11-d854669debf6,1080,543,14-10-2024,160.04
1013427f-3994-4acd-bf3e-5f71ee58beaa,1061,550,23-01-2024,415.18
9191807e-f93f-49f1-83ec-31c924c91dff,1082,525,25-11-2023,538.53
7525dc56-d325-4c0e-a98d-af2e4367fd32,1082,542,04-03-2023,479.93
3e89fb96-b23e-4510-b732-2b25a277073e,1050,529,04-04-2023,846.84
f2e9c56b-0f43-40e2-b34c-ca7887ad4c9b,1009,527,12-02-2025,1846.57
78a0c712-ec8b-4dfe-ab34-6aa0dcd055ff,1020,513,24-12-2024,187.57
6cbd1252-a162-4cc9-ac79-f1a4eafb0f66,1030,518,01-10-2024,1927.28
e7e8fae8-1e9b-422c-9840-c8b840f66caf,1100,519,04-06-2024,611.54
74de8696-9842-4a40-b911-78cde7e4015a,1001,549,19-10-2024,376.97
d519c16e-f782-4dc4-a528-ae6f0bd35ce7,1060,536,01-04-2025,1306.41
807b8012-529b-42e8-898a-24ff6844c08e,1073,510,05-09-2024,1807.38
a7667b75-3465-4c97-b42b-e34020ef8675,1044,510,13-04-2024,541.08
94188287-93a2-4e01-a8a6-029736d1629e,1037,507,26-12-2024,1073.23
25fd6621-1470-40e2-b77d-058f60a02e12,1062,532,15-01-2025,1456.49
c0e70613-b8ec-414d-9685-5cb032aa788c,1069,504,05-10-2024,557.61
e3b05ae7-eb88-40db-b03b-f928602d5291,1072,550,14-07-2024,1782.8
3c9ade13-627a-419e-ad1e-45a6bb46432f,1070,543,03-10-2024,1349.41
d3bc893b-ef7e-46b0-9950-6a8f9111b9ef,1015,516,25-10-2024,1602.79
4b7fd02f-2a7b-4505-a583-ab54d5e1e08b,1053,522,03-12-2024,496.86
fd281d25-0951-418c-8731-af338e01379d,1027,524,01-03-2025,59.22
663aaa76-54ca-4533-93be-94724994fa01,1090,510,23-04-2023,1469.62
460a3481-2aba-4fc4-b65c-20469ac3bb24,1003,537,01-08-2023,1248.74
288db89f-1f2d-4bb8-af5c-098dc72e0e1f,1045,534,26-07-2023,584.47
b064d36f-f7c5-4eb8-99ba-0b318f1edc6a,1070,520,21-01-2024,732.3
8af7c2ab-1a9a-49ef-a68e-6d6f19a8a551,1007,503,17-07-2024,992.48
d40341c3-706e-408c-a49d-a38418372288,1090,537,12-02-2023,1844.84
0dccfec1-a140-463e-9db7-97fab7a04014,1049,540,04-03-2024,609.13
91c801c0-d036-4a24-b5e6-7b2f671b08e3,1024,529,23-08-2024,295.04
d0e659a1-4713-49cc-aaf8-0c000fa46427,1050,542,27-03-2024,1720.6
d60d3cc5-ea23-4ddd-9536-777f6ee644d1,1081,522,09-11-2024,795.78
5769d666-8301-456a-a19b-6a40b392dfa3,1032,530,14-01-2024,1314.91
aabb81e7-0a52-4f1e-81f8-175d938df783,1034,506,10-03-2023,900.23
570c34f7-e020-49ab-b82f-1a4af36eab18,1027,521,05-10-2024,417.58
4e083fb8-f9cc-4e3e-a8a6-f863e85ad805,1096,534,11-08-2023,1089.28
c87ac8dc-a476-4ce8-bf73-457e1754e8ac,1013,525,02-12-2024,1915.22
24acef5e-bd46-41b1-8cd4-2deb63b2d4c1,1094,531,28-04-2023,1067
d1f94435-6128-4640-8481-b6df983d9bda,1034,510,01-07-2024,1439.34
af9fb993-b28e-40b9-9114-fa41520e12ca,1007,536,09-03-2023,1231.04
b1283674-0df4-4840-b0f9-75091c4da2ac,1062,541,20-03-2025,149.71
f90275f0-e1e6-4f30-b23f-f86b212737b1,1092,547,30-03-2025,1501.36
f841b562-d36f-43d2-8326-ba3404c1e5eb,1016,528,24-09-2023,978.49
39840c90-259a-44a2-a7db-581ec0c9f94e,1092,504,02-01-2023,711.44
bf722359-24a0-44df-a2b9-6df108bf9bf4,1050,526,05-02-2025,1901.4
19a5cf87-255a-493f-88a2-5d1b01f64add,1035,537,13-09-2023,1243.03
dc211903-a314-41e7-a694-aeac79954b09,1086,541,13-11-2024,453.52
ee079703-de7d-48b1-8aa0-0819be4e9398,1097,531,20-08-2024,1187.33
7e94b991-d43e-4f80-b301-34a9b5607063,1038,517,23-02-2025,1161.2
ed011baa-78a6-4488-9396-a9b23a27dcbc,1082,539,29-07-2023,299.27
2654a752-3486-48fe-a050-3f9ecbf736ba,1082,523,05-04-2023,660.75
9cc07421-7db5-4720-af32-02554422105c,1084,501,28-07-2024,1813.69
08dfae7e-cdce-47c2-87e9-39916acbfe28,1022,502,03-01-2023,295.66
86c30877-a200-426a-9a64-946c61cde58c,1053,526,13-06-2023,1039.12
efa85e5f-8595-489d-b303-c47faf66ca8c,1090,541,03-12-2023,858.33
245c56bc-279d-49eb-be2d-1b943a017415,1040,527,18-01-2025,1296.65
2ee0bb7b-347e-4751-8edf-177ff2b6cdbe,1032,539,02-12-2023,1562.06
f0c1070f-8b00-47a3-b7e7-891e2f6ae1b5,1085,528,24-04-2024,1958.19
053de5c3-a1af-4fb0-a4b6-ee7eae8e01d5,1071,526,03-05-2024,1018.84
89e8ac11-2a7a-4899-8ea3-25a71c9f259c,1049,544,09-04-2023,655.96
420bd867-aa85-4c7f-9c5c-36313b46dc8d,1065,508,16-08-2023,75.79
1381041f-c9c0-451e-b93b-14c07f7df9a6,1078,509,24-12-2024,1422.26
35bd8b8d-4d9f-44eb-925f-c08cdb732152,1070,529,23-11-2023,139.86
617c9453-11f7-4e22-925a-8443d6035b62,1004,534,19-05-2024,1356.67
4284666b-806f-4f1c-986a-3bf8c3ee1975,1042,518,28-10-2024,1585.46
3d1a40c8-7bf1-4e42-a66f-9592ad6bc56f,1076,532,12-04-2023,1956.99
500464cd-d602-44f6-a44a-8e3af2f8e425,1087,510,18-01-2025,338.54
fe38dc91-f075-4523-a2c5-734a1b4bc629,1090,545,27-05-2023,62.22
6c569204-12b0-411f-b77a-a099db614319,1011,519,18-03-2025,1008.08
89fb1719-ad16-42af-a7e7-8b653a91361a,1085,530,10-02-2024,69.25
8076b03d-bf9c-41e0-abf9-e1a0b94d7e51,1005,517,30-07-2023,459.79
673b2fe5-9e1c-4c9e-b82c-1adcc4ea41da,1019,517,23-12-2024,1528.45
84d1924e-49ae-4afa-b201-87c7f529554b,1054,509,24-12-2024,644.31
b2a916e5-0a3d-47b7-a7aa-8a03ee4c2bde,1065,516,11-05-2024,637.01
ff644dc4-3387-40f7-8218-71ffe0bdc6d8,1082,546,14-02-2024,1830.38
e30c76b5-a9bd-4098-bca6-c5d244b182ac,1045,544,22-01-2025,216.2
0dac83e5-ab36-4c66-ae89-f2f9f742c7f8,1060,507,04-05-2024,961.43
82f1c036-2c6c-48c9-bdbc-b31b784de8c4,1027,513,12-03-2023,326.66
400a04f2-f521-4c45-bb33-f18b997b3c04,1085,546,22-02-2024,916.21
97ae0c80-859f-4cc0-865a-b13c9bfff449,1053,550,02-07-2023,1136.1
2d331c7d-d9ca-4840-bf28-e26daba34942,1064,504,27-01-2023,266.29
1cdf8f18-cd20-494b-b351-f2c4acdac066,1027,505,24-05-2024,97.94
b576c341-6931-41f8-8679-06fbb98daf87,1020,519,04-04-2025,1825.03
eab12bbb-60d0-488b-9d1c-ee8dd5862d51,1056,528,18-01-2023,1741.97
5c584bde-97b8-4465-84c8-ffef06b0e2b4,1031,548,16-11-2023,133.39
790fd07b-344e-432b-ac5f-b54f8c1f7b89,1038,510,08-04-2023,860.41
e2479946-f331-4820-8ea6-868104fd686a,1060,525,17-09-2024,876.12
95286a46-61da-4250-a2bc-118385a10ce8,1066,541,02-05-2023,1730.79
0421d560-b1e8-4457-930a-e0fe35330fc8,1030,519,12-08-2024,534.44
493976f2-20fd-423c-87c0-7450a703d37b,1013,523,03-04-2023,1917.71
e2b3b9ff-f0ee-4611-82a1-47760781ba54,1099,503,19-03-2024,244.62
ef03b081-083a-4b93-ab9b-38c4ab8f9b1e,1084,523,28-05-2023,1617.72
178622e6-83f0-4e20-b0a8-3bdfd5af01dc,1061,510,23-03-2023,351.8
48474f21-77dc-4c14-8204-0967914557ea,1079,538,07-10-2023,471.92
a5d262ec-7744-49a7-88b9-2f700846a327,1046,545,11-12-2023,1030.09
3306bede-b743-41c9-9aef-0caf9f8540b3,1075,528,18-07-2023,213.15
224bfee7-ac2d-4c6d-954f-ba447ff12e40,1088,523,02-02-2025,778.13
abc9fa7e-3a61-4c48-a353-82fd3bbbdeab,1058,549,28-03-2023,84.01
cdc3e491-5276-4e8f-b751-c471f6b5cd85,1052,507,05-01-2023,1589.04
4942e1c9-8d34-444b-a8bd-1c4a4b9bc9fa,1019,547,11-02-2024,197.89
3b0fa893-8745-4a3d-b27c-37396731f7da,1076,531,19-03-2025,231.16
ee08b3bd-99ec-474b-888d-e5c1941b95eb,1072,525,29-08-2024,938.5
ae1fac5c-3ab4-4630-adc4-46b2af812d3a,1020,544,29-10-2023,724.31
91a38fd1-0b4c-4968-a29f-9519a10c82c9,1066,527,11-08-2023,1246.81
4f1227e3-a533-44fc-8bac-419c4959015b,1100,544,12-05-2024,1523.41
a06f5c81-ed40-4413-a265-571a35842643,1031,517,31-03-2023,76.38
898db9ba-f208-4e01-9d7d-b4a0b0c554ca,1048,531,23-09-2024,328.97
9d4dc735-1790-49c9-8dbe-fdf89f916372,1079,517,16-06-2023,1114.58
9bf4c0f0-b523-45dd-a6e5-7273f2c9960a,1067,532,24-01-2023,866.34
f0331331-d279-4a0f-9567-24d06f75061d,1038,519,05-06-2024,231.86
d2dfaecf-c78e-44f7-86cd-b9337f10a97a,1047,548,18-05-2024,282.39
d6f6c419-a0c7-4398-8b69-85ab8e022d9c,1092,501,13-08-2024,1871.56
9b92882d-95c2-469f-bf3a-6769bf41ece2,1066,516,15-04-2024,915.93
d75a7c00-67cc-401e-81d8-0d6f6dda450d,1057,524,11-09-2024,1309.87
c13e5723-21c1-42b1-b70a-201323369f25,1078,549,17-10-2023,74.78
f4fb9321-3b88-43bf-93b5-afcfe2c27960,1084,550,11-07-2024,1750.4
d74c0f0d-e306-49a9-8dda-8d3ced2e7884,1011,535,14-10-2023,1381.13
a321b883-b1ce-4c34-8d90-29d46c1d6981,1061,549,12-03-2024,418.57
d80d98c6-a9eb-4257-9a5b-bb2b2479fe36,1006,518,08-11-2024,110
2faf9f5d-3347-49a8-aaca-a72b3afe0ec6,1046,541,08-03-2025,1656.47
25bc293d-7064-40b8-9a2b-cf62db3fefc2,1013,526,23-07-2024,1420.93
aa32a7ad-588e-4ee2-8037-903259ce45c2,1025,534,22-08-2024,348.85
1c3d1ec3-ab1b-4f2f-af6e-257eacdbb099,1051,524,28-07-2024,1406.5
de98cdff-605a-4d4c-8ec3-207b4ebc731f,1076,542,19-10-2024,193.17
286a22cd-aa24-4747-b7c0-7f253c890351,1044,529,27-03-2024,1081.84
7ef98506-eefd-479e-9ecc-c10b31c1f9e5,1100,510,15-01-2025,904.69
16bc0e46-03e7-4eb8-8cfb-c54a9ee4f768,1012,537,03-08-2024,1706.28
2a2425d1-2adb-4eb7-9db6-19510c87797d,1095,504,23-02-2024,38.85
60602af9-39ad-47ef-b2a0-23732f8095db,1018,529,28-04-2024,563.17
a57486dc-b32e-4a8c-adfc-0f83b3afabe6,1001,524,21-08-2024,1434.84
1c5e360f-7e62-4588-ad55-31a1f7b3e617,1031,516,13-08-2024,1186.61
e76b2c7a-0db8-4290-9676-6e381d1a9431,1032,504,28-04-2023,702.68
ab007b40-ccad-4325-bf8c-7b8b517b595d,1045,508,15-01-2023,892.29
38578fe1-802a-435c-853e-a250aae3034f,1056,514,31-07-2024,185.19
e7a50dbf-591e-4c59-bf49-4492a6fe1ecb,1058,544,30-03-2023,83.41
35edb1d3-8e55-4a07-a510-78ae2465fa34,1003,529,09-08-2024,209.8
5fd2e6d5-c594-4de1-bec4-843d2bd016f2,1062,519,01-12-2023,1348.12
a717859c-305d-45d6-ac60-47177a7f1398,1056,512,25-03-2024,404.37
ff6428e3-26f8-45fc-8339-4f4569b8847f,1009,533,20-07-2023,48.17
914e7dff-6756-4adf-9c8b-8d0ec7e8cb1a,1073,529,12-02-2025,1102.75
da2de9c1-5f3e-44a6-a7dd-0d3f2ce01d65,1014,505,25-08-2023,1825.93
e34f5a96-dde7-4aa2-9290-d6989021b8bb,1039,513,26-05-2024,619.64
872964bf-e18f-4f73-abf6-c586050fe9b1,1091,501,18-05-2024,1952.27
0dc09b11-0793-445c-99e0-22bb78ca8695,1084,532,12-07-2023,1684.96
62469cbc-bf50-478e-9803-90d475f76055,1059,502,18-05-2024,384.18
62e113ce-5b83-4949-97fe-308591ef9c5e,1019,530,15-05-2023,1671.67
fd5e1c76-9e80-4246-b686-c1c15b52b30b,1047,513,13-11-2023,1148.26
47272595-699e-418e-a990-7fb88699831d,1029,541,07-05-2024,821.79
bdb81cb5-f479-481c-ad41-74886c35fbe3,1005,514,05-06-2024,1786.01
8d89126a-3d03-48d0-9acf-73e387f52e2f,1004,509,30-03-2024,1605.59
0dd5dfdf-c532-4b77-bc40-600857470ea9,1025,516,24-09-2024,862.35
3b6704d3-c63f-4eae-8d08-7994170a88ab,1032,504,03-03-2023,491.35
c18099ab-0e6a-4607-8fbc-616efa47b0c7,1002,526,24-10-2024,1347.56
fbee391a-5b49-4842-906f-75b932534e20,1078,508,22-09-2024,572.21
fd997fd9-237c-4876-be86-d438b2efe7e7,1045,506,19-01-2023,1424.77
b00ac8fc-7005-4da1-bc12-554a07caf723,1022,517,14-02-2023,738.82
9d442b2c-0a3f-419f-be9c-2abb8fbb0ab0,1003,513,14-01-2025,1615.9
07595d27-ef5f-43c5-b0f2-8710b9b135cf,1089,522,20-08-2024,143.47
10ea1b33-3d53-49dc-a89b-83cc7cbbc446,1051,541,19-12-2024,1805.83
8fa8a972-45c3-480e-9c96-973afd621704,1072,541,08-06-2023,1533.73
b09d8c91-aa78-419d-975d-f8caf6822285,1004,536,02-02-2024,1129.38
69b94c6f-7f6a-4ebc-a940-ba84ce26423b,1091,507,28-11-2024,116.35
a41424f6-4bd8-4533-a23b-5eccf1cd1608,1099,523,04-10-2023,1889.26
9245c9a1-0c4e-44e3-b782-918b3bc493bd,1097,524,29-12-2024,1258.66
b564ce36-2796-481f-b4c9-4edf8583f146,1023,519,15-12-2023,959.46
bafbfec5-f0ff-43c3-a5ed-2579c26ff3c2,1021,549,23-11-2024,23.99
d97b44c1-85bf-4234-ac73-eec342f843bf,1003,527,20-01-2025,186.29
0751d6da-13b6-4ded-a041-be9e1f482163,1090,540,21-10-2024,1824.26
59a7e3c9-8775-42aa-a798-af5d1624a56a,1053,543,26-10-2024,1682.41
a6dcb3e0-9ce6-47c4-b5ee-2a3c8c9056b7,1017,537,20-10-2023,1757.63
29455622-6403-44cf-9785-c781d595c2b0,1050,550,27-04-2024,786.21
301defee-9819-4568-acd0-23914255c274,1028,506,25-05-2023,1490.13
a5ea7622-d661-4dc4-946e-253cde78be67,1001,543,18-06-2023,1278.06
1fc375e1-71a3-4ba9-ad5b-631b8173183b,1028,539,21-01-2023,536.97
742fe7b0-fa21-4f1b-bd4f-301cce3a2ae9,1098,534,14-10-2024,609.26
df680534-3201-4b59-a7b7-a84ed28f4c9d,1019,506,22-06-2024,578.99
89949f2b-e092-4e78-9915-6f9d4161c780,1082,507,26-01-2023,473.1
74ddf612-7be2-491c-ad4d-56b393362d7e,1081,527,20-05-2023,1483.82
7e458b53-1708-417a-8aab-ca7d1484f2b0,1074,528,19-12-2023,279.39
ed94a2dd-b30e-4abf-825d-a6a624376ecc,1046,508,27-09-2023,1286.65
947d009a-4bff-473e-be10-952aad482b0a,1071,519,12-08-2024,396.33
65cd2d33-3412-4184-91d0-33b2ec164716,1078,523,20-02-2025,112.74
d86c0df1-7720-48bf-8756-8e46ff261257,1082,538,17-10-2023,297.54
b82936f7-001e-4eef-a1c2-82a147b3af23,1047,540,25-07-2023,1249.17
ba70032e-2130-4ec8-bf0b-38424ecd13e8,1035,546,21-08-2024,960.45
d8e34349-35a8-4873-b3d3-f326987afb27,1032,512,01-12-2024,1005.72
4ce7a3fe-be0a-4255-ab6f-a6325b13aaa5,1045,543,18-01-2024,1420.93
967c6a95-8308-4fc5-8e3b-08ad8786f769,1062,514,19-05-2024,139.69
94ad440d-85e4-4426-a041-457fd3816b6e,1055,547,29-12-2024,1492.33
138762f5-4eb5-43f6-834f-cee8a02181aa,1001,542,05-03-2024,1520.4
bf66711a-88bc-498d-a2b4-7f48940afb16,1029,512,03-03-2025,1342.52
112a0d6c-362a-4b31-b275-d101ef3fb774,1040,530,28-11-2023,1449.86
64898ec7-3bd8-45f6-bdc8-13d316846fd1,1013,501,29-10-2023,785.76
b526ca5d-61e4-4451-9074-3bfe1ef309fa,1045,535,31-05-2024,668.78
40266b1f-7588-4cb3-a7d0-fad647251973,1076,507,10-09-2023,896.53
9b670951-935d-492a-ba81-599f25acd3c0,1081,508,06-06-2024,1940.71
383835fd-025b-4df5-96f7-513db13d7050,1023,532,18-02-2023,1338.13
f7bb5630-4ccb-4845-b441-7c506f27a2bb,1095,532,19-10-2024,990.69
a39ac1aa-b102-4dfe-b91c-67e335ed47d4,1073,504,30-04-2023,365.51
c71e9b07-11d7-417d-8e4d-0755d51e3d33,1080,519,20-12-2024,1041.74
53971496-aba2-425b-afc8-03498c5865eb,1028,506,19-03-2025,1593.32
4d65e604-5a12-4dbe-a8b4-6525beb3158b,1093,522,15-02-2025,1008.01
695a12b8-2f94-4c5b-9921-7c724c46ba0e,1082,513,15-07-2023,1349.87
767355b0-408a-4979-99a2-32e019a8b9e1,1037,501,15-03-2024,503.03
042eeba5-ba9a-4093-8f56-9f8bf6a01a4c,1060,532,23-09-2023,1560.54
061d9bc0-b70c-405f-a177-e83bcb147112,1024,515,24-08-2023,1689.4
cd96fa43-bfa6-4fa1-904a-911bbdc8e07f,1030,534,14-01-2024,1214.61
112601aa-7186-4447-9366-d933cc899b17,1007,545,06-05-2023,1640.15
1ecc95b5-b945-4a3e-8162-919370bc412e,1015,533,14-11-2023,1520.29
cfc01912-a367-4efe-910d-8db7c601e373,1073,548,09-01-2023,758.77
a2106cf4-b68d-4e5f-8910-234ab1a1b5f5,1059,503,25-10-2024,325.7
3b49c42d-3074-44d6-8271-088feac562a1,1041,513,16-02-2023,333.05
e34cc8c6-dff9-4701-aac1-91d70729cf22,1034,536,25-04-2023,1434.74
81269993-2081-4d3f-80ad-d5cf62869898,1033,522,14-08-2023,570.96
33f4c2de-c920-4c98-b578-8b00156db549,1039,510,08-07-2024,507.89
ea20349c-b5f2-4df3-b720-1ba9e1b512d1,1068,522,20-12-2023,1424.22
484ffd1b-1733-47d3-8f92-72104c84e8ec,1097,537,31-07-2023,1279.18
6c59f5fe-9cf5-4b70-9614-936814bde24e,1077,537,18-11-2023,1423.81
240f3e57-0aaf-423a-b07d-c75180022d4f,1098,545,30-04-2024,825.36
5dd2f2a4-7433-4ad1-b694-6aa87a650ed2,1039,522,28-01-2023,929.32
daa20781-acea-4046-9c81-c2ec71f2c7a8,1060,501,22-07-2023,849.38
13ce9a1e-507f-46a7-84ef-b5f2205d18d9,1096,502,26-01-2024,1123.47
90fa9aae-1bfd-47aa-9d9b-c543f14ba649,1055,502,12-05-2023,574.2
6c2f6940-45cc-4abb-b176-116d542f4d79,1044,546,13-09-2023,1503.38
1ca2b9c8-392d-4f49-9cc0-5b5e71e25c7b,1041,527,13-03-2023,170.74
0a3c2210-7982-4576-bf2e-58dca8f6fb72,1061,539,07-12-2024,441.14
c9023a8e-5320-4082-904a-e0008b1d7eee,1016,514,05-11-2024,1004.69
4314d526-cbca-40c0-a94d-290af991d56e,1080,538,07-10-2024,982.99
2e6a4698-54ed-42a2-860a-7bdfbf872f73,1053,528,31-01-2025,989.93
1e11e036-5d8f-4ed5-8fd5-9957ab8a7b48,1012,515,19-12-2023,130.02
94176c30-8440-4e6d-bece-13b9704bcad7,1074,547,13-03-2025,1431.8
82170c8a-4361-4b56-9b99-2e4aa6af2c4e,1064,527,18-09-2024,702.07
c8c10e9b-9fd7-4374-89ce-b51f6b2dcf7b,1087,507,16-10-2024,406.91
51a80b1c-2434-44e0-b44d-aa6a46255efc,1098,544,18-05-2024,690.24
3678efe5-1944-421b-abe2-71ea1e541995,1007,504,27-09-2023,711.22
cb303e37-ffa4-4b75-859d-b1c9937af9e0,1034,505,22-01-2025,1834.89
917362c8-1c27-4409-abc1-62d1fddeeb95,1016,518,05-05-2023,158.85
b36a89c9-61ff-4ae2-884f-4b35c4892eec,1072,542,28-06-2023,42.84
19103c90-9cef-4dd1-8fdb-214a79aa2ef4,1006,518,03-07-2024,942.76
085d394f-ece5-41cf-83ac-4ecf8b0ce7c6,1072,542,05-08-2024,1204.03
3ba2df00-0b95-4225-8974-3ca8636e7465,1090,546,26-06-2024,50.7
77477b33-3449-4755-9e4a-0c29cf00ebf3,1027,506,23-05-2024,1892.29
39f01a99-fecb-49fa-9590-213faa8c48a2,1095,504,15-01-2025,1990.71
630493a0-8892-43cc-bf04-e2d1ba99772b,1062,516,02-03-2023,1436.78
84ab2644-d0ae-41d8-a8e7-bfd5587cf1a5,1075,528,30-10-2023,754.96
4e2ab7cf-1f00-4df3-a6c4-3ba5703912e9,1016,544,18-01-2024,132.29
dc6acb70-8d1f-4ff2-86e0-09b4ef503a73,1091,526,19-03-2023,134.26
447e534d-83f7-4822-866d-4f849f78ca68,1024,522,10-10-2024,1829.48
0e1e383a-bada-48a3-87e4-b08b0f81e1fb,1033,519,09-01-2024,597.17
b23f6f0a-396f-4a11-8038-371a9cad0755,1019,549,18-09-2024,1397.22
9adfc8f2-69a5-4f8c-ac28-3761af75d5f7,1054,527,22-03-2023,159.8
452a0a07-be30-4757-b731-17aac581f144,1009,523,27-09-2024,901.78
fcd62f51-0c0b-4069-95d8-89295420fc53,1096,545,25-03-2024,1234.93
f45ab1d0-7db5-484c-849c-17c2c6680b99,1040,526,21-11-2024,1506.89
61f7ba58-39e0-4b2f-9f83-78b14240f7e3,1094,512,06-02-2023,724.82
8a78bf92-83a6-41a8-a9e2-7ba33c961e9e,1044,535,02-07-2024,646.86
882ab776-3832-42e6-8d1c-3193079d378b,1001,544,27-07-2024,1925.07
497e4114-575a-4601-bf89-a1b0b6396156,1032,521,20-03-2025,1461.92
566e0c3f-60cd-4c23-90f0-5475f2574891,1025,549,23-05-2024,894.28
fdd370f5-9060-4467-8c01-b6c90799c383,1079,504,16-03-2023,1658.04
ce225a8c-1017-4a7a-b27c-9c040b751d5a,1098,509,11-02-2023,471.32
c186976c-41b6-4df3-9f1f-3d533f62f19b,1075,514,14-04-2023,1811.79
f726fbc6-1994-4cd0-9175-60b32f2e84e7,1081,538,16-09-2023,1121
3c978232-8ec1-4f28-a6ab-5adb3e3056a7,1037,536,06-11-2024,1248.11
2e51c757-f698-4522-9838-5a7f083dc7d2,1093,530,15-10-2023,1726.23
465c5dbb-69bf-4696-9712-48ff79f7a462,1005,511,30-11-2024,1947.59
435d6fb3-9c52-4b9a-b840-3ef67567bbab,1044,541,19-08-2023,1409.6
318d69e9-9341-42b4-8789-016f9a14141f,1045,529,25-11-2023,998.02
3ec2e5d6-de04-416c-b38e-c85922aa24f5,1045,543,02-07-2023,625.28
7bd64435-5473-45c3-88aa-fe3f772895be,1082,502,13-09-2023,449.27
6effe9d0-5151-49b5-b5ae-15e6fcdc9f36,1016,528,02-06-2024,224.77
173956ab-cffc-44cb-873d-3521bb462aa2,1069,541,24-12-2024,635.15
41210667-9ee1-4f6a-b8f6-599a8982c409,1092,542,29-03-2025,1541.02
70b2066b-3ca2-420a-aa71-45a9dba9eeec,1049,531,28-01-2024,1590.03
97f8d0f7-af93-44cb-9756-d10a5cac3879,1066,508,13-02-2025,1591.08
af04bd06-752a-4249-810c-e6ee8ea5d447,1041,513,24-08-2024,339.52
67f59fae-482a-4d6c-b0bb-0712ef20421a,1083,505,08-07-2024,1148.23
509db14b-a02a-4fef-b436-155ee67d0fa5,1012,508,09-04-2023,1313.53
47a2222c-6bee-4d8b-b729-7951d59ca8e9,1049,533,10-03-2023,875.35
e4760c95-2fbe-4152-bdb8-859128bac87c,1004,504,27-02-2024,901.73
e7b001f0-775d-40b6-980c-f2f434e0cab3,1088,508,03-12-2024,113.95
4a66deda-ef95-4bd6-b240-0bf8d9794c98,1084,517,27-11-2024,1966.16
c24c8be3-ecb0-4453-9ea9-568f97960fdc,1048,549,03-08-2023,625.34
e97fccf9-e510-4162-9314-5aeef2d4a8a8,1079,524,25-09-2023,696.85
f0b089dd-8e6f-45dc-b6fb-1e0b6cba87d9,1036,528,20-10-2023,224.57
f09b0cc1-9d79-43b9-b86a-a9cbc30566f7,1015,505,15-02-2024,1827.5
b549ae65-5d59-409f-b009-39d6daacfbc1,1013,505,15-08-2024,268.83
64d33840-c1be-47b5-9864-81a03169b1a8,1013,518,06-01-2024,1905.81
f25b0c5c-0102-4ed8-9949-7e2f931e22f9,1004,541,16-04-2023,1219.46
9b601c2b-4d9d-4d76-8204-b7d1f8348714,1025,501,18-03-2024,383.51
1b09058d-a43e-4f5f-971c-de6a42532b40,1099,532,04-12-2024,1895.92
f12d4308-4505-4040-9290-f5d4a3eb56e1,1056,516,29-08-2023,1776.83
a1b58b58-2dbe-420a-ae7b-2a9d4819c027,1098,542,14-01-2025,1879.21
a214d28c-3969-4958-8325-9c43074a8e64,1079,510,18-12-2023,700.15
3f2563a6-0c95-48a0-89e0-0a92c836ca26,1034,507,26-05-2023,474.61
00ff0ad0-638c-45a0-90c3-06336659476f,1052,526,31-08-2024,1362.77
4d1c4ae0-ede9-44f3-a58c-52d268d4272d,1022,510,15-04-2023,979.9
698634aa-a81a-4d12-87a9-d9cfd0c0fe64,1047,502,04-07-2024,1839.31
973a9cbc-506d-4a29-b206-9ea6585afadb,1021,518,23-05-2024,30.7
517c8242-fe72-472a-9dc2-008166580603,1080,520,09-05-2024,1100.42
22aa5297-8589-4022-b6e6-969e134dec0e,1061,523,03-03-2023,1264.99
f2e67b24-24e7-46a9-ade0-31389057ba00,1090,526,07-02-2024,318.19
78499f16-dd4b-47bb-a55f-6b94257555a9,1040,515,03-02-2024,1687.86
d1a78a21-16b1-4455-9e97-985802918cbb,1009,536,14-09-2023,1673.34
f8da91b4-763a-4047-b716-3618c9579429,1044,528,30-12-2024,528.83
e55a2192-0c04-4de1-a65c-ba93c97d351f,1031,510,24-05-2024,118.02
2303b2d0-1fb7-4c44-8062-17ae0f86ad91,1031,535,31-03-2024,507.39
23146f00-e815-4d34-96e4-da88b7da0db7,1001,534,20-11-2023,217.78
1b58d17b-c0f4-4e44-ba15-563a732884d1,1009,545,30-03-2025,1818.36
fc6c4111-532c-4b18-86ec-a8dec9d4e39e,1058,522,12-08-2023,1717.6
26caab31-b322-47b8-9158-e0652563b27d,1027,511,18-09-2023,552.06
37df6c36-4ec0-474b-b27c-f8638814cd05,1030,542,04-07-2023,693.89
e8d0e53f-c8cb-4429-9af4-ca603db0a42f,1015,525,08-01-2024,1857.94
55832b17-a24b-4440-96ca-a13b28cebc36,1014,522,08-02-2023,175.34
652ef7ea-176b-4b58-bd7d-34f1c09741f8,1061,524,15-03-2025,369.67
9266dfc7-06ed-4a4b-8da0-cfcb1c13543b,1084,506,15-03-2025,1722.9
51e27b7b-8f8a-4ab1-ad2c-9768d7f602a0,1059,549,12-01-2025,1272.57
b810614a-293e-40bc-8615-19145c619ae5,1010,533,05-01-2024,1632.14
e2649e28-0e05-43bc-8ae8-e33fa785e4d6,1058,543,06-04-2025,1250.65
733b5b96-6332-4cb1-9dcc-1e4649dee25c,1080,513,23-10-2024,71.11
38d3f5e1-5d0d-49eb-936a-dd40c687b1af,1046,530,14-01-2025,27.09
b44908ca-27c3-464e-a3af-69ad7744d4aa,1077,528,08-12-2024,1736.83
eeb995b6-8ba9-42bb-9c89-ee8dc007d59a,1049,523,25-10-2024,585.19
1d894ad3-a809-45ce-bfa9-db822df07aff,1025,524,12-11-2024,1523.61
3cc40051-e4b7-4fcd-acf3-71716a91217d,1051,507,28-09-2023,943.07
19e18845-b2fc-467b-8f37-2ba24946c36c,1002,504,18-02-2023,1316.21
b6e4cc4b-04aa-4e12-a297-34eba2a717f0,1003,521,02-09-2024,1379.77
635f172a-f809-4d83-9904-961ad28b411e,1055,530,11-05-2024,1330.11
1d27fb53-be6a-448f-9ce8-8e0389cb8518,1044,527,05-01-2023,900.72
1e4a9ccb-e934-4696-9f2c-367c45524590,1041,516,14-03-2023,1301.91
b7d41db7-cc61-43c6-9a57-295f53b62d91,1009,550,22-12-2024,1208.68
da686db9-1b90-459d-a015-cea6d6010164,1078,514,24-03-2023,1570.77
4b192f34-1596-4f02-8fc1-d572f1447a44,1075,532,03-01-2025,1782.77
6ac7ecff-f79f-4494-a59f-0d0da2990145,1076,537,31-12-2024,980.51
ac24a765-12aa-4f8a-8937-3b8e4d106b57,1007,519,10-04-2024,432.16
4fb76867-2fce-4e8b-9eb0-c0c07afe3ee3,1047,501,06-03-2025,649.18
4dbdc463-9810-4b97-bc57-eaf914e3f1c9,1056,531,14-12-2024,225.65
3c9e94a3-1a63-4c7c-bcb6-552b51b24d74,1093,519,31-12-2023,1816.47
e8c39d4c-652e-40a0-88c5-f94d082f6183,1041,510,15-02-2023,1763.08
3508b9e3-2153-4740-a752-8e627eb40ddd,1044,529,22-02-2023,987.95
45c8ac13-0b75-4fd7-9336-552c5f720d14,1083,501,11-05-2024,1506.05
ce5ce6cf-0765-40cc-a676-66feb3446307,1010,524,15-03-2023,1687.99
906b7340-aea9-481d-a675-9f5d8c02a0a6,1003,508,16-04-2023,1620.67
4e911f7e-329b-4134-a00b-f864565226c3,1045,531,07-04-2023,1713.26
2e57e996-8ba1-4443-bb68-d073209fecbc,1045,530,18-09-2024,1689
cd5a92e8-f067-4545-a9ef-26ee830bc48a,1092,524,18-01-2024,1421.03
4e34faa9-c708-4d9f-a743-4e6d1588be8c,1093,540,08-02-2023,786.39
0722daa6-3d07-4d83-b5c0-af5463dc5b0d,1056,518,23-01-2023,620.29
c043a4da-6805-4a6f-8164-249b7771e966,1017,545,05-03-2024,634.27
01cf4a85-bf4e-4d49-ae95-d9d4a83f0034,1031,506,01-04-2023,775.58
39445693-98cc-44b2-abb9-a36187900bbb,1012,520,30-08-2024,117.82
1ae793d2-4064-45f9-b5d2-26b0899877f7,1020,549,09-09-2024,1970.74
85837943-4f17-4f62-9636-917a95d17609,1095,528,08-04-2023,750.63
4b2796b0-4e0e-46ad-8480-76123a510f01,1069,517,18-03-2024,528.5
37cbe630-222e-4906-9326-32ea67609300,1044,519,07-10-2024,558.2
2d3c63d4-6a05-4650-8392-893538db1325,1050,548,07-03-2024,1794.61
0a4f1807-3366-43e5-9ef9-b7dd188a5422,1037,501,06-11-2024,1906.27
6cc6c8dd-0a21-4d6a-89d2-f57bd73be558,1076,539,03-10-2024,426.52
c2d48116-9307-435c-a392-e46576363448,1032,535,06-02-2023,1886.46
ed92c423-dce7-493c-afb7-2c0a943363ae,1071,524,28-10-2024,351.03
4aeaf5fc-99f8-43d1-8e01-650272a5a83b,1014,508,23-01-2024,1466.57
ed0a960c-3135-4640-811b-9e444c820320,1014,507,12-01-2024,705.24
f82c96ff-40ab-4a56-8de7-d6852e95cf84,1002,528,01-05-2023,1983.37
9a219100-4acd-4d7f-87bb-ad53fc93bc22,1006,507,29-04-2023,122.95
d2f17585-9f66-4a1e-8b7a-a754457ee005,1080,535,13-08-2024,841.6
55b2fd1e-2905-428f-ae34-0b9cb44fc207,1028,513,26-02-2024,976.3
76c40bdf-88c2-49a4-8e28-bdcc4a330042,1043,548,13-10-2023,893.32
afa39fb4-527a-40f4-b476-58ff41098401,1098,514,12-02-2025,1096.66
8cf4e776-8c9a-4739-bcab-010f8f9b56e6,1074,538,30-01-2023,684.01
6411fc65-fd23-42cd-a829-31b33735a6dc,1097,534,04-05-2023,1090.67
28a7c700-9ee4-4685-90f7-5ebaccd18b0e,1022,510,16-10-2024,665.01
e6ded8f0-4b35-424d-bbdc-67e74a9a3666,1069,537,02-03-2024,826.3
4f3ae74d-f7c5-43db-8495-60c6dd2a845d,1005,527,07-08-2024,1082.36
88a217d1-5247-4865-9b85-ce69b6bc1c13,1072,509,11-10-2024,769.19
9fcc9434-1d49-4f5a-9a86-a79c66da636c,1049,528,06-03-2025,474.72
bcc8961f-aa59-4039-871e-45a215c461bf,1075,530,16-09-2024,1270.14
d4625fcc-93f4-4dc0-8242-176fe5d1fa1d,1077,546,18-10-2023,738.01
cfe67f27-a12b-4e11-a119-0a2184e44f00,1075,535,21-02-2024,981.52
cb22ab29-a252-461e-ac6d-f923c2f0c01e,1066,512,26-02-2023,879.75
3e265d04-7c5f-44c9-bc1a-1bbf44c9c837,1079,521,30-03-2023,1510.33
1a35be6c-b7cd-4d64-b84d-7ea467762ec4,1059,530,01-10-2023,1786.02
e6e342c1-2423-4d67-a3c3-efec7871a44b,1045,512,13-05-2023,1380.29
e7fc38e0-1128-4f4b-9f0c-e11821978baf,1086,541,19-11-2024,1261.25
f8ba32e8-f522-4e11-9d1d-411dcafeb5d0,1095,516,04-02-2024,1883.99
011a8b82-634b-47ce-a993-ca272a9b52ca,1073,507,08-10-2023,293.15
994b00ef-fcb3-4f0d-8195-a1bf351d26ea,1009,505,04-08-2024,1869.53
1611b850-93b0-4aa8-821e-47b085fa8b81,1073,522,14-04-2023,635.16
d29d980a-37ed-4ef6-835e-063b93b19ccf,1045,536,26-04-2024,905.21
ae85a030-e442-4611-8305-ad9e8611fad4,1031,513,21-02-2023,1944.32
06c6de26-6a7b-4769-b2b1-d29cd1385068,1069,527,12-12-2023,248.7
fcaedc46-f92a-44bc-8862-e98f38394bb1,1011,511,25-03-2025,525.77
54cf36dd-131b-4c88-8144-abe0f4f2e479,1076,540,03-08-2024,1494.93
ee9d9b84-7e52-42f4-ab38-dc06ddeb19c1,1081,534,15-11-2024,1231.14
a0dba55e-3152-46cd-b6f5-17067b4d54f6,1047,550,20-01-2023,685.24
ef2c41d9-9572-4217-8e88-907d792b1a24,1090,538,28-10-2024,1495.37
bd0ccd28-b2ae-4f1c-b297-b2b783346e83,1064,529,11-12-2023,1838.09
bab8aaff-f2e2-4b64-ab21-c2501629090e,1004,543,25-04-2023,637.66
caff65f6-acb8-4e00-9037-5d22d82d9717,1076,545,14-04-2023,1870.74
5e87efc2-be3b-464f-94db-4e2b995b97fb,1022,519,10-12-2023,480.41
4ef0f546-8eff-4deb-9241-3a7ce76ff19f,1023,547,18-02-2025,1407.37
add05e83-6db3-4e0b-b0ea-434aa6cc2f1e,1003,524,23-01-2025,1709.69
08d1bdf3-275f-44cf-8c25-86d678b1c72e,1070,549,10-09-2024,310.42
adff812e-60a3-424c-991a-5781969cd904,1091,532,12-10-2023,593.55
004ab64e-91b2-4228-bca4-71151e07ab3d,1066,538,15-09-2023,1368.56
80ae65e6-b1a4-49d5-bbdd-72143fe00b21,1027,510,20-06-2023,1321.62
4b637815-7d91-4c57-a357-9997430d0b60,1036,533,12-01-2025,1740.43
b1ffd373-057f-4866-8472-5552b00264de,1010,546,13-03-2025,49.06
6d1ccaf6-55ab-4b69-8187-0f40f5d42fa4,1080,550,19-10-2023,101.93
676e2514-dade-4245-9ab5-84476ec43bb2,1032,543,30-08-2023,1635.98
cae6bfba-6d05-4dbe-b644-9b90dca569ba,1091,524,07-10-2023,1434.65
4b22f5a7-811a-43eb-94d5-1e1f65912a5e,1097,524,15-01-2024,653.4
c965e84a-c40f-4cf1-9fab-f334a164f1a9,1020,549,23-02-2024,973.26
707257fc-acbb-4180-8ec6-c0961398c7a5,1073,543,25-10-2024,975.5
199f6560-6578-4a69-a759-564eac2b5ece,1045,539,20-12-2023,763.17
9e890498-546d-4665-962c-5e5bbf4e8ebe,1060,503,01-12-2024,186.78
0f2e892b-d844-4496-b2fb-2733b7acdb21,1038,541,23-01-2025,257.01
403724a6-cab4-4072-a63c-22958a16b3af,1020,525,20-01-2024,173.49
2b4df457-b075-473d-bab4-c67906af78fd,1050,550,15-06-2024,1633.46
647fc99d-3e93-4e93-9081-7cb838814588,1098,526,26-08-2024,1397.8
9b8f6084-8df0-4409-a895-f6a3326000a3,1097,525,12-12-2024,768.68
498cf139-e7e1-4c86-b43d-fa79bb5b0e72,1049,508,19-01-2023,1114.24
600d85be-1894-45ea-b78b-84ea2ab54ce0,1024,544,20-03-2025,1756.41
eafe747f-c4e1-4fa3-a63c-f028ae9a8466,1055,533,03-09-2024,1247.34
83e40afd-c03f-422d-bcc5-6d0e8c274017,1056,550,27-06-2023,1836.39
42071f8d-4818-495f-a0f0-62de2c94f5e5,1049,520,29-01-2025,1606.87
82bb3007-f2f6-4dbf-8587-341c1cce0cea,1012,530,16-04-2023,668.33
58055c19-910f-4cdf-b0f6-0e6b34e1282c,1022,537,29-01-2025,1113.44
0410f5de-26e0-4306-9bbb-d50a330de4d4,1089,506,15-12-2024,1134.9
05fcec1b-1808-483a-8914-206e1912f0ff,1088,549,21-09-2023,765.76
54f06ee1-a22a-46ea-be37-4fecb15c80f4,1089,536,07-07-2023,1447.97
10b42494-14fa-43c2-a364-e045e4e99310,1020,511,15-02-2023,97.61
8ed1ce5a-54e2-478c-8bd4-5b3e410efaf2,1064,517,25-10-2024,834.69
819d05e4-2b49-49c6-a706-720f68fdca3a,1047,548,01-08-2023,419.08
7aafcebc-2688-4c6f-8e27-12e3637a94c5,1097,512,19-11-2023,1500.55
c9c744ed-1e11-4ec5-b993-6cd39457a4bf,1090,542,07-08-2023,623.65
f3b13f3a-25ea-46ba-b744-cc3677d1ed67,1079,542,09-10-2023,1164.78
0cef6489-c654-4bfb-9f54-91f8a67e278b,1021,531,11-01-2025,1772.45
10568a56-5e00-4da1-9cf8-fac2b60971d4,1055,536,25-12-2023,956.6
00c94209-e0c9-4e51-b861-f71385f59075,1051,523,11-02-2024,1395.07
6edd33af-bb05-4d16-8d7a-fd5fcfc9a5e4,1018,517,30-03-2025,458.27
4f0c55e0-6ad4-4449-b348-2000eef533a7,1028,519,22-10-2023,1915.52
1b1b82b7-0ea2-4947-b483-23c9a43c69a5,1013,537,15-08-2023,189.63
0db559ef-5d3e-4748-a5e4-fa0505888cac,1010,548,08-01-2024,1142.88
0090af40-6e71-4b90-afce-01f320d365e4,1031,507,31-07-2024,1253.31
5bf7ab1c-7358-4234-924d-9802ed83c08f,1077,540,07-04-2025,1990.19
0d9db3ba-038f-43d8-8ec1-86f2d50037f8,1091,541,05-02-2024,140.19
a37d1ba4-b46a-4d37-ae88-524006093120,1096,518,26-09-2024,526.75
13012dd6-106d-4ec2-bfbd-d111efef9d57,1019,545,06-04-2024,975.04
a593c51a-df11-4351-8f92-d6984522f9d1,1003,543,18-11-2023,408.18
b57a513b-172f-4442-be2e-221a832786ca,1016,536,10-12-2023,1027.34
468c40d6-b42e-4693-af5e-92dd11e6e5bd,1028,502,09-04-2024,112.58
b25d7571-018c-4589-9b79-d9cceddeafcd,1007,544,21-12-2024,551.26
6e94e8ea-89e5-4074-81fb-5a8e55c4c9c1,1087,550,14-06-2024,215.64
e51f147c-4ab1-48a3-9ecd-33816f198add,1061,533,21-01-2025,999.54
d48db92f-a2c7-4292-9fab-b03a9a63d42a,1061,504,10-03-2023,893.06
bd6ef78d-cbd7-4ed2-ac0d-3e15cd0a0083,1100,518,01-06-2023,207.29
6eb6502d-826d-4537-b3e3-744710cab7af,1076,550,13-08-2024,1361.45
2e783a7c-3b31-429e-af08-11415af37518,1077,528,14-09-2024,189.38
e81ad0da-9535-46ab-b30c-4f9032cafd8e,1096,536,03-01-2023,692.68
89b89ea1-6d1c-4632-946c-921408c73007,1003,507,31-01-2024,1164.85
37eddb91-fee1-4f1f-8333-17e3242847f0,1088,508,23-07-2024,734.28
4aec2af8-97f0-4f5c-b01f-21e425031c09,1030,519,30-04-2023,1033.1
2139f1cc-2edc-43a7-91df-fe7ece0be848,1006,506,11-03-2023,1342.7
591b52ad-0f27-407e-a75c-3c5dab9c990f,1079,502,17-09-2024,598.27
3a89490a-75d4-4140-aa86-64be796c4d2b,1088,523,30-07-2023,1208.12
daa31c55-ac4d-49cd-a4d9-d5ec4cb1c88b,1018,539,07-08-2023,511.17
0d223815-d596-4d17-b543-c4c4f44915eb,1053,505,19-02-2023,646.56
c7beeadc-0324-44b4-805e-5c6eac01b703,1040,521,31-07-2024,862.67
8d720531-64d7-4e78-bbcf-5c65dad607d3,1006,535,24-03-2025,1139.01
6d4576a4-f090-4266-ac40-27ffa27238a2,1023,506,13-05-2024,217.48
e62b3012-75fe-4778-81e2-685514c2e53e,1055,523,04-01-2024,360.43
6fefa662-9e3d-49d9-b4e3-1d946ccce48c,1079,526,02-05-2023,1026.5
9f490c3e-d32d-407c-b75d-464460a73a91,1017,540,06-02-2024,237.09
a5e3d0ec-ddf3-43a3-b0d4-a6b86b284440,1014,513,24-10-2023,1890.98
22d2f441-d5f8-47fc-b1f9-4213fc57c8f3,1059,519,23-03-2025,1749.36
acefd353-8dc8-4f73-a0d6-79b85d3c6e25,1063,525,07-07-2024,1451.16
73dcb23a-ed2a-4aec-9758-f9bcfe3e94b6,1080,537,03-11-2024,1978.82
3a8fa61e-4afa-429b-adce-9bd3770166bf,1006,509,20-11-2023,63.43
01ee50c1-1085-4024-a5f8-f41b7503682e,1054,521,12-04-2024,385.11
1bef764d-1125-4c09-a4bb-caadf2b2a002,1076,528,17-01-2025,1883.39
63acd05f-46c2-4fa5-97af-73d73f6fff40,1068,512,24-05-2023,1988.12
dc3b4fcd-c4e2-4acb-b62a-5ef032068f75,1092,509,29-07-2024,1085.13
757fd0d4-57bd-4db4-86bb-81595e990a3b,1052,508,29-03-2023,1585.63
b7f9f86d-59a8-4fc1-ac6e-68924cce990d,1001,545,08-02-2025,566.4
bbcb68c3-1358-45bf-98d4-12d9e7746526,1050,517,13-07-2024,890.9
23270049-237c-4568-8cd0-5c61f1082cf1,1061,542,15-09-2024,1113.07
5038f337-b24b-4d4e-8c23-a3b71e51f44f,1005,532,29-01-2025,1205.68
6789d18f-885b-41ea-8e38-99d799606d63,1091,533,11-04-2023,436.16
c2f5ce75-4c02-45dc-80cb-435540c07b3d,1082,533,08-10-2023,379.24
da17eff0-e89d-4a6e-915f-bb0ff30fdcc8,1058,540,17-06-2023,1734.63
0266f1fb-b840-42d1-b5ac-80b5a7ea7248,1007,508,13-12-2024,1097.78
e05fbb20-75e6-4cf1-8bca-204319e2668b,1046,543,11-01-2023,1927.84
af5587c6-2df5-4e60-8cc8-131623b879f1,1096,534,25-01-2023,1945.36
d5a7d1f2-2dc3-4765-846b-b14a370a8936,1070,506,24-02-2024,1055.07
62b1c183-5470-427f-a66e-0f59f5b42550,1096,531,05-05-2024,1774.53
8da3c02d-f541-409d-9e03-318c766baaa3,1065,548,25-07-2024,415.95
5aa4e8fe-51d7-40ea-9d01-81b6405742a1,1017,537,29-12-2023,1556.82
9df8950f-8135-4904-ad78-77769f69e0e6,1008,528,02-04-2024,1217.69
601964f7-f126-4432-ae5c-01d37c54065e,1012,521,15-03-2024,524.04
1eda5ee6-77a4-48bb-aa2e-9ee5f7608872,1098,508,29-10-2024,1542.01
4aa4efa6-ece0-4fb0-b267-b00160f73f4c,1065,514,09-03-2025,1611.57
b0ca1852-5249-4a9f-bb13-c9eec020b7a2,1015,504,12-06-2023,1951.08
d74a658e-4df0-4e37-be9c-e9c52f9e0ec0,1075,534,28-12-2024,1959.87
132d16de-573c-4b68-8200-5b50e471b4c4,1097,528,03-04-2025,1174.07
f1ef85c0-1079-4be1-96e9-03dd0390bae1,1067,541,10-03-2023,429.42
ff137f95-1c2e-4527-ab3c-8841e19932e9,1035,539,05-11-2023,1035.76
8bc56937-dee1-42df-b508-5d2b93ecb2d4,1040,513,28-09-2023,1720.48
59c852d0-cb82-40a9-9a5a-433aa7a23e67,1099,515,04-03-2025,1240.82
2dd84a4f-12e9-4e0f-a70d-d635da54d89e,1001,521,21-03-2024,1606.99
72f9990b-0709-4bbf-9cec-db8e60c79bdb,1051,527,08-09-2023,122.6
e9e9d471-3bd1-485f-ad64-3794909e1ce9,1047,521,23-09-2024,271.99
f28bb699-4150-415a-92f7-ed7d1b0e8ebe,1058,538,10-12-2024,456.9
9e2e4c40-8add-4262-8962-ad898740ac26,1013,509,19-08-2023,1149.62
765358f1-250e-435a-991d-fca0714a17ae,1011,534,16-08-2024,240.27
10af4339-d84d-4759-83a3-448b39ce4116,1064,533,11-08-2024,1523
15e5264d-fba1-43ba-b8a8-b826e1d2396b,1034,510,08-03-2023,1932.75
56d16daa-6d7d-4608-8a5c-9406ac55dba8,1029,503,11-03-2025,1663.38
77256010-05d5-4c8e-9f13-6fb68738b328,1008,524,01-11-2023,201.02
0e7a3eec-f821-4920-9534-dd2c2d847510,1058,506,19-04-2024,1953.38
2a3bf6b7-26fa-4bda-8fa0-8232cd1f011c,1048,527,30-10-2024,1997.54
807b78eb-f1a2-40ec-8f6e-171bb04225ea,1077,516,06-10-2023,1613.87
5b8d481f-3dd6-4353-be42-0288aaabf42f,1074,522,03-01-2025,470.42
b18f1808-3c56-4b8c-baf9-427a0d731da5,1033,541,15-08-2023,213.08
97b082e3-adcf-4fe1-b998-c4d4d57725cb,1077,542,02-07-2024,1158.26
85bbf1d1-1b02-4484-899e-5af3ecfc93dc,1058,521,22-09-2023,1036.7
2cc8d1f7-8855-4bcc-973d-17f0f691f5cf,1005,530,26-05-2024,1893.29
e31b52ae-e673-4cae-a244-b39ff068ee66,1046,526,30-12-2023,1872.75
71455c2b-7ba5-41b9-b6e5-e47ae04a260d,1019,547,18-06-2024,1271.31
8d9e5cf2-b295-4d9a-8620-c351bc2735e6,1085,503,26-01-2023,678.08
0505ae44-3fce-4e00-94fb-f3c229d6c77d,1037,503,16-03-2024,652.18
4942cc3a-7ac8-4027-91d5-dc23e9f0b839,1069,517,15-03-2025,1577.31
d41efb77-6c81-4914-9b3b-0a3a904949af,1071,548,29-03-2024,577.51
d9a754b9-01db-43d5-b7da-5e79e5ae4783,1037,539,13-08-2024,723.89
56fa36c7-3fcf-49d5-979c-b3438a34b63c,1081,525,06-03-2023,936.96
303f6077-0222-4d80-a086-3d58b329521c,1074,541,17-04-2023,822.61
3180afe7-0bb8-4e73-ab44-a127337a804a,1004,541,13-07-2023,1452.11
89e5fa1e-b822-47c9-bce5-282d9d499c68,1087,538,11-10-2023,381
1f17628b-4366-4164-9bec-b37ae5fe428e,1018,523,25-03-2024,170.18
601081c8-867d-4f72-8130-a8cf1b1832ca,1086,541,16-11-2023,1812.25
65950999-b8d4-41a1-ae82-68540c72d4ab,1028,504,05-03-2025,1461.93
6af06edb-9f59-42a6-a4fc-1a138cb23e1b,1076,545,03-10-2023,977.83
feb249f4-952b-4707-9005-bb2973f0bfc4,1023,513,05-03-2025,1223.9
327fb92b-720f-4ffd-a29d-a831484c8aab,1068,522,10-03-2025,1342.88
5e33d6b5-f29f-4068-bf3a-453c79b9091f,1088,539,12-03-2025,237.16
d8015749-29e2-4ade-aea8-517ab203ecd3,1002,526,07-10-2023,67.05
5555f7ac-aa0c-4dff-a3d8-6ccfdb5552b8,1015,503,05-10-2023,137.26
ddc9afc8-5114-4fdd-9b21-c9ebf494dddb,1077,513,08-01-2023,1313.65
bf69ed2e-1ed7-4452-94d7-d99c15980d01,1096,533,17-01-2024,1392.33
bc89d59b-5bf2-4521-89d4-7e77c9a0cb93,1035,528,13-01-2023,116.85
f9432d68-2092-4cb6-a304-a364cb586633,1057,545,18-01-2024,331.64
f19ae8a6-c256-4f49-9779-114ef2af6b69,1082,519,22-03-2025,1068.54
284a67cb-2bcd-467b-aedc-28b72b7f5b1f,1088,514,15-05-2024,1476.57
2dbfaf92-c58c-45c4-84d6-aebd5357f9ae,1006,523,15-01-2024,1922.13
1368bd97-ec6a-4c6b-a028-d5b5f77080ac,1051,511,13-03-2023,703.46
4038f46c-7b44-404e-a313-1c2573443e5b,1098,545,20-02-2025,1981.4
fea07c7b-4494-4155-9b58-b04ae57cc094,1013,532,22-06-2024,311.16
6e09afd2-bf4a-438e-a75c-96c373091e2b,1084,522,10-11-2023,729.33
e198d5aa-1393-48ce-a3da-dc4acd1bb7b3,1029,502,15-06-2023,239.8
cb9edc7b-851c-4015-aab6-dacd21208534,1056,545,03-04-2024,1022.52
b61408a7-a3be-41de-bed1-69c7beb6cebf,1067,541,28-08-2024,1240.31
3c804e11-c8e1-47fa-a599-66825d6b6aba,1059,502,27-10-2024,1071.49
6c4c0b82-d4a9-4be9-a6da-d1aba9d9040e,1051,527,13-01-2024,755.04
ef7101f1-9add-4ab4-ab50-138dd64b45c8,1013,511,08-02-2025,1945.34
c1df6c53-d0d9-4387-bddf-f17c243c9782,1087,513,05-05-2024,394.62
8095e341-8635-436f-924e-21f5cd29db7f,1002,533,07-09-2024,1886.02
290503f6-bae5-4ddc-b1e3-3df84298f6ca,1088,526,22-01-2025,1590.92
425c9029-3a6c-4d34-8cb4-32001cab1086,1049,547,16-11-2024,1617.47
03d4976d-e535-485c-9a5c-7aa6682b20e1,1023,550,09-12-2024,1135.18
07a4ad16-2789-4a56-b5ca-8a5cd8847d38,1050,513,20-10-2023,650.29
ac17f28e-49af-41c0-a991-ab85b971f8e7,1077,550,21-06-2024,1196.67
643367c9-0700-46a3-97ed-46644c028934,1018,535,07-09-2024,1506.88
aa69c917-404a-4758-adea-8d3863326350,1022,540,11-09-2024,1088.74
977545d1-0baa-4462-a071-d68dc29b030d,1048,518,26-12-2024,1480.06
bcecf451-b9ad-4272-a198-c9ef67004331,1010,530,16-03-2025,938.49
49c4686b-8114-4189-a6a0-456741c6fd8c,1035,531,16-11-2024,896.42
a54b1a54-0d31-45f7-b575-4a7afdc30018,1053,507,21-01-2023,318.5
082e661c-7c56-449f-acda-498274848811,1030,533,25-08-2023,1995.54
94d627d4-a1b7-42bb-a6ca-02982a7fa0b9,1026,546,17-05-2024,199.98
f3bf253f-c46e-46b1-a200-ca94e49fc904,1060,533,24-07-2024,1617.89
f4ac0b12-b09f-4fe7-b443-b8fd67bc3480,1083,530,31-01-2023,628.74
5a8f0cd4-9364-4563-8ee3-90a39b3c8bf8,1073,542,20-01-2025,1807.74
32cb69f0-d694-478a-b7d7-0782f0e5d4ba,1041,504,24-09-2024,938.57
836103d2-79f7-404f-89c5-bf9b8695220a,1038,507,22-09-2024,813.49
ee7b0983-53e3-47c2-8ceb-e1cbc343e13f,1030,519,15-05-2023,738.31
6a3ab001-f353-40a9-80fa-03a08d68823c,1060,533,02-01-2024,824.29
10244f4e-1f58-4dd5-9a8a-0c6c71837c35,1068,543,01-01-2023,811.08
2a87afd6-888c-4f0c-960d-72dc015e2216,1032,526,12-04-2024,1357.13
c5b0f78c-00d0-4213-83b4-a8b445ceb34a,1061,527,26-09-2023,293.08
a4a044e2-30ee-4cfa-a44e-c8cd790e445c,1009,549,13-03-2023,573.33
88593670-c9b3-4be1-a5e7-04efa914bd93,1013,547,13-07-2024,161.85
5e93f9ab-7717-4b3a-8f41-1ffc289d5bd3,1099,545,26-08-2023,565.98
acb2e520-e025-49ce-93a7-48fc59171fb9,1032,540,19-03-2025,1296.98
fef04568-9e71-4540-8095-caf573374c6a,1052,521,06-04-2023,111.51
5dea16c8-b488-4fa9-b7e2-777589988542,1043,537,23-01-2023,1273.12
f0b9f168-b5bb-45c6-8ad7-5d1dbdc42895,1087,530,03-01-2025,895.55
c7b8a0cf-d842-47ff-82a0-037e54869ffa,1069,537,01-04-2025,470.71
2cc5733e-fabf-4432-a329-4b3539086766,1048,548,07-04-2024,313.72
c9600cf5-7915-45b1-b270-4c41b703c2a8,1063,536,14-10-2023,159.92
0b7fcc4d-0448-40ff-bd9f-a2cdf360e642,1039,508,03-02-2025,700.61
dbae8b08-d227-44d1-bf56-ae8a49f2dac1,1093,518,19-08-2023,1676.44
ad2635f1-713e-4085-89d9-6f332f566657,1006,508,12-01-2024,537.56
43ab73d1-b90b-4f17-b25a-f4137bf87d42,1010,524,02-01-2024,801.2
081f585d-9444-4716-bd74-081d07858a50,1050,519,24-01-2024,693.69
e7611f02-749a-450b-9ca4-38bf71da1892,1019,518,05-11-2024,467.72
fd4b4d71-dadc-4aa4-bb92-476a11cae83d,1029,529,08-03-2024,1982.21
182d785b-3f19-4932-9fbb-600ed2e6cf2e,1048,523,13-12-2024,1790.05
c5978433-dd8a-4971-aaaa-fca73252ebdc,1037,502,20-02-2023,927.03
b71ea775-86a8-4867-b984-be95e425c787,1083,509,04-02-2025,511.23
bd169fbc-d114-47d1-b3a3-6922e1797428,1056,545,04-05-2024,1103.78
d834edc1-5e2d-4725-a05f-b02bccc3aa60,1011,536,08-12-2024,270.94
6d95585b-bb18-41fd-b75b-24322d13da69,1030,502,31-03-2023,231.05
2ddd4000-dbde-40d1-98bd-45552df32dcf,1048,524,23-10-2023,1766.27
96561eae-d19a-45bc-bdf8-de3f59f6aa4e,1089,508,27-07-2024,305.15
da18034e-646e-4301-a64c-542cef8c67ca,1084,549,13-09-2024,569.59
4dc735f1-b967-4d06-9298-12905077569c,1016,534,22-11-2024,364.95
df5b78c4-bd73-42be-9a6d-ca96a197b994,1002,504,13-05-2024,1798.97
c3688753-c00c-4fe5-8059-8013ef71f888,1044,529,13-02-2025,1966.38
e32d79c8-5c0f-48f7-b7be-36b3225109e2,1057,511,26-11-2024,1948.93
32202a83-b150-4692-a25a-39efe87401d7,1013,519,01-04-2023,1099.68
9b963cac-65ad-4370-8219-e8663e9643b8,1051,544,12-07-2024,51.28
899a8ad7-a570-4a8c-9c6d-610319a4748a,1002,529,12-02-2025,447.53
14d78340-2b00-46dc-936e-a4351a616d41,1037,540,05-02-2023,175.71
0a75b15f-fd9f-4f32-84ee-f542ec4605c1,1072,518,04-05-2023,857.57
54017cc7-0adb-48fd-aa57-327cec5dfe9c,1007,515,14-05-2023,1243.82
63332ce9-f8a0-4df9-b910-8149129539cb,1097,550,16-01-2025,773.12
05371e3e-eb46-40f5-ad4d-d0361ec980a6,1077,513,27-04-2024,87.24
ed9afe03-a3b3-42d5-8f8e-0ceec5b30864,1095,501,08-08-2024,1824.2
3ab004f5-d149-461f-8e1f-c91239f5db44,1069,544,28-03-2023,1573.74
8764091a-eaff-497a-b7fa-f65290a4aba2,1035,546,03-06-2023,1204.11
e2fdbcf9-4a6e-4edb-ae3a-0d17ef363f6f,1091,513,25-02-2023,1462.14
3afbe1fb-412b-4a04-80d2-872174ababd0,1065,538,29-11-2024,168.41
4107dd73-837c-4d7d-9e32-b691641ba16f,1038,548,23-01-2024,1936.43
95e7a6d2-fa3f-4201-bc40-1395f835b067,1003,522,16-06-2024,508.28
ec86e1c5-4587-4f55-bd30-dfdb7ecb330f,1025,535,21-02-2024,1520.34
460c759d-0dde-4fcf-ab59-bef4c4be0773,1044,511,31-12-2023,1919.89
a9136d2f-3c7b-4cfd-8a88-94aa6a0d6db7,1072,548,28-05-2023,1014.05
2ee75361-78f9-4bb6-adca-289b1639a145,1051,509,23-04-2023,584.96
3ded7a1d-9b58-4e0b-aa30-41fdc650a830,1010,543,20-10-2024,1788.26
e54258b0-1935-424b-aa0e-3075eabaa5d8,1049,507,11-03-2023,644.96
cdb8c895-30bc-4549-aab6-fbd34970feb9,1053,526,29-06-2023,1280.71
ebc54cd0-309f-4dde-b0b1-7c8f7d1fd10f,1056,542,16-08-2023,1233.12
865496dd-de90-4e95-8ee6-3f703122e140,1038,544,11-02-2024,1368.41
c988f280-5cef-4c1a-a304-b3735f08f53c,1049,537,17-01-2024,989.24
4423613f-eaa2-4584-aed6-deb8dfebba45,1022,533,04-03-2023,362.14
a4709010-1128-4462-abbd-fe42e1864755,1084,507,06-05-2024,679
c5e2acfb-525e-4995-9849-a5ffd1a87e6c,1023,508,06-08-2024,1458.63
dd4758f3-f577-45d4-bc04-c249e069241f,1018,538,08-05-2023,27.2
6985f53f-8955-4032-abd5-a1253e0fdff1,1076,525,13-06-2023,1302.9
ea2af26f-62b1-4d40-a430-a36c996e6cbd,1051,518,25-04-2024,1454.47
a2a865cf-19bc-4124-937f-674f90f51bdb,1075,517,13-02-2024,1968.74
f51ba50f-c9bf-48c4-ab23-171d45202955,1079,523,09-07-2024,124.5
567716d3-6699-46c2-8910-d559b2551bd0,1028,540,14-01-2025,890.26
93e05b8a-6414-4435-8a35-12d13bfa9528,1020,528,21-02-2023,1010.74
955c2541-dabd-4016-aff5-f3ac5bbb8af4,1087,536,11-08-2024,421.67
ae730eb3-8c66-4e2d-85b2-770c17a9b8bd,1062,545,08-11-2023,655.68
f249875e-da4a-4fce-b6da-8aea6c36476b,1039,515,04-01-2025,660.41
b7827be4-6718-4e6c-b611-5a14f4ba13c4,1055,518,30-07-2023,1374.02
bc9cd06f-0ed1-4976-9d4f-b575c1356bd4,1091,533,02-07-2023,1184.52
f9f1dd1a-06f8-497a-9377-c1f28fc5062e,1022,505,17-02-2025,416.86
69cc385b-8d3b-4407-a7ac-3c6d54f3719c,1035,507,09-09-2024,1808.27
e4bbd5ea-d7e5-436a-9a4f-044dabbb70f2,1004,508,22-02-2023,839.1
d8f9a253-6857-4822-abaa-381f5aa953ad,1076,547,20-11-2023,1646.87
0fd9b293-65de-4314-8cf1-5f83dd0afafe,1088,505,14-08-2023,1069.87
80a494f8-56fd-4f8f-ade4-ce209d83cc7a,1018,538,06-04-2023,1539.09
1497a269-3c2a-402e-b930-90496c4f6ab0,1023,549,12-11-2023,425.16
d7f1e5d4-3eef-406e-9e97-91542f2a2afe,1074,507,16-06-2023,1231.07
46171971-241a-4acd-83f0-1b896bdac0b9,1094,544,03-02-2023,197.63
d8a77182-5246-4026-b677-d4cd49148025,1098,507,24-02-2023,1906.1
b7d5e23d-7d13-4478-bd50-621218fd6a22,1085,545,03-12-2024,1770.82
a03de5cb-d139-4838-b0ae-f5cfda78e28c,1086,541,01-11-2024,1098.67
380fbb13-2cdf-4692-aa62-1c8bcebff6f2,1020,504,19-10-2023,1446.25
e045b8cd-d80b-4a75-ac74-75b7cf93ee48,1064,514,17-12-2023,820.42
74dea71c-5fcc-47c5-93ec-96919bc267bc,1065,546,27-08-2024,331.42
21610691-4d9f-4002-9c38-062be550893f,1040,510,02-04-2024,1731.87
1a72ee5a-3a77-4333-8c0e-e096d088f166,1006,501,22-09-2024,153.82
5f947de9-1457-48c6-85c0-ac6fc17ffd07,1063,542,26-01-2025,1589.05
2c5220fe-13b7-4021-a576-3b6048573aa4,1089,526,22-09-2023,631.9
56cc3ccd-bbf7-4162-9600-9aed6371d412,1023,509,05-07-2024,1803.62
53dd2907-6287-4e34-9dc8-0d9c60262fec,1017,531,29-08-2023,1300.65
db48ebec-8867-46e8-b484-9295126633f2,1092,513,10-03-2023,1437.7
1f923093-3dc8-4bb9-9062-8c202a15eee8,1024,535,29-09-2024,1194.53
4c80cc75-633e-4d7b-ae2e-fd864a443dee,1095,541,08-10-2023,1972.18
e56b0e86-7408-4215-ae3b-66db38beb60e,1066,534,14-10-2024,1306.11
5a43f8e9-af53-4194-b805-4fb382cb9d04,1038,534,08-04-2024,771.46
2707eab4-faa3-4d52-aa65-f3422d0a4a39,1050,516,27-12-2023,589.02
2347bc0a-1c23-4c8a-8bc2-1225b75aae2e,1064,513,15-01-2023,1947.36
8a021ee4-b950-4522-85a0-2bf336a82311,1009,514,15-07-2024,617.71
d783b092-bcad-4993-925d-406f4771d3a4,1051,501,14-07-2024,249.19
15757cfb-b376-4860-ad4c-12ca3f2dd44f,1017,540,17-11-2023,453.3
ffe60d0d-cccc-4a26-b405-00dbb3d6bac9,1075,536,20-01-2024,192.35
467fcdb9-e0e2-4333-bb0c-492f4110e5a9,1019,526,29-08-2023,890.04
05c1fa0f-57a4-4b2a-b220-75645879675b,1032,513,20-04-2024,568.93
f9a510e6-d0be-4596-8cd1-0be406e23549,1043,501,07-06-2024,1532.26
2f403bf8-2850-490b-98ae-0f1b4a81c8a0,1034,538,18-04-2024,1256.08
b6bd7b35-f90d-4c9c-9e0a-96a0c4f2da51,1013,525,13-01-2024,385.91
a3037a7e-88aa-4c81-942d-82bd9f887cb1,1069,542,15-07-2024,688.54
1825d0c0-1d0b-42de-a41d-d10c73e4e7d4,1064,526,03-04-2025,1289.65
8c4cf720-be91-4e2a-80e2-eb018358c360,1063,524,17-06-2023,911.15
d8ce69b8-5c96-4895-8d1b-82d2fa879d43,1099,508,09-08-2023,211.17
f5efea55-2302-441a-8d4e-43630c314a42,1083,550,10-12-2024,1796.12
a7b2de28-ac50-4afc-98de-6ab387d8fcca,1088,502,13-12-2023,1645.19
235dfd90-6a6a-42ab-9a37-81934927c267,1086,546,15-05-2024,396.08
c8405c7c-fea1-4896-abe4-582c99657503,1099,545,11-11-2024,1614.31
c28714f0-b047-44b7-ae80-6932ec7661d3,1096,519,25-01-2025,1630.97
db489f8f-6e8c-4541-b09f-b7165d6ad448,1001,524,20-05-2024,972.48
54d8da02-6475-49f5-8cb0-ec81c13deb1b,1040,513,20-03-2024,222.14
20caae4d-564b-43b3-9a62-357cbe45a9c2,1092,510,18-12-2024,166.29
6e0eaaf8-5555-482d-8f9a-d5e757d2a839,1059,538,19-09-2023,1028.44
06f4c50c-ed1e-474a-b28e-6b81aa9a361d,1083,527,06-05-2023,753.57
3f8b8f4f-c48a-407b-8bf1-8dbdf2a2e226,1036,543,12-05-2024,848.06
b996c27f-fb35-4980-ad92-e0344bfdebe0,1071,533,04-10-2023,1294.95
6b5c9276-8593-4f7d-92c0-4c76943a145c,1002,523,04-01-2024,1152.99
44ffbdc0-9c2f-4bf1-afbe-dcfebb905380,1031,548,17-06-2024,603.77
dac35bf2-90df-422b-94a6-8d6858926151,1027,534,16-07-2023,183.51
d0cc1525-f747-47da-be48-cc62bbe981b7,1099,548,01-12-2023,701.75
5ddf2656-a5a5-4ec5-b405-aa0ecbd15100,1089,520,28-05-2023,1189.21
1254919f-f29c-4f10-b941-62105612eb86,1054,520,12-01-2023,81.31
06c04911-e1d6-42b6-85f0-12439708b525,1042,540,10-03-2023,99.25
242288f5-3d9e-4c35-acef-bbe984cd69cc,1084,536,02-05-2023,964.43
4255d355-557e-48d3-b514-2d2057e51e98,1096,513,16-12-2024,1318.69
7f1d6137-0695-4509-8c96-0bd36520c001,1044,538,18-11-2024,1951.95
735c6bf5-d526-416c-adb1-d7741c4e1005,1093,527,20-11-2024,610.66
c54d0986-befe-4462-b38b-093f33d215f6,1019,506,11-09-2024,143.38
dc7fff28-7d3b-42f0-a6dd-894e0e582d65,1059,510,24-02-2025,1455.6
0520fe54-6f3a-4ade-8a0c-e297f194d45d,1025,517,23-03-2025,1298.94
1399ca8a-64de-4bd2-9a21-824be4618a2e,1097,540,16-03-2024,863.96
49464dca-2f73-4a42-a4f1-878ad64bbdac,1025,511,15-03-2024,1661.55
9d1a0575-7334-4f22-973d-494744c69605,1074,509,03-09-2023,1069.16
de8cf670-1afe-4ead-9a0b-bac5004ff6d4,1070,540,10-09-2023,775.74
98eea86e-1757-4cd4-b59f-a31cd629ab50,1049,503,14-11-2024,1635.74
6ed5a773-24f8-493e-822e-09f0b713f4c5,1056,513,23-03-2024,285.96
638fe160-9c90-44ba-ba2e-948718a30b8c,1057,520,05-07-2024,636.96
b532a99a-f131-4d5a-8944-921f7f6f14d0,1032,523,04-10-2024,1282.33
bdff8259-65b7-4ac7-93fd-b7e8fde129c0,1069,528,20-10-2024,227.59
c01bead1-5f84-4a9d-92bb-07df5ccbe86e,1070,531,15-01-2025,1148.08
d6400f1c-80b4-4348-af16-e0c63599f696,1050,548,06-10-2023,1233.99
32fe56ba-af2a-4f90-91c8-d7e4fd2e8ee9,1085,501,28-02-2025,1050.25
f879c5b9-89a3-46f5-8e99-248176fb6bb4,1038,518,16-02-2025,1152.14
4368e930-1d1d-4224-a616-2173c533cb23,1023,527,17-06-2024,101.92
a6799735-2668-4774-b674-da3c82f24912,1093,501,12-10-2024,808.98
a2fd5d24-488d-4e99-8cbb-4e4852c80fed,1087,504,28-05-2023,182.24
7fdde66b-4091-458d-8ce3-6b05f448673f,1022,515,16-05-2024,1714.86
5f063b12-2806-4c3b-a51f-3463b8d6241a,1008,540,06-02-2025,103.19
33e3b794-3e9d-44cd-8659-f6acb3d1d685,1007,550,17-10-2024,609.08
2f382553-9aec-4df0-adc3-c52d31fdbebe,1017,546,29-01-2024,1841.81
20d8c6a2-c23f-443c-ab22-f9ec3f3380a2,1057,523,07-03-2023,1150.23
02c304ee-7d30-40e8-86b2-ed9b72b68085,1076,527,01-05-2023,1113.68
26564066-724b-45ff-979f-1a5efe2f8708,1068,530,03-06-2023,674.63
4781c39c-13b0-479d-aa12-f68a6cf2cf67,1072,549,26-09-2024,145.49
43412bc0-c4a0-4130-890d-7c84a5884dcf,1062,543,11-07-2023,1456.82
e582e664-c568-4c53-8a81-f3c02108f26a,1076,528,06-02-2023,844.9
9de2e5a8-aacc-48ad-b517-6f8cd8c9d196,1087,509,04-06-2023,1339.81
e8d6caff-c7bb-409d-a241-f46cae356870,1080,543,08-05-2023,494.93
b76d215b-6e91-47a6-ae0d-660e547d74e2,1071,524,11-04-2023,1229.66
0ac2fa08-3933-4449-ba93-876e13005f6e,1009,523,08-11-2024,774.84
887887c3-fbae-4505-801e-b3b717a6ab68,1048,516,31-07-2024,1520.94
7c8b80f7-9497-4830-bf43-2a8f0e84e165,1058,521,09-08-2024,1691.69
85b43bb1-e54e-447c-ad17-27991a35de20,1057,528,17-01-2025,1892.14
53f5915a-e631-4eba-9ad7-3d7389835042,1058,517,06-01-2024,1958
3686e02b-e403-44b6-8819-f6f7250094b2,1078,509,14-02-2023,567.06
b3a64d36-ddd8-44b7-be61-2c1b5b0d8171,1009,522,03-06-2024,369.36
daea7ede-5dee-4b47-8ac3-5ef22f5d1948,1015,543,13-07-2024,321.77
e1f778c5-efc8-44c5-a260-3adf5114f637,1062,547,29-05-2023,242.03
cf3af1ab-65a1-410e-9407-6db4d2d38005,1057,513,19-02-2024,1208.88
5eb97cad-ae94-48d1-96ae-1972dcaf4e9b,1046,527,25-04-2023,366.01
bae3beeb-c9be-4161-add7-f98aabd0b636,1020,537,27-01-2023,66.9
8a040d59-cc45-4e08-a6b9-12ff777d1110,1010,519,20-04-2024,236.61
454999c5-d889-4cbc-884c-c90bef595bf7,1066,515,25-03-2023,550.94
fd156f19-9647-4508-8903-eb7acdc2b40f,1051,537,26-03-2025,65.79
c4a0fb3c-a458-42ea-be7d-8b82e142aec7,1060,531,17-01-2025,1580.13
d0ab5c98-5d9e-4256-910d-7a2fb8370935,1086,537,22-12-2024,746.85
a0eec945-0b15-4120-a141-7eacca629a3e,1098,526,03-08-2023,1707.76
9a59b33b-6bc1-41a6-977e-e3f82379fcf3,1068,507,17-05-2023,1332.42
2a1fe029-b953-425e-aa59-529b100eeba3,1048,508,23-07-2023,1024.41
66f3fd76-d0fc-4d68-b123-eff9d02f0d72,1026,544,14-09-2023,1904.91
c8e94104-2eaf-4cbb-bded-d642e5e39d7c,1030,539,13-11-2023,1027.24
13fae608-9cfa-4536-a400-e2295115c571,1098,547,26-03-2023,1934.07
2a4b1572-126c-4e06-89ad-01ad858f0324,1045,507,07-08-2023,508.84
8ee22104-cb4c-44fc-8d54-2dbc361ee932,1065,511,16-10-2024,848.67
d472c3b8-8f83-4ae2-a192-14f3affcecc8,1042,501,01-09-2024,1673.17
d4167851-9628-4239-a2b7-515aa06ed83e,1007,509,24-03-2024,1929.73
09338567-5bed-4a22-85d4-9a7daf4b7c13,1021,525,20-10-2023,30.29
70871d11-8fd1-403b-bb3f-661df3e298d8,1023,505,19-09-2023,1496.65
35bf6ff9-a5d2-49ab-9514-dd6bc60bd10d,1049,514,05-02-2025,1586.9
e6d2a8ed-2696-4d37-928c-340124f45f88,1026,534,18-11-2024,629.56
b81b17f2-1e7b-4ae9-8bf5-08e9b4bd7883,1085,506,28-07-2024,805.13
a611212f-ac50-4815-ab7c-c2cedaa6647e,1097,550,30-07-2024,1897.44
a3437f53-92dc-4145-babd-4dc6c12881b5,1007,546,21-02-2024,1985.47
1ad3f147-6df1-43d2-a651-ed681f6798f5,1028,549,05-09-2023,1371.13
158a0d9a-a1de-4641-be08-f6f5ef6300fc,1066,509,07-02-2025,416.41
56e14af7-69f4-49df-9049-765790b32946,1098,503,18-06-2024,1474.96
b75b1f77-01c8-4f5d-887e-3bc52cdf526b,1045,521,24-05-2024,1282.22
b25eb528-fcc5-478e-a64b-85cf98541892,1083,520,28-05-2023,1440.04
ebc4f15b-068c-4060-a517-3bc63cd3985e,1055,534,08-11-2024,650.53
3c347b36-ba47-4ef9-8f42-294d0015616c,1069,537,02-12-2023,1713.34
9e96dbf4-458f-4165-b378-9376137158bc,1071,511,05-03-2023,1149.83
918a8349-5245-42f0-a693-d34743a8e717,1027,524,20-06-2024,1153.22
1330cc73-2281-48e6-96a5-3445e599b91d,1085,512,23-03-2024,1051.35
b44d1d74-84f4-4d85-9196-4978f691d330,1068,536,25-12-2024,561.57
49e3aa18-5b2b-4060-881d-1ea2d5be2e0c,1023,524,02-07-2024,1901.6
6a600b95-bdbf-4889-ad6e-3d9d99ae885b,1067,512,09-03-2023,1122.52
882ed1d3-cada-4fb3-b0d4-fbca38b1e7e4,1066,514,16-10-2024,1298.2
72288741-8778-4364-999c-e80c15e9a989,1085,521,20-08-2023,1230.69
443f34ba-07d7-4518-8b4d-62404e6c4b40,1007,507,04-08-2024,432.99
ebe65b45-04d9-44a8-84ad-b1dcf7569aea,1035,536,13-02-2024,424.67
a3b1e286-0a17-4396-8882-419fab493b42,1001,533,29-01-2023,1413.94
5e6baa12-a6fd-468a-bda0-498097668239,1057,528,17-04-2024,575.65
306d21f8-8825-4f77-bf3b-b13d37619c89,1039,510,14-10-2024,1789.07
0c5c5c6c-c8eb-49a9-bbf1-cb5754bea3c3,1034,544,02-03-2024,1923.72
3f737b74-a819-4d44-8c7d-4212729315da,1038,505,18-04-2024,1819.57
d30a8bf5-4dd3-4856-89a2-3f90034f991d,1033,526,11-06-2024,1641.09
c44ec6a8-7ecb-4d47-9bec-dda6d786a2b3,1019,547,25-11-2024,1966.85
d7060a9f-7c49-4305-b350-1adf3d5006e5,1043,536,16-07-2024,949.39
bead4cd7-b7d5-491f-a3b6-9c68c64a90aa,1060,520,16-12-2024,101.28
78b4b126-e3cf-4d57-8ad0-dfe82868a62b,1099,538,30-08-2023,323.15
2b8c5c9f-7da3-40a8-8a9b-825bc26de909,1002,536,02-04-2024,820.72
0df37f6a-87f1-4392-a34f-6d4519ab75ad,1083,502,29-08-2023,237.28
8c00aba7-5e50-4cb3-ad87-44d74a7ec889,1045,548,03-11-2023,73.41
61668353-9882-4484-b22d-69f30e15fdca,1098,516,10-11-2023,831.82
658f11d8-dcb7-4b19-9dec-aef708746b8b,1071,533,13-12-2024,843.7
6ef1158b-ea67-41e4-8f28-4120bc9c6603,1004,517,20-01-2024,852.99
34a52d26-8d40-4ce1-8ae7-85387ee673a8,1085,506,05-12-2024,164.49
78d7fb95-a743-420e-88bf-5e96db4ece46,1055,547,09-08-2024,617.65
7716f0b4-8a29-43ed-bbd4-61406f103237,1053,541,26-11-2024,301.46
8fd2f887-513a-49cc-b1f3-8394b66d5c35,1047,526,19-04-2024,479.01
f17f9b22-ffb1-48be-aa5f-b3d1d11454c0,1071,515,20-01-2024,499.5
a28b6568-fa87-422f-96cb-55f6f56192f7,1099,521,07-12-2023,1946.19
0fee0b8c-1ff2-4b70-99f9-71fa34abac19,1085,517,08-11-2024,505.82
2aa86fb1-49bf-4a01-afbd-5483b1122025,1027,519,11-04-2023,388.81
9c968639-897d-48d7-b681-2f4bd2d3e670,1023,503,28-05-2023,979.19
f2ede7ef-9787-465c-9204-ce04432250e1,1036,542,05-01-2024,483.15
e1ba127f-4538-44c8-88e2-9e45ed4399c7,1052,508,08-03-2024,1734.07
83214d73-230c-485e-8ff3-71f9160607b4,1037,521,04-12-2024,1275.91
89b67555-4c92-4773-b7f4-06fb516dbbb3,1022,549,24-07-2023,144.43
0c0bb39e-ef9d-4901-8e8a-b990b1ffefc4,1037,538,26-12-2023,1923.21
43ba7bde-7c1a-4e44-bb05-a5ab569119a4,1057,515,18-03-2023,700.6
ac0ff549-ef7b-43e1-8ed1-5a82cd32bc98,1007,521,13-07-2024,1764.82
7745d585-d058-42ff-a1fb-08255e7c1769,1098,512,04-02-2025,258.58
308d2983-af97-4e08-802c-e26e7b75d6a5,1018,545,25-11-2023,1873.84
d7ac83ba-b9dc-4a0d-93b5-80890f5338ef,1084,509,07-01-2025,88.67
68be8b78-bbd0-4f49-96c8-5d5e103db9db,1088,550,09-06-2024,1358.74
24f9ff07-84ac-403a-818c-927a3d7a5afc,1067,549,08-11-2023,1964.52
8cd6c245-aa52-4a3f-b997-549de766d483,1011,521,07-12-2023,1920.95
86f67bf9-d03d-4a3b-8d83-864db29e1559,1055,506,20-03-2023,1877.44
70d193d2-c40a-46d5-bb80-5ba99c6461bf,1083,519,24-12-2023,210.48
efb74d51-a7ef-4ffb-b0d8-816481e30890,1066,517,19-01-2023,1586.59
9ecd1bc4-7b34-4213-8715-6bd8c72d8540,1009,533,20-06-2023,966.33
6d00de8a-2057-4876-a1f0-3edb3b15d966,1041,546,06-06-2024,643.62
54387c9e-f62a-4e76-879b-f0e14f98ba5a,1079,544,28-04-2024,679.66
e39ea921-8e54-4ea3-b21e-9e968d27ca8c,1003,521,06-03-2024,1783.3
61cdcd10-6d82-4473-8675-741c40b55e03,1095,501,18-09-2023,1476.25
09653909-23db-4ed1-9381-0a76d108d4fe,1009,548,17-11-2023,55.32
4daff92d-1ff1-46dd-bd23-75ad0bb0c680,1085,512,21-04-2024,841.65
8a9fe182-94eb-40e2-8559-f52955361f3e,1071,532,03-08-2023,1365.14
691de475-53b1-408e-aee3-a40263e3921b,1072,508,19-01-2025,902.16
a0c6e138-70ca-4290-b05e-d4ea127e0366,1043,544,02-01-2024,259.39
5bdab27a-c6fe-4310-8adb-410cb41c8cfb,1023,544,10-01-2025,1814.65
1a8b6663-a28b-498b-a55d-f49ffe3c619d,1043,535,20-06-2023,389.65
86dd407a-b5f2-40af-a10b-3db065df39df,1067,548,28-05-2024,1144.91
8662561c-f704-4215-8852-74c65bd94cbb,1055,539,24-03-2023,704.36
16311d74-972c-4654-ac14-c3e47e09008e,1094,516,02-01-2024,1472.74
2383d97c-7b44-4714-8ea8-fc236b375a1f,1060,529,07-11-2024,1163.73
ee9f5ecb-9428-406c-9ad8-798eea1f698e,1069,546,11-09-2023,703.24
224d33a7-770e-439b-b9d4-a176b936de5b,1045,539,17-12-2023,284.62
fa555b98-03e9-47d8-8a5c-2f1c910af2e7,1045,512,21-03-2023,1224.67
fbce21db-6d13-4ed1-ba92-f2ffcced1006,1077,507,28-10-2024,74.3
7ecca889-c1a9-4d25-a238-028074b79ef4,1091,541,03-06-2023,613.9
78b82803-735c-4002-88e5-3532506532c2,1005,520,28-02-2023,259.64
b8722d2b-f8ec-4f45-b3c2-e42abfec9205,1003,533,25-02-2025,96
fc1ba730-db99-48d2-9cb1-ef828b31f45b,1053,542,04-07-2024,651.73
3b9140a6-1c4a-41c5-9c0a-5cec091c2c8c,1095,545,11-02-2024,902.47
e1567954-0d6a-4ca2-8d0a-819f964ce81e,1037,504,30-04-2024,1562.86
1553a2bb-c942-49bd-bf2a-71c7ad91a475,1044,502,03-11-2023,805.89
8064ac27-9d84-4c98-b96b-cec5b139015c,1042,520,23-02-2024,174.96
b17ae1d5-9931-45c7-b9b9-28daf3a71425,1069,535,23-04-2023,808.27
6632f71d-6467-4215-9ca6-62665f7c1eaa,1061,544,30-03-2025,489.51
2e0bbe9a-12d0-41f5-b52d-85dea2fc6d37,1069,521,27-09-2023,80.8
9d92b9aa-4af3-4d35-ae58-befb07d2163c,1084,505,11-02-2023,1164.18
99a246b6-3f08-4c1c-bfe2-f28f8fc82a88,1084,507,19-01-2025,1474.01
7b2af127-99f2-4afe-a749-3efe079b3b80,1055,506,04-01-2023,631.11
27dbc872-4c33-4d8b-b3fb-36d0eb78c739,1081,516,13-04-2024,400.81
611196a5-d1f8-4011-9824-5969b6fc6e1e,1082,530,19-03-2024,1108.21
1634153a-5981-43a1-8bb9-c24d66354f75,1069,514,23-10-2023,1399.63
a80f3f31-1603-4c63-9277-2504e65f13d7,1071,539,26-04-2024,1628.76
